candidate_id,tier,space,axis_pc,blind_axis_score
C0001,A,centered,2,-0.05101496497493116
C0002,A,centered,2,0.09858020427514623
C0003,A,centered,2,-0.04793451231927632
C0004,A,centered,2,0.09608850410431247
C0005,A,centered,2,-0.05599362798182301
C0006,A,centered,2,0.04447471749011279
C0007,A,centered,2,-0.0905213680090359
C0008,A,centered,2,0.06199921821525364
C0009,A,centered,2,-0.04883694670029858
C0010,A,centered,2,0.06870747961437748
C0011,A,centered,2,-0.09245176200440852
C0012,A,centered,2,0.10343372918821866
C0013,A,centered,2,-0.06693733545388315
C0014,A,centered,2,0.022824163570235773
C0015,A,centered,2,-0.07894871184379829
C0016,A,centered,2,0.1373033225527975
C0017,A,centered,2,-0.11088972077282899
C0018,A,centered,2,0.09487035340258358
C0019,A,centered,2,-0.06048654613971295
C0020,A,centered,2,0.07085852698318057
C0021,A,centered,2,0.045643631749205396
C0022,A,centered,2,-0.06062283588427526
C0023,A,centered,2,0.04902593877950526
C0024,A,centered,2,-0.11116979711733763
C0025,A,centered,2,-0.01200534889340663
C0026,A,centered,2,-0.02206705389711448
C0027,A,centered,2,-0.060999477049425814
C0028,A,centered,2,0.061862523194505796
C0029,A,centered,2,-0.03429254590331354
C0030,A,centered,2,0.053396437994502444
C0031,A,centered,2,-0.09866797759375998
C0032,A,centered,2,-0.06585035053741507
C0033,A,centered,2,0.030805156044455898
C0034,A,centered,2,-0.012761195263110934
C0035,A,centered,2,0.04834109324185014
C0036,A,centered,2,-0.05499425968528355
C0037,A,centered,2,0.04986157621759667
C0038,A,centered,2,-0.06539229847679089
C0039,A,centered,2,0.06970522476682671
C0040,A,centered,2,-0.09793955778729481
C0041,A,centered,2,0.019258454681630642
C0042,A,centered,2,-0.0704936901375051
C0043,A,centered,2,0.09079215255653056
C0044,A,centered,2,-0.08950532653382393
C0045,A,centered,2,0.00344399389333166
C0046,A,centered,2,0.058460383576175674
C0047,A,centered,2,-0.07659905848557316
C0048,A,centered,2,0.04000969166545965
C0049,A,centered,2,-0.016924792081232737
C0050,A,centered,2,0.06362684755014761
C0051,A,centered,2,-0.01327955910867887
C0052,A,centered,2,0.021813564976034518
C0053,A,centered,2,0.021078961008573618
C0054,A,centered,2,-0.06626660780039054
C0055,A,centered,2,0.11762621553790198
C0056,A,centered,2,-0.08752583290983615
C0057,A,centered,2,0.0368953812603475
C0058,A,centered,2,-0.03329385480830024
C0059,A,centered,2,0.05726137113293396
C0060,A,centered,2,-0.045270321182569184
C0061,A,centered,2,-0.10007228196684478
C0062,A,centered,2,0.07452457110731366
C0063,A,centered,2,-0.04792232827706325
C0064,A,centered,2,0.07277234741692788
C0065,A,centered,2,-0.07477178238663881
C0066,A,centered,2,0.050912263996071495
C0067,A,centered,2,-0.06601152064186938
C0068,A,centered,2,0.05086272205744282
C0069,A,centered,2,-0.06445234834871254
C0070,A,centered,2,0.050726103713537266
C0071,A,centered,2,-0.050642967767246874
C0072,A,centered,2,0.038971784967362796
C0073,A,centered,2,0.01812470435027707
C0074,A,centered,2,0.04824123419292725
C0075,A,centered,2,-0.05078255967859317
C0076,A,centered,2,0.009473620258990081
C0077,A,centered,2,-0.0373889828901097
C0078,A,centered,2,0.04272323120541757
C0079,A,centered,2,-0.04921256903504604
C0080,A,centered,2,0.027493425129402806
C0081,A,centered,2,-0.03561079989951353
C0082,A,centered,2,0.07867554921183065
C0083,A,centered,2,-0.014583836270112
C0084,A,centered,2,-0.010296822105503551
C0085,A,centered,2,-0.10373575578480618
C0086,A,centered,2,-0.03197874055461632
C0087,A,centered,2,-0.05946982453093039
C0088,A,centered,2,0.037086032703275616
C0089,A,centered,2,-0.058998340022648185
C0090,A,centered,2,0.03354755508314215
C0091,A,centered,2,-0.07620342258931286
C0092,A,centered,2,0.03268765212053323
C0093,A,centered,2,-0.0721207703943417
C0094,A,centered,2,0.010360613223484815
C0095,A,centered,2,-0.041537077733861345
C0096,A,centered,2,0.08105829279015941
C0097,A,centered,2,-0.08451766902923726
C0098,A,centered,2,0.04994390038223079
C0099,A,centered,2,-0.07025448087341948
C0100,A,centered,2,0.03303373259158745
C0101,A,centered,2,-0.03900613306284392
C0102,A,centered,2,-0.09032362351065376
C0103,A,centered,2,0.0652268137853778
C0104,A,centered,2,-0.07103109548163389
C0105,A,centered,2,-0.08342287377655719
C0106,A,centered,2,0.08697587840335576
C0107,A,centered,2,-0.04157537369774275
C0108,A,centered,2,-0.053899166807851624
C0109,A,centered,2,0.10384450583408586
C0110,A,centered,2,-0.03446730334102395
C0111,A,centered,2,-0.059062617012560985
C0112,A,centered,2,0.05343956485823194
C0113,A,centered,2,-0.008202835048769426
C0114,A,centered,2,0.07928533903427178
C0115,A,centered,2,-0.04379718063640584
C0116,A,centered,2,0.0609985125820996
C0117,A,centered,2,-0.08513117518255374
C0118,A,centered,2,0.051915126375684385
C0119,A,centered,2,0.0009531412139090441
C0120,A,centered,2,0.05527777054215353
C0121,A,centered,2,-0.03664457030725196
C0122,A,centered,2,0.060035836640173555
C0123,A,centered,2,-0.0798559485070284
C0124,A,centered,2,-0.009331660371370124
C0125,A,centered,2,-0.06058945829868642
C0126,A,centered,2,0.07534591521373553
C0127,A,centered,2,-0.10644784749387745
C0128,A,centered,2,-0.02125372705039621
C0129,A,centered,2,0.04104952008949488
C0130,A,centered,2,0.10064144209420564
C0131,A,centered,2,-0.0722791049208287
C0132,A,centered,2,0.042152741427040306
C0133,A,centered,2,-0.11351624630455628
C0134,A,centered,2,0.01867119478706647
C0135,A,centered,2,-0.08564690682202943
C0136,A,centered,2,0.058778556419453516
C0137,A,centered,2,-0.005285864519151366
C0138,A,centered,2,-0.0777342749571614
C0139,A,centered,2,-0.07055032818218974
C0140,A,centered,2,0.062116973084650695
C0141,A,centered,2,-0.04048002133981962
C0142,A,centered,2,0.10674275373707676
C0143,A,centered,2,-0.023244178449116797
C0144,A,centered,2,0.05439036429203858
C0145,A,centered,2,-0.033826726458527474
C0146,A,centered,2,0.03631288449469108
C0147,A,centered,2,0.025173963343748055
C0148,A,centered,2,0.024993200189941542
C0149,A,centered,2,-0.018731431984354206
C0150,A,centered,2,-0.05202539887409172
C0151,A,centered,2,0.02141877341351229
C0152,A,centered,2,-0.019432591832106497
C0153,A,centered,2,0.00025043083010444915
C0154,A,centered,2,-0.054725001521200196
C0155,A,centered,2,0.0006591864290136684
C0156,A,centered,2,-0.06953658453492667
C0157,A,centered,2,0.05115631570415462
C0158,A,centered,2,-0.0551530098630631
C0159,A,centered,2,0.05552944926611513
C0160,A,centered,2,-0.08670667212715745
C0161,A,centered,2,0.09093779870899224
C0162,A,centered,2,-0.06343466143200992
C0163,A,centered,2,0.08828166832134413
C0164,A,centered,2,-0.08201296417831937
C0165,A,centered,2,0.00862927444687671
C0166,A,centered,2,-0.06312381550445599
C0167,A,centered,2,0.09003515003041725
C0168,A,centered,2,-0.06835253325772629
C0169,A,centered,2,0.07909698307609236
C0170,A,centered,2,-0.03711190713610244
C0171,A,centered,2,0.07114535715742042
C0172,A,centered,2,-0.05842151073192213
C0173,A,centered,2,0.04367682626129077
C0174,A,centered,2,-0.10810981870745934
C0175,A,centered,2,0.002876129738720718
C0176,A,centered,2,-0.05178133056666585
C0177,A,centered,2,0.07048563457447549
C0178,A,centered,2,0.0720600523551171
C0179,A,centered,2,-0.056733108668796044
C0180,A,centered,2,0.09990729710179423
C0181,A,centered,2,-0.04010021172014082
C0182,A,centered,2,0.02063769870066509
C0183,A,centered,2,-0.04348106853615872
C0184,A,centered,2,-0.09795431421015431
C0185,A,centered,2,0.05186609167796003
C0186,A,centered,2,-0.07436711688555155
C0187,A,centered,2,0.07417137719216679
C0188,A,centered,2,-0.09060450552375311
C0189,A,centered,2,0.053039876841680766
C0190,A,centered,2,-0.05844855031219395
C0191,A,centered,2,0.0840291652097632
C0192,A,centered,2,-0.07995524826784556
C0193,A,centered,2,0.05014092016266693
C0194,A,centered,2,0.0015662353908570661
C0195,A,centered,2,0.07960828448184241
C0196,A,centered,2,-0.09773948361412985
C0197,A,centered,2,0.08296743087355492
C0198,A,centered,2,-0.02389597520004523
C0199,A,centered,2,0.028201459495951202
C0200,A,centered,2,-0.034929333150873924
C0201,A,centered,2,0.05276920161055419
C0202,A,centered,2,-0.03248896280972289
C0203,A,centered,2,0.11933519761882408
C0204,A,centered,2,-0.056465764346050024
C0205,A,centered,2,0.07138690711784358
C0206,A,centered,2,0.04717966061918492
C0207,A,centered,2,-0.016849448937970912
C0208,A,centered,2,0.0628469995677087
C0209,A,centered,2,-0.07978295063089896
C0210,A,centered,2,0.07118159389787175
C0211,A,centered,2,-0.034604162372005996
C0212,A,centered,2,0.08846116900676831
C0213,A,centered,2,-0.05391594469945221
C0214,A,centered,2,0.057078003934958585
C0215,A,centered,2,-0.07514380052416059
C0216,A,centered,2,0.059839238829679425
C0217,A,centered,2,-0.02566153130066768
C0218,A,centered,2,0.02221867607586003
C0219,A,centered,2,-0.029018616796657633
C0220,A,centered,2,0.09311752780919756
C0221,A,centered,2,-0.03933057823658532
C0222,A,centered,2,0.021433718466671053
C0223,A,centered,2,-0.058273037000361586
C0224,A,centered,2,0.1255455863851583
C0225,A,centered,2,-0.07820335137276267
C0226,A,centered,2,0.09446413620855104
C0227,A,centered,2,-0.05880676761909821
C0228,A,centered,2,0.028591701351383517
C0229,A,centered,2,-0.012401916155491563
C0230,A,centered,2,0.09538781879747227
C0231,A,centered,2,-0.027391966961337944
C0232,A,centered,2,0.05327432124231082
C0233,A,centered,2,-0.0752133860416233
C0234,A,centered,2,0.017316569535458223
C0235,A,centered,2,-0.10554278933315062
C0236,A,centered,2,0.08447313873767101
C0237,A,centered,2,-0.06659538100486938
C0238,A,centered,2,0.08777641800355425
C0239,A,centered,2,-0.06275613083397041
C0240,A,centered,2,0.09968225179618637
C0241,A,centered,2,0.11898546722854517
C0242,A,centered,2,-0.031395746544544696
C0243,A,centered,2,0.057765914027944364
C0244,A,centered,2,-0.03760936290324143
C0245,A,centered,2,0.03814346902616824
C0246,A,centered,2,-0.020830175992736955
C0247,A,centered,2,0.09082316341753538
C0248,A,centered,2,-0.03515944824334446
C0249,A,centered,2,0.02516819648238022
C0250,A,centered,2,-0.1096848150676315
C0251,A,centered,2,0.05591456821643537
C0252,A,centered,2,-0.04418575689720121
C0253,A,centered,2,0.11895133636926594
C0254,A,centered,2,-0.010931289119788423
C0255,A,centered,2,0.09515923549444871
C0256,A,centered,2,-0.0907184613867211
C0257,A,centered,2,0.09949490272845846
C0258,A,centered,2,0.09795748550506418
C0259,A,centered,2,-0.044914437931375874
C0260,A,centered,2,0.08917973392485903
C0261,A,centered,2,-0.06865174926204168
C0262,A,centered,2,0.08813789036031547
C0263,A,centered,2,-0.0488020148792883
C0264,A,centered,2,0.06466713674485233
C0265,A,centered,2,-0.09528950692859615
C0266,A,centered,2,0.0572544828374599
C0267,A,centered,2,-0.06698466000487996
C0268,A,centered,2,0.07055158958310535
C0269,A,centered,2,0.014797486214738408
C0270,A,centered,2,-0.09253012987325725
C0271,A,centered,2,0.07638250939992909
C0272,A,centered,2,-0.06347877692008787
C0273,A,centered,2,0.06332979208891586
C0274,A,centered,2,-0.05334101109598206
C0275,A,centered,2,0.05163087082014928
C0276,A,centered,2,-0.08119102042168584
C0277,A,centered,2,0.017325913379207473
C0278,A,centered,2,0.043958786089369095
C0279,A,centered,2,-0.04333810045888157
C0280,A,centered,2,0.070431015138988
C0281,A,centered,2,-0.08704588027205087
C0282,A,centered,2,0.10513809894006172
C0283,A,centered,2,-0.07405451886259003
C0284,A,centered,2,0.07066746063757513
C0285,A,centered,2,-0.07332077934801941
C0286,A,centered,2,0.04562522240494059
C0287,A,centered,2,-0.06929069546763633
C0288,A,centered,2,0.01638468477656694
C0289,A,centered,2,0.09657127494161856
C0290,A,centered,2,-0.0963521644972833
C0291,A,centered,2,-0.03064117715055904
C0292,A,centered,2,-0.05023520606057073
C0293,A,centered,2,0.03971184542048498
C0294,A,centered,2,-0.08535165923970066
C0295,A,centered,2,0.0251369352846757
C0296,A,centered,2,-0.04592449020091731
C0297,A,centered,2,0.09495219812302715
C0298,A,centered,2,-0.037765877565176964
C0299,A,centered,2,0.017632582884896667
C0300,A,centered,2,-0.07171175714184111
C0301,A,centered,2,0.06234161332474261
C0302,A,centered,2,-0.06666619267913039
C0303,A,centered,2,0.0623973121150842
C0304,A,centered,2,-0.03176265310055127
C0305,A,centered,2,0.08123323307021359
C0306,A,centered,2,-0.06386291177514929
C0307,A,centered,2,0.08364212085638532
C0308,A,centered,2,-0.06649980876033937
C0309,A,centered,2,0.08938865489110422
C0310,A,centered,2,-0.0966326053088029
C0311,A,centered,2,0.04584664226624715
C0312,A,centered,2,-0.1152066325529906
C0313,A,centered,2,-0.02802403261791177
C0314,A,centered,2,0.04647137666497803
C0315,A,centered,2,-0.017335529456832772
C0316,A,centered,2,0.06491241139255148
C0317,A,centered,2,-0.04409009903536011
C0318,A,centered,2,1.3313269230911446e-05
C0319,A,centered,2,-0.09702510653214946
C0320,A,centered,2,0.028221169318276892
C0321,A,centered,2,-0.11004769955241586
C0322,A,centered,2,0.07058980232599607
C0323,A,centered,2,-0.06924063723546649
C0324,A,centered,2,0.0787819811649047
C0325,A,centered,2,-0.11613788708465456
C0326,A,centered,2,0.007673013558939702
C0327,A,centered,2,0.06305433135976857
C0328,A,centered,2,-0.08325759646886322
C0329,A,centered,2,0.08573314397483778
C0330,A,centered,2,-0.04345620508472227
C0331,A,centered,2,0.0549328229303538
C0332,A,centered,2,0.05738207392799062
C0333,A,centered,2,-0.07213731665999949
C0334,A,centered,2,0.018144517148583682
C0335,A,centered,2,-0.06440447947286682
C0336,A,centered,2,0.01347212518874864
C0337,A,centered,2,-0.032207285023283155
C0338,A,centered,2,0.0836935479464196
C0339,A,centered,2,-0.03850233650882124
C0340,A,centered,2,0.0522999080799859
C0341,A,centered,2,-0.015665596450746715
C0342,A,centered,2,0.07386969864380201
C0343,A,centered,2,-0.06077172204428752
C0344,A,centered,2,0.06996105789305682
C0345,A,centered,2,-0.056104513137478815
C0346,A,centered,2,0.021832448677786758
C0347,A,centered,2,0.01622139930445077
C0348,A,centered,2,0.014807393767705264
C0349,A,centered,2,-0.09494547155869539
C0350,A,centered,2,0.06150949654782545
C0351,A,centered,2,-0.05096987999853967
C0352,A,centered,2,0.04678929710478055
C0353,A,centered,2,0.008537251040269657
C0354,A,centered,2,-0.06094304612606517
C0355,A,centered,2,-0.09657060689465319
C0356,A,centered,2,0.07014626474974776
C0357,A,centered,2,-0.029557093379311932
C0358,A,centered,2,0.003179490598713586
C0359,A,centered,2,-0.03793433097487765
C0360,A,centered,2,0.14616518355246338
C0361,A,centered,2,-0.04815588299431007
C0362,A,centered,2,0.037621312859598306
C0363,A,centered,2,-0.04361191009355699
C0364,A,centered,2,0.012792513143617111
C0365,A,centered,2,0.00589439560941416
C0366,A,centered,2,0.08838390145161881
C0367,A,centered,2,-0.014340345216376274
C0368,A,centered,2,0.03789876433557619
C0369,A,centered,2,-0.027239050325706997
C0370,A,centered,2,0.046969055588195203
C0371,A,centered,2,0.03036070794476479
C0372,A,centered,2,-0.05006035077950043
C0373,A,centered,2,-0.021467189210260727
C0374,A,centered,2,-0.05158380054821672
C0375,A,centered,2,0.11337757744538035
C0376,A,centered,2,-0.07296993814376426
C0377,A,centered,2,0.05277550181877901
C0378,A,centered,2,0.043019139835930774
C0379,A,centered,2,-0.06387936581812409
C0380,A,centered,2,0.08156807113636078
C0381,A,centered,2,-0.06949327511752795
C0382,A,centered,2,0.0743974102657772
C0383,A,centered,2,-0.04986111314257748
C0384,A,centered,2,0.04637932659412677
C0385,A,centered,2,-0.06513577033080184
C0386,A,centered,2,0.036981424543832485
C0387,A,centered,2,0.04087658221157198
C0388,A,centered,2,0.03397232057666331
C0389,A,centered,2,-0.09297848683801996
C0390,A,centered,2,0.04986686521028047
C0391,A,centered,2,-0.04784615961820118
C0392,A,centered,2,0.0289546883921536
C0393,A,centered,2,0.006253783150762514
C0394,A,centered,2,0.09948401077934539
C0395,A,centered,2,0.021769001366108123
C0396,A,centered,2,0.08262736760655146
C0397,A,centered,2,-0.03623415950227749
C0398,A,centered,2,0.08561519825869034
C0399,A,centered,2,-0.0630316786063569
C0400,A,centered,2,0.0953308044651607
C0401,A,centered,2,0.015558601968263287
C0402,A,centered,2,-0.027058091600290792
C0403,A,centered,2,0.07938991024701085
C0404,A,centered,2,0.030208555342958063
C0405,A,centered,2,0.06145165978029381
C0406,A,centered,2,-0.08903929016005017
C0407,A,centered,2,0.07341798817923736
C0408,A,centered,2,-0.00671718043136601
C0409,A,centered,2,0.07010360641212839
C0410,A,centered,2,-0.031094938380604707
C0411,A,centered,2,0.03237751953746811
C0412,A,centered,2,-0.004596081805525304
C0413,A,centered,2,0.050021864453368745
C0414,A,centered,2,-0.0378448058470028
C0415,A,centered,2,0.08445130609384215
C0416,A,centered,2,-0.03546382809918291
C0417,A,centered,2,0.0881925664709501
C0418,A,centered,2,-0.035884060791773933
C0419,A,centered,2,0.0455926185489808
C0420,A,centered,2,-0.026361546469083542
C0421,A,centered,2,0.026556807942168522
C0422,A,centered,2,-0.05926144801731711
C0423,A,centered,2,0.02429002740878515
C0424,A,centered,2,-0.008696849754276502
C0425,A,centered,2,0.08982223427257165
C0426,A,centered,2,-0.07924848398542264
C0427,A,centered,2,0.031685251510397285
C0428,A,centered,2,-0.09287975315329937
C0429,A,centered,2,0.08612151773634762
C0430,A,centered,2,0.05997521608781693
C0431,A,centered,2,-0.06601927293868676
C0432,A,centered,2,0.06205514796303633
C0433,A,centered,2,-0.05186775950107924
C0434,A,centered,2,0.09714352487449
C0435,A,centered,2,-0.06162961962203834
C0436,A,centered,2,0.08272771957317862
C0437,A,centered,2,-0.03484080729683322
C0438,A,centered,2,0.06260697591755517
C0439,A,centered,2,-0.05197950342409553
C0440,A,centered,2,0.063328952622103
C0441,A,centered,2,-0.06756865847560166
C0442,A,centered,2,0.038854818689540424
C0443,A,centered,2,-0.03785897109964589
C0444,A,centered,2,0.04401956046959499
C0445,A,centered,2,0.011631272177349685
C0446,A,centered,2,-0.044519514329578014
C0447,A,centered,2,0.037222623132573275
C0448,A,centered,2,5.359759912529585e-06
C0449,A,centered,2,0.09335651265757967
C0450,A,centered,2,-0.055948391474305484
C0451,A,centered,2,0.09017536110302922
C0452,A,centered,2,-0.06679799074531909
C0453,A,centered,2,0.10547564637549696
C0454,A,centered,2,-0.03890137941619697
C0455,A,centered,2,0.09082074086645855
C0456,A,centered,2,-0.002034264683184167
C0457,A,centered,2,0.013827269632320616
C0458,A,centered,2,-0.06409156608443226
C0459,A,centered,2,0.05221952045917559
C0460,A,centered,2,-0.04520738896632137
C0461,A,centered,2,-0.09234010950709273
C0462,A,centered,2,0.10156723576256194
C0463,A,centered,2,-0.06085498700122845
C0464,A,centered,2,0.06615047805337658
C0465,A,centered,2,-0.047525493886985126
C0466,A,centered,2,0.06722788798272887
C0467,A,centered,2,-0.042945197413665065
C0468,A,centered,2,0.04561641349934731
C0469,A,centered,2,-0.0241062410664317
C0470,A,centered,2,0.07884465523019102
C0471,A,centered,2,-0.09405453707462155
C0472,A,centered,2,0.07753701648543601
C0473,A,centered,2,-0.05121891568074223
C0474,A,centered,2,0.010966909934758119
C0475,A,centered,2,-0.05696121584712818
C0476,A,centered,2,-0.004720573970300124
C0477,A,centered,2,-0.09022093011098987
C0478,A,centered,2,0.04675945334161392
C0479,A,centered,2,-0.07922294357925264
C0480,A,centered,2,0.07432163671666774
C0481,A,centered,2,-0.06518808957925068
C0482,A,centered,2,0.03769199441155162
C0483,A,centered,2,-0.017398719326915685
C0484,A,centered,2,0.07039533627033531
C0485,A,centered,2,-0.06199296592830425
C0486,A,centered,2,0.023804628506617184
C0487,A,centered,2,-0.042085480941546065
C0488,A,centered,2,0.06739713857960923
C0489,A,centered,2,-0.06605278524402183
C0490,A,centered,2,0.060550618694115134
C0491,A,centered,2,-0.08056900558830825
C0492,A,centered,2,0.07910509827400147
C0493,A,centered,2,-0.09150446292214749
C0494,A,centered,2,0.043952387878332784
C0495,A,centered,2,-0.07532669540392244
C0496,A,centered,2,0.06597896776186507
C0497,A,centered,2,0.03435814501708033
C0498,A,centered,2,-0.05800016225709226
C0499,A,centered,2,-0.044162726466075684
C0500,A,centered,2,0.010322750892122605
C0501,A,centered,2,-0.12567982052030516
C0502,A,centered,2,0.05686213836872716
C0503,A,centered,2,0.060115945440526515
C0504,A,centered,2,-0.04243652626888397
C0505,A,centered,2,0.0578765267803763
C0506,A,centered,2,-0.07968652312753087
C0507,A,centered,2,-0.04342840746091245
C0508,A,centered,2,0.08638460667399328
C0509,A,centered,2,-0.09096527773395158
C0510,A,centered,2,0.03899197591365842
C0511,A,centered,2,-0.051914500799927266
C0512,A,centered,2,0.04014192763516787
C0513,A,centered,2,-0.03215271301513365
C0514,A,centered,2,0.018109480197612656
C0515,A,centered,2,-0.11007227730894899
C0516,A,centered,2,0.05687854442514069
C0517,A,centered,2,-0.039951611324326626
C0518,A,centered,2,0.02891716321824181
C0519,A,centered,2,-0.03445143226113368
C0520,A,centered,2,0.05724925640445226
C0521,A,centered,2,-0.08850169687206773
C0522,A,centered,2,0.05655064211935318
C0523,A,centered,2,-0.05469097405515018
C0524,A,centered,2,0.004878184901510531
C0525,A,centered,2,-0.06512145698316987
C0526,A,centered,2,0.051611113374958904
C0527,A,centered,2,-0.08219107737719102
C0528,A,centered,2,0.06369632365305113
C0529,A,centered,2,-0.05751939704540867
C0530,A,centered,2,0.022192423953516022
C0531,A,centered,2,-0.05767331481685582
C0532,A,centered,2,0.0869879438142349
C0533,A,centered,2,-0.08819775180055443
C0534,A,centered,2,0.07831190064410484
C0535,A,centered,2,-0.0532418778597316
C0536,A,centered,2,0.03430769599724236
C0537,A,centered,2,-0.09560346289882173
C0538,A,centered,2,0.005748844629434966
C0539,A,centered,2,-0.0876721998001279
C0540,A,centered,2,0.11827921202347409
C0541,A,centered,2,-0.090750881665119
C0542,A,centered,2,0.05842566109463462
C0543,A,centered,2,-0.023680986477567022
C0544,A,centered,2,0.045918688624125695
C0545,A,centered,2,-0.0722285718788621
C0546,A,centered,2,-0.023193761400871288
C0547,A,centered,2,-0.09079825448714834
C0548,A,centered,2,0.05444006412518428
C0549,A,centered,2,-0.04426312187583144
C0550,A,centered,2,-0.014510574490984173
C0551,A,centered,2,-0.0346227761843497
C0552,A,centered,2,0.15069103136159892
C0553,A,centered,2,0.07437869472475367
C0554,A,centered,2,-0.08604084681787806
C0555,A,centered,2,0.02636122508674694
C0556,A,centered,2,-0.048338473744077785
C0557,A,centered,2,0.0010661565111642279
C0558,A,centered,2,-0.07195761781953199
C0559,A,centered,2,0.043755586261630675
C0560,A,centered,2,-0.07409343173161033
C0561,A,centered,2,0.03957209312040736
C0562,A,centered,2,0.03273846087782507
C0563,A,centered,2,-0.050121267003003366
C0564,A,centered,2,0.055092475726204106
C0565,A,centered,2,-0.047209391712338004
C0566,A,centered,2,0.0023618969926664053
C0567,A,centered,2,-0.07302342660534193
C0568,A,centered,2,0.05274181641999243
C0569,A,centered,2,-0.035062581272856254
C0570,A,centered,2,0.08916811975254331
C0571,A,centered,2,-0.06777809847439849
C0572,A,centered,2,0.019652395076298387
C0573,A,centered,2,-0.05743446669633403
C0574,A,centered,2,0.0442657438493176
C0575,A,centered,2,-0.06461915116249349
C0576,A,centered,2,0.08160757802405018
C0577,A,centered,2,-0.08357628231668313
C0578,A,centered,2,0.027295678191594907
C0579,A,centered,2,-0.05719850879319816
C0580,A,centered,2,-0.03367177244309471
C0581,A,centered,2,-0.10130094676963654
C0582,A,centered,2,0.06035748416182316
C0583,A,centered,2,-0.07518436619688608
C0584,A,centered,2,0.0510396475988567
C0585,A,centered,2,0.003935844876904531
C0586,A,centered,2,0.05245540649791244
C0587,A,centered,2,-0.052822594870597685
C0588,A,centered,2,0.061648778828407906
C0589,A,centered,2,-0.04182523792469561
C0590,A,centered,2,-0.01296279096463238
C0591,A,centered,2,-0.01591032831888133
C0592,A,centered,2,0.042352485040439654
C0593,A,centered,2,0.10017040967393476
C0594,A,centered,2,-0.0011220307706293156
C0595,A,centered,2,0.006092258697981203
C0596,A,centered,2,-0.0730996350731427
C0597,A,centered,2,0.014869322335000138
C0598,A,centered,2,-0.04925933150090532
C0599,A,centered,2,0.07402453576796585
C0600,A,centered,2,-0.060859799994192276
C0601,A,centered,2,0.07840272842836482
C0602,A,centered,2,-0.09692084732140632
C0603,A,centered,2,0.05652940468239402
C0604,A,centered,2,-0.00606834371338935
C0605,A,centered,2,0.04910662483135947
C0606,A,centered,2,-0.0938096973827872
C0607,A,centered,2,-0.03925327085536619
C0608,A,centered,2,0.05707681742892033
C0609,A,centered,2,0.03515885772486178
C0610,A,centered,2,-0.036828146002599774
C0611,A,centered,2,0.04229433673177719
C0612,A,centered,2,-0.05753570158720105
C0613,A,centered,2,0.05742358366843074
C0614,A,centered,2,-0.08205445395132571
C0615,A,centered,2,0.10224582925157209
C0616,A,centered,2,-0.07942413622276144
C0617,A,centered,2,0.0587337813051172
C0618,A,centered,2,-0.055349408472125
C0619,A,centered,2,0.11406182902834379
C0620,A,centered,2,0.018957099521226817
C0621,A,centered,2,0.0353227560101368
C0622,A,centered,2,0.11537309233488031
C0623,A,centered,2,-0.03919018723510336
C0624,A,centered,2,0.11997477956335004
C0625,A,centered,2,-0.07272308859452051
C0626,A,centered,2,0.03638262925297124
C0627,A,centered,2,0.018421032339886335
C0628,A,centered,2,-0.030299171172281772
C0629,A,centered,2,0.05398784198927372
C0630,A,centered,2,-0.06520268927791102
C0631,A,centered,2,0.0870822195553249
C0632,A,centered,2,-0.04964288796174183
C0633,A,centered,2,0.01783627196523283
C0634,A,centered,2,-0.09519961551560462
C0635,A,centered,2,0.10049220856198676
C0636,A,centered,2,-0.054763901099696824
C0637,A,centered,2,0.020327845440681756
C0638,A,centered,2,0.0289584025285967
C0639,A,centered,2,-0.030825315036283916
C0640,A,centered,2,-0.00020888700787098665
C0641,A,centered,2,0.04498584844090976
C0642,A,centered,2,-0.06731223012801228
C0643,A,centered,2,-0.01594672024238162
C0644,A,centered,2,-0.12409387236053908
C0645,A,centered,2,0.0933909032982104
C0646,A,centered,2,-0.030054500699835545
C0647,A,centered,2,0.1168871405167514
C0648,A,centered,2,-0.05485336570300072
C0649,A,centered,2,0.06103114851149663
C0650,A,centered,2,-0.07635346376036097
C0651,A,centered,2,0.04467950453291546
C0652,A,centered,2,-0.06094298817827313
C0653,A,centered,2,0.034716973932677114
C0654,A,centered,2,-0.04824333933601569
C0655,A,centered,2,0.09201644202345859
C0656,A,centered,2,-0.0835734187907992
C0657,A,centered,2,0.05341300658058332
C0658,A,centered,2,-0.06682981706939169
C0659,A,centered,2,-0.08607410349667628
C0660,A,centered,2,0.040191516242391284
C0661,A,centered,2,0.0766449399143183
C0662,A,centered,2,-0.06327585764285053
C0663,A,centered,2,0.03447369254042424
C0664,A,centered,2,0.06835290498950451
C0665,A,centered,2,-0.09859307047742435
C0666,A,centered,2,-0.0016000489371861934
C0667,A,centered,2,-0.07583112663023578
C0668,A,centered,2,0.007471448189477798
C0669,A,centered,2,-0.06486228378051286
C0670,A,centered,2,-0.055316020548009874
C0671,A,centered,2,0.08354936011084545
C0672,A,centered,2,-0.05795497710372582
C0673,A,centered,2,0.04383690185710216
C0674,A,centered,2,0.03375823565628855
C0675,A,centered,2,-0.033819413089496625
C0676,A,centered,2,0.01983803388390119
C0677,A,centered,2,-0.05545750591388012
C0678,A,centered,2,0.0031354400952434795
C0679,A,centered,2,-0.05934015059424461
C0680,A,centered,2,0.050793323663889105
C0681,A,centered,2,-0.03275390007310653
C0682,A,centered,2,0.06993503394161515
C0683,A,centered,2,-0.05913823772098717
C0684,A,centered,2,0.02909184242557548
C0685,A,centered,2,0.02206529445951782
C0686,A,centered,2,-0.02647596581872313
C0687,A,centered,2,0.09532736595833562
C0688,A,centered,2,-0.050604833489270466
C0689,A,centered,2,0.02177436790060426
C0690,A,centered,2,-0.04970857085860411
C0691,A,centered,2,0.08660021920425034
C0692,A,centered,2,0.028121893903931862
C0693,A,centered,2,0.017159087925622932
C0694,A,centered,2,-0.09714597677131602
C0695,A,centered,2,0.044503249622797884
C0696,A,centered,2,-0.07481764762306671
C0697,A,centered,2,0.016157338898639403
C0698,A,centered,2,-0.05915676852438258
C0699,A,centered,2,0.056542501785871994
C0700,A,centered,2,-0.06842819458692832
C0701,A,centered,2,0.11677077733844453
C0702,A,centered,2,0.02922147000401818
C0703,A,centered,2,0.03786252552381458
C0704,A,centered,2,-0.04211681754174938
C0705,A,centered,2,0.007856174809191058
C0706,A,centered,2,-0.05302921907444156
C0707,A,centered,2,0.07809005118579937
C0708,A,centered,2,-0.0651053386451207
C0709,A,centered,2,0.08367394949329272
C0710,A,centered,2,-0.035781365607234855
C0711,A,centered,2,0.07432555577993874
C0712,A,centered,2,-0.03601072519182067
C0713,A,centered,2,0.05393589292502856
C0714,A,centered,2,-0.06865971177171266
C0715,A,centered,2,0.09547081444641856
C0716,A,centered,2,-0.0236532508478666
C0717,A,centered,2,0.06934825214167706
C0718,A,centered,2,-0.01907750731833142
C0719,A,centered,2,-0.04768422699350088
C0720,A,centered,2,0.02822425725318845
C0721,A,centered,2,-0.0938409218965187
C0722,A,centered,2,0.06031597161996493
C0723,A,centered,2,-0.03825476496733832
C0724,A,centered,2,0.07484655127427406
C0725,A,centered,2,-0.07853055115600069
C0726,A,centered,2,0.079539311294565
C0727,A,centered,2,0.050640931096438406
C0728,A,centered,2,-0.008426039857273757
C0729,A,centered,2,0.1143693529455814
C0730,A,centered,2,0.019014268629781936
C0731,A,centered,2,0.09953041901450282
C0732,A,centered,2,-0.09060289705404846
C0733,A,centered,2,-0.040181490771694396
C0734,A,centered,2,0.057611336423521196
C0735,A,centered,2,-0.06228423742034462
C0736,A,centered,2,0.08707368711838517
C0737,A,centered,2,-0.039293515114988575
C0738,A,centered,2,0.10427928291202045
C0739,A,centered,2,0.058856144396235516
C0740,A,centered,2,-0.0789167913250401
C0741,A,centered,2,0.08714624036647028
C0742,A,centered,2,-0.0970498465572751
C0743,A,centered,2,0.0711303647776754
C0744,A,centered,2,0.03646872655103158
C0745,A,centered,2,-0.037409678629382964
C0746,A,centered,2,0.028270740943954747
C0747,A,centered,2,-0.0758760752693105
C0748,A,centered,2,0.08121011193460986
C0749,A,centered,2,-0.0790682759064625
C0750,A,centered,2,0.031050582188811945
C0751,A,centered,2,-0.11502249745857904
C0752,A,centered,2,0.05757201956965877
C0753,A,centered,2,-0.059225645374971075
C0754,A,centered,2,0.08820151338879244
C0755,A,centered,2,-0.08247802140877009
C0756,A,centered,2,0.04296616519769179
C0757,A,centered,2,-0.05863846966434686
C0758,A,centered,2,0.12049986400737006
C0759,A,centered,2,0.1254112987951004
C0760,A,centered,2,-0.05143123714470287
C0761,A,centered,2,0.05866268009738263
C0762,A,centered,2,-0.07064177762228092
C0763,A,centered,2,0.03204291290704042
C0764,A,centered,2,0.00012796442331720298
C0765,A,centered,2,0.07727247259302789
C0766,A,centered,2,-0.06585425269534652
C0767,A,centered,2,0.08411260935163664
C0768,A,centered,2,-0.0819478718206063
C0769,A,centered,2,0.06103914131070478
C0770,A,centered,2,-0.0062814429339084175
C0771,A,centered,2,0.06881962320589062
C0772,A,centered,2,-0.05749513579796709
C0773,A,centered,2,0.030143959692839575
C0774,A,centered,2,0.05217049585603583
C0775,A,centered,2,-0.04253238198174631
C0776,A,centered,2,0.07025497581865556
C0777,A,centered,2,-0.0668023136892389
C0778,A,centered,2,-0.0022642174469757067
C0779,A,centered,2,0.028124672383708967
C0780,A,centered,2,0.07778861287041686
C0781,A,centered,2,-0.07384394358967399
C0782,A,centered,2,0.06563593030675631
C0783,A,centered,2,-0.0795410969539865
C0784,A,centered,2,0.06604720194668996
C0785,A,centered,2,-0.09806851884345157
C0786,A,centered,2,0.026109693638084172
C0787,A,centered,2,-0.06533109407596908
C0788,A,centered,2,0.05587669363595608
C0789,A,centered,2,-0.04352706210531328
C0790,A,centered,2,0.07651208772932688
C0791,A,centered,2,-0.08235952723898463
C0792,A,centered,2,0.021181977568333787
C0793,A,centered,2,-0.04245572602442956
C0794,A,centered,2,0.041549746311968054
C0795,A,centered,2,-0.09777505284227127
C0796,A,centered,2,0.012545526188895886
C0797,A,centered,2,-0.07571987036651509
C0798,A,centered,2,0.016665633238255585
C0799,A,centered,2,-0.06639282122682282
C0800,A,centered,2,0.07016393023644482
C0801,A,centered,2,-0.02292136766376453
C0802,A,centered,2,-0.0041249899579604375
C0803,A,centered,2,-0.06399240806309464
C0804,A,centered,2,0.06783103724538185
C0805,A,centered,2,0.005635612748860343
C0806,A,centered,2,-0.07190775448308406
C0807,A,centered,2,0.10726343022548471
C0808,A,centered,2,-0.07578351932758227
C0809,A,centered,2,0.0820271812153748
C0810,A,centered,2,-0.014442652792423667
C0811,A,centered,2,-0.04736070312982444
C0812,A,centered,2,-0.08308385245477229
C0813,A,centered,2,-0.010102798162348119
C0814,A,centered,2,-0.012014258139810323
C0815,A,centered,2,-0.0620616537242212
C0816,A,centered,2,-0.00041459560539038086
C0817,A,centered,2,-0.08085173972190317
C0818,A,centered,2,-0.06746633229901365
C0819,A,centered,2,0.02178375489339389
C0820,A,centered,2,-0.08365424867760533
C0821,A,centered,2,0.10089808315257243
C0822,A,centered,2,-0.07001502111016941
C0823,A,centered,2,0.08068228293000128
C0824,A,centered,2,-0.037246147691696437
C0825,A,centered,2,0.10508761543582087
C0826,A,centered,2,-0.04121255042244998
C0827,A,centered,2,0.09476785892515964
C0828,A,centered,2,-0.013030105486527875
C0829,A,centered,2,0.10678894713106223
C0830,A,centered,2,-0.026232204833032714
C0831,A,centered,2,-0.10806970785292319
C0832,A,centered,2,-0.0018545161492130808
C0833,A,centered,2,-0.11283392213644129
C0834,A,centered,2,0.032383723044434605
C0835,A,centered,2,-0.027333513579910807
C0836,A,centered,2,0.0767819979499189
C0837,A,centered,2,0.04289772183590119
C0838,A,centered,2,-0.11453335072644207
C0839,A,centered,2,0.07672573707601005
C0840,A,centered,2,-0.132066037676726
C0841,A,centered,2,0.04036243053445539
C0842,A,centered,2,-0.025418298963606735
C0843,A,centered,2,0.013953114894487105
C0844,A,centered,2,-0.038236728850388084
C0845,A,centered,2,0.07599332320638331
C0846,A,centered,2,0.0382224773635432
C0847,A,centered,2,-0.08768359498525377
C0848,A,centered,2,0.0722761421260982
C0849,A,centered,2,-0.061480578479003366
C0850,A,centered,2,0.075322152220108
C0851,A,centered,2,-0.11422256507924242
C0852,A,centered,2,0.041839900805617135
C0853,A,centered,2,-0.014478683518952696
C0854,A,centered,2,0.0561763162201784
C0855,A,centered,2,-0.05620928660278102
C0856,A,centered,2,0.06518261843190877
C0857,A,centered,2,-0.10004446612129714
C0858,A,centered,2,0.019215015225207466
C0859,A,centered,2,-0.043981275163239124
C0860,A,centered,2,0.029910657903661486
C0861,A,centered,2,-0.08039601786308306
C0862,A,centered,2,-0.006305524579996075
C0863,A,centered,2,-0.0777512748357952
C0864,A,centered,2,0.0030143685498008
C0865,A,centered,2,-0.035110577824430625
C0866,A,centered,2,0.06290025238551643
C0867,A,centered,2,-0.09391842684893519
C0868,A,centered,2,0.07078950399597018
C0869,A,centered,2,-0.06768565402928163
C0870,A,centered,2,0.0916375655002386
C0871,A,centered,2,-0.06526602497711854
C0872,A,centered,2,0.039997541040596045
C0873,A,centered,2,-0.04508500478279852
C0874,A,centered,2,0.08695122247291386
C0875,A,centered,2,0.04501591196886153
C0876,A,centered,2,-0.07013528037402514
C0877,A,centered,2,0.049815336753152584
C0878,A,centered,2,-0.07925938841394163
C0879,A,centered,2,0.08460245343510416
C0880,A,centered,2,-0.0908846195422802
C0881,A,centered,2,0.05109653522596324
C0882,A,centered,2,-0.07698375944468307
C0883,A,centered,2,0.02702937145851621
C0884,A,centered,2,-0.05948117096772742
C0885,A,centered,2,-0.003900663186957299
C0886,A,centered,2,-0.0758642665296966
C0887,A,centered,2,0.037024252642197365
C0888,A,centered,2,0.051352862061806205
C0889,A,centered,2,-0.04923897993630608
C0890,A,centered,2,0.029169586605741368
C0891,A,centered,2,-0.06634529364021724
C0892,A,centered,2,0.09514248692176362
C0893,A,centered,2,-0.03438187836997405
C0894,A,centered,2,0.026338589270387847
C0895,A,centered,2,-0.03900958444463931
C0896,A,centered,2,0.046693754879385374
C0897,A,centered,2,-0.03325802340677517
C0898,A,centered,2,0.027742906718440576
C0899,A,centered,2,-0.06405986010744937
C0900,A,centered,2,0.012749183429925112
C0901,A,centered,2,-0.04591743228686162
C0902,A,centered,2,0.066743150982903
C0903,A,centered,2,0.005894863197726067
C0904,A,centered,2,0.08367685928214212
C0905,A,centered,2,-0.07674392159513124
C0906,A,centered,2,0.044897699410456994
C0907,A,centered,2,-0.03055917298278121
C0908,A,centered,2,0.03689492608937332
C0909,A,centered,2,-0.07239222915971695
C0910,A,centered,2,0.0703927881171941
C0001,B,centered,2,-0.01277751620967304
C0002,B,centered,2,0.05173590445274847
C0003,B,centered,2,-0.013138043430266543
C0004,B,centered,2,0.04962143812556471
C0005,B,centered,2,-0.07207944296926214
C0006,B,centered,2,0.08628734823853677
C0007,B,centered,2,-0.14824603445497628
C0008,B,centered,2,0.04984707638024266
C0009,B,centered,2,-0.01439585458147687
C0010,B,centered,2,0.07343999271720647
C0011,B,centered,2,-0.08174995804802931
C0012,B,centered,2,0.04785757622775532
C0013,B,centered,2,-0.03590140900893165
C0014,B,centered,2,0.026939927077664492
C0015,B,centered,2,-0.15155537657927248
C0016,B,centered,2,0.12530260521805794
C0017,B,centered,2,-0.1573374766669137
C0018,B,centered,2,0.08678107647531337
C0019,B,centered,2,-0.06879459240960452
C0020,B,centered,2,0.05749720520507212
C0021,B,centered,2,-0.01362661435800255
C0022,B,centered,2,-0.049535376059219344
C0023,B,centered,2,0.06665328884109353
C0024,B,centered,2,-0.07051819434969764
C0025,B,centered,2,0.01616215026977729
C0026,B,centered,2,-0.03150260550086223
C0027,B,centered,2,-0.08489675822644925
C0028,B,centered,2,0.05352403064644283
C0029,B,centered,2,-0.033884150771713195
C0030,B,centered,2,0.05799480073365107
C0031,B,centered,2,-0.07688393655176541
C0032,B,centered,2,-0.11380157365822109
C0033,B,centered,2,0.076088357772558
C0034,B,centered,2,0.05800490419212316
C0035,B,centered,2,0.05938733763578968
C0036,B,centered,2,-0.03510274742679429
C0037,B,centered,2,0.06919343565096944
C0038,B,centered,2,-0.09860132016680845
C0039,B,centered,2,0.043328257739208675
C0040,B,centered,2,-0.08147739481793279
C0041,B,centered,2,0.08130394000556308
C0042,B,centered,2,-0.06638762509585229
C0043,B,centered,2,0.06402387023886713
C0044,B,centered,2,-0.0102351343917477
C0045,B,centered,2,0.06780227972929001
C0046,B,centered,2,0.0673328863316705
C0047,B,centered,2,-0.07893597887295398
C0048,B,centered,2,0.10812072383838978
C0049,B,centered,2,0.03388884776522842
C0050,B,centered,2,0.09368720513068064
C0051,B,centered,2,-0.011428911317026011
C0052,B,centered,2,0.08798735580167658
C0053,B,centered,2,0.04253991196424799
C0054,B,centered,2,-0.03240216158236896
C0055,B,centered,2,0.05716337303956074
C0056,B,centered,2,-0.10552348581087313
C0057,B,centered,2,0.03984091248181688
C0058,B,centered,2,-0.04646514190603848
C0059,B,centered,2,-0.049272108865600864
C0060,B,centered,2,0.009056358089742565
C0061,B,centered,2,-0.02085799725667904
C0062,B,centered,2,0.007382308999005276
C0063,B,centered,2,0.01680107439078699
C0064,B,centered,2,0.08562829304869168
C0065,B,centered,2,-0.1275175070772041
C0066,B,centered,2,0.06861783964875029
C0067,B,centered,2,-0.0050351563315332165
C0068,B,centered,2,0.12644876203884373
C0069,B,centered,2,0.011586838152651838
C0070,B,centered,2,0.08998503962876896
C0071,B,centered,2,-0.06315882074563406
C0072,B,centered,2,0.07646168967617001
C0073,B,centered,2,0.06439449655252696
C0074,B,centered,2,0.04771660825842267
C0075,B,centered,2,0.022266114342701374
C0076,B,centered,2,0.0557421583469806
C0077,B,centered,2,0.010625279270745962
C0078,B,centered,2,0.10294941120194126
C0079,B,centered,2,-0.08092332241464377
C0080,B,centered,2,-0.005710675387303998
C0081,B,centered,2,0.031925377220593104
C0082,B,centered,2,0.022185708325548486
C0083,B,centered,2,-0.04611628541978502
C0084,B,centered,2,-0.02918491577742594
C0085,B,centered,2,-0.03594023961845783
C0086,B,centered,2,0.003172298226534367
C0087,B,centered,2,-0.028109819533348103
C0088,B,centered,2,0.12138810884321044
C0089,B,centered,2,0.03398328494324329
C0090,B,centered,2,0.08944800564003491
C0091,B,centered,2,-0.03843566276072048
C0092,B,centered,2,0.03233527624072923
C0093,B,centered,2,-0.08234855802052442
C0094,B,centered,2,0.053106736032781904
C0095,B,centered,2,-0.04401132005799257
C0096,B,centered,2,0.06892910987862613
C0097,B,centered,2,-0.012566731137179097
C0098,B,centered,2,0.008919090950308255
C0099,B,centered,2,-0.017904809384731785
C0100,B,centered,2,0.0895579876828823
C0101,B,centered,2,0.039091424936400804
C0102,B,centered,2,-0.13455624467127741
C0103,B,centered,2,0.029518616485331616
C0104,B,centered,2,-0.06778677762790877
C0105,B,centered,2,-0.0502421714166044
C0106,B,centered,2,0.07708355943694502
C0107,B,centered,2,-0.05430225482074563
C0108,B,centered,2,-0.018746756848245314
C0109,B,centered,2,0.056980767108070464
C0110,B,centered,2,-0.0164982514762347
C0111,B,centered,2,-0.04199699946031464
C0112,B,centered,2,0.0776491137689322
C0113,B,centered,2,0.04518511858279925
C0114,B,centered,2,0.05039639516195843
C0115,B,centered,2,-0.028731479803249853
C0116,B,centered,2,0.14094848641577712
C0117,B,centered,2,-0.1286455110636879
C0118,B,centered,2,-0.026333319514419865
C0119,B,centered,2,-0.05228868173215246
C0120,B,centered,2,0.05014625696096525
C0121,B,centered,2,-0.07545438397136303
C0122,B,centered,2,0.03995029601675348
C0123,B,centered,2,0.006654118115275355
C0124,B,centered,2,0.011164801089039323
C0125,B,centered,2,0.009998921938401033
C0126,B,centered,2,0.08608721054510317
C0127,B,centered,2,-0.029578505841391538
C0128,B,centered,2,0.04602805844590485
C0129,B,centered,2,-0.014469996229497262
C0130,B,centered,2,0.016209724333725414
C0131,B,centered,2,-0.0007185122920822218
C0132,B,centered,2,0.04937790027131863
C0133,B,centered,2,-0.06200442590459685
C0134,B,centered,2,0.022616675782344952
C0135,B,centered,2,0.006033777451518958
C0136,B,centered,2,0.06787752031594217
C0137,B,centered,2,-0.01278180431842488
C0138,B,centered,2,-0.004927753940389004
C0139,B,centered,2,-0.04515679498948263
C0140,B,centered,2,0.055495263335905036
C0141,B,centered,2,-0.02976942901472094
C0142,B,centered,2,-0.0001515929313523318
C0143,B,centered,2,-0.019950935680651267
C0144,B,centered,2,0.009721004961233317
C0145,B,centered,2,0.03307423511052288
C0146,B,centered,2,0.07338025350884035
C0147,B,centered,2,-0.005316108501641012
C0148,B,centered,2,0.046547568103818306
C0149,B,centered,2,0.02368182371839624
C0150,B,centered,2,-0.02311787897629271
C0151,B,centered,2,0.0682778553037456
C0152,B,centered,2,-0.057643188516379625
C0153,B,centered,2,0.011764883995357786
C0154,B,centered,2,-0.09858401596698288
C0155,B,centered,2,0.0015427541032205889
C0156,B,centered,2,-0.047362777684218954
C0157,B,centered,2,0.0732439705838473
C0158,B,centered,2,0.0018240069806768132
C0159,B,centered,2,0.05713533709094046
C0160,B,centered,2,-0.13145912102854546
C0161,B,centered,2,0.11102317219780228
C0162,B,centered,2,-0.06873039254287708
C0163,B,centered,2,-0.00645927936204639
C0164,B,centered,2,-0.03476691014892451
C0165,B,centered,2,0.03818970077977963
C0166,B,centered,2,-0.02308725494399901
C0167,B,centered,2,0.12469501778961059
C0168,B,centered,2,-0.0558909063137254
C0169,B,centered,2,0.06551410426089523
C0170,B,centered,2,0.018391801341207614
C0171,B,centered,2,0.08590910942094496
C0172,B,centered,2,-0.027379068986303483
C0173,B,centered,2,0.06647404493007525
C0174,B,centered,2,-0.11983909901629615
C0175,B,centered,2,0.010443247148334793
C0176,B,centered,2,-0.023789700486729494
C0177,B,centered,2,0.1297204381398319
C0178,B,centered,2,0.020575476679226132
C0179,B,centered,2,0.014287324283710193
C0180,B,centered,2,0.00916578020639613
C0181,B,centered,2,0.0022189164582401663
C0182,B,centered,2,0.043771722933831456
C0183,B,centered,2,0.00665393617297796
C0184,B,centered,2,-0.1101182586356471
C0185,B,centered,2,0.05027558039961192
C0186,B,centered,2,-0.07773412061063209
C0187,B,centered,2,0.08330824245991715
C0188,B,centered,2,-0.09854075636926282
C0189,B,centered,2,-0.019083686326762696
C0190,B,centered,2,-0.039992422073425536
C0191,B,centered,2,0.06184588888772771
C0192,B,centered,2,-0.09582177785707958
C0193,B,centered,2,0.08167995329288655
C0194,B,centered,2,0.006846705804169517
C0195,B,centered,2,0.11960498126820118
C0196,B,centered,2,-0.17695641588393432
C0197,B,centered,2,-0.007640356229424058
C0198,B,centered,2,-0.05409785393826484
C0199,B,centered,2,-0.030385601677673818
C0200,B,centered,2,0.003392405331040114
C0201,B,centered,2,-0.018978485160714167
C0202,B,centered,2,0.015626699754156863
C0203,B,centered,2,0.11713400684471588
C0204,B,centered,2,0.0016812123759763315
C0205,B,centered,2,0.08883743522885741
C0206,B,centered,2,0.05224875936445426
C0207,B,centered,2,0.005773983272383648
C0208,B,centered,2,0.04844944093493396
C0209,B,centered,2,-0.11118080973095547
C0210,B,centered,2,0.022516887809846575
C0211,B,centered,2,-0.035618921165128145
C0212,B,centered,2,0.14017584620267182
C0213,B,centered,2,-0.02764008520886778
C0214,B,centered,2,0.06710063886793481
C0215,B,centered,2,-0.09941538490557021
C0216,B,centered,2,-0.0013303823065811545
C0217,B,centered,2,0.028128464390550476
C0218,B,centered,2,0.08532478955467537
C0219,B,centered,2,-0.005898617584829264
C0220,B,centered,2,0.07383415298675347
C0221,B,centered,2,-0.05068893277175559
C0222,B,centered,2,-0.026687681997123996
C0223,B,centered,2,-0.11573213226192337
C0224,B,centered,2,0.12959199946242364
C0225,B,centered,2,-0.12951631048921594
C0226,B,centered,2,0.040130352477268705
C0227,B,centered,2,-0.1213432321609976
C0228,B,centered,2,-0.0300594521686514
C0229,B,centered,2,-0.04183144439579658
C0230,B,centered,2,0.0712284550752011
C0231,B,centered,2,0.02954833102543245
C0232,B,centered,2,0.044897521686515014
C0233,B,centered,2,-0.13400522955663471
C0234,B,centered,2,0.034549513117528505
C0235,B,centered,2,-0.09222012746536083
C0236,B,centered,2,-0.0017264721090264705
C0237,B,centered,2,-0.02002034684536263
C0238,B,centered,2,0.031150332730638067
C0239,B,centered,2,-0.022720363294166813
C0240,B,centered,2,0.09125537332367403
C0241,B,centered,2,0.005507647788845704
C0242,B,centered,2,-0.002048378347584513
C0243,B,centered,2,0.08395503320249706
C0244,B,centered,2,-0.01723056967975108
C0245,B,centered,2,0.02803545936429704
C0246,B,centered,2,0.0143960137308657
C0247,B,centered,2,0.058631342338602094
C0248,B,centered,2,-0.026137784624219295
C0249,B,centered,2,0.025239558285819887
C0250,B,centered,2,-0.16378458962366013
C0251,B,centered,2,0.07633217336377195
C0252,B,centered,2,-0.009001598370175267
C0253,B,centered,2,0.11021490228921198
C0254,B,centered,2,0.03883899122064909
C0255,B,centered,2,0.03733216118362685
C0256,B,centered,2,-0.0045605222139047255
C0257,B,centered,2,-0.04084141420838171
C0258,B,centered,2,0.016854791000872654
C0259,B,centered,2,-0.018113299185753738
C0260,B,centered,2,-0.02349446254497432
C0261,B,centered,2,-0.06756642921149156
C0262,B,centered,2,0.07011398930460198
C0263,B,centered,2,-0.10607566745091501
C0264,B,centered,2,0.02605949227835251
C0265,B,centered,2,-0.18032282788068688
C0266,B,centered,2,0.06939722204096413
C0267,B,centered,2,-0.0407754948315856
C0268,B,centered,2,0.03325334399111014
C0269,B,centered,2,0.03229344345455691
C0270,B,centered,2,-0.13921967456197304
C0271,B,centered,2,0.058982187001486476
C0272,B,centered,2,-0.03734997441831353
C0273,B,centered,2,0.02326943784057242
C0274,B,centered,2,-0.019289486573729593
C0275,B,centered,2,-0.022509641219895266
C0276,B,centered,2,0.00997253276144106
C0277,B,centered,2,0.06441300898723605
C0278,B,centered,2,0.05306129654115851
C0279,B,centered,2,0.011767241066206626
C0280,B,centered,2,0.1544344115264255
C0281,B,centered,2,-0.08457555308731886
C0282,B,centered,2,0.09071880821063193
C0283,B,centered,2,-0.07519309620990647
C0284,B,centered,2,0.04876594215960295
C0285,B,centered,2,-0.014984191221885046
C0286,B,centered,2,0.07136499067122445
C0287,B,centered,2,-0.08554634781452103
C0288,B,centered,2,0.055435184565032096
C0289,B,centered,2,0.07231082421266634
C0290,B,centered,2,-0.06179909241116703
C0291,B,centered,2,0.003982049763463044
C0292,B,centered,2,-0.05346524412683242
C0293,B,centered,2,0.06533625121954965
C0294,B,centered,2,-0.13013886411047043
C0295,B,centered,2,0.027035616199181545
C0296,B,centered,2,-0.0473818898418598
C0297,B,centered,2,0.13436013288164103
C0298,B,centered,2,0.03342470790693052
C0299,B,centered,2,0.0030479709038234238
C0300,B,centered,2,-0.0945076814347884
C0301,B,centered,2,0.08167140677975421
C0302,B,centered,2,-0.029546177485824866
C0303,B,centered,2,0.09296861545339581
C0304,B,centered,2,-0.007389807125337383
C0305,B,centered,2,0.04952759833162257
C0306,B,centered,2,0.00748991591809795
C0307,B,centered,2,-0.0328640492897829
C0308,B,centered,2,0.0073122500248012584
C0309,B,centered,2,0.0629461003880671
C0310,B,centered,2,-0.11420615532183906
C0311,B,centered,2,0.06236979791464561
C0312,B,centered,2,-0.2076468362870999
C0313,B,centered,2,-0.051027196544112204
C0314,B,centered,2,0.058836299081604426
C0315,B,centered,2,0.02057465856536799
C0316,B,centered,2,0.056478995512025426
C0317,B,centered,2,-0.008486413191868774
C0318,B,centered,2,0.007726525323617014
C0319,B,centered,2,-0.010086169551772049
C0320,B,centered,2,-0.011650171357309032
C0321,B,centered,2,-0.07452192073355199
C0322,B,centered,2,0.007492822744221209
C0323,B,centered,2,-0.0771103419655263
C0324,B,centered,2,0.05287358923404392
C0325,B,centered,2,-0.09534808034066455
C0326,B,centered,2,0.06179296339670151
C0327,B,centered,2,0.009266994338440148
C0328,B,centered,2,-0.061001797896211234
C0329,B,centered,2,0.0029618980169713108
C0330,B,centered,2,-0.07351697928265508
C0331,B,centered,2,0.05045415642207269
C0332,B,centered,2,0.004464753410239314
C0333,B,centered,2,-0.04908621131637942
C0334,B,centered,2,0.06445232807908984
C0335,B,centered,2,-0.04509729064024092
C0336,B,centered,2,-0.026164218122305124
C0337,B,centered,2,-0.016253739514517165
C0338,B,centered,2,0.08189307012138934
C0339,B,centered,2,-0.08864150594524019
C0340,B,centered,2,0.12370290028462594
C0341,B,centered,2,0.0038631735362769115
C0342,B,centered,2,0.06306333920923467
C0343,B,centered,2,-0.01641577463263148
C0344,B,centered,2,0.014422440632333926
C0345,B,centered,2,-0.07749700671786582
C0346,B,centered,2,0.012373410954058613
C0347,B,centered,2,-0.004910593365246
C0348,B,centered,2,0.03172779588616117
C0349,B,centered,2,-0.10615200630976378
C0350,B,centered,2,0.03809946264609962
C0351,B,centered,2,-0.19450812357040895
C0352,B,centered,2,0.03584636120047687
C0353,B,centered,2,0.027766281315908213
C0354,B,centered,2,-0.03401247846984426
C0355,B,centered,2,-0.13733582515501613
C0356,B,centered,2,0.004966284967599465
C0357,B,centered,2,-0.021801996601911528
C0358,B,centered,2,-0.024104078089882085
C0359,B,centered,2,-0.015034610662115692
C0360,B,centered,2,0.15570978467485636
C0361,B,centered,2,0.02346230798433012
C0362,B,centered,2,0.041060722979370204
C0363,B,centered,2,-0.011827806593199226
C0364,B,centered,2,0.052165259993547874
C0365,B,centered,2,0.0631712987592278
C0366,B,centered,2,0.036913048298783356
C0367,B,centered,2,0.036135646467689596
C0368,B,centered,2,0.038028107843367735
C0369,B,centered,2,-0.029895316802614785
C0370,B,centered,2,0.055308312682497016
C0371,B,centered,2,0.026905811786859496
C0372,B,centered,2,0.011743802383610316
C0373,B,centered,2,0.01109538831057506
C0374,B,centered,2,0.0029638465735514256
C0375,B,centered,2,0.06063256810140193
C0376,B,centered,2,-0.012651531054088361
C0377,B,centered,2,0.04019931217182148
C0378,B,centered,2,0.007865131627183074
C0379,B,centered,2,-0.06375630489312557
C0380,B,centered,2,0.08869732373495828
C0381,B,centered,2,-0.06766837537987505
C0382,B,centered,2,-0.014578668267989424
C0383,B,centered,2,-0.005306488084584681
C0384,B,centered,2,0.004667472762862038
C0385,B,centered,2,-0.09461667466693187
C0386,B,centered,2,0.029402785220927836
C0387,B,centered,2,0.04554417615141786
C0388,B,centered,2,0.06846159904237772
C0389,B,centered,2,-0.158136483766851
C0390,B,centered,2,0.03986509424654503
C0391,B,centered,2,-0.06237694714843056
C0392,B,centered,2,0.040239824707680734
C0393,B,centered,2,-0.021723038978452167
C0394,B,centered,2,0.048044916315011
C0395,B,centered,2,0.09467786314710096
C0396,B,centered,2,0.07612030004008465
C0397,B,centered,2,-0.06735180468017413
C0398,B,centered,2,0.13353335843943087
C0399,B,centered,2,-0.042109052842002455
C0400,B,centered,2,0.014564804550782944
C0401,B,centered,2,0.05499359375664402
C0402,B,centered,2,0.00338478460545517
C0403,B,centered,2,0.05422161450653159
C0404,B,centered,2,-0.06616108260908271
C0405,B,centered,2,0.05983687859126415
C0406,B,centered,2,-0.10181490026311076
C0407,B,centered,2,0.09295507219487899
C0408,B,centered,2,0.039143420877281954
C0409,B,centered,2,0.09339055230036569
C0410,B,centered,2,-0.016420795734379212
C0411,B,centered,2,-0.029357687651181207
C0412,B,centered,2,-0.036310259539919267
C0413,B,centered,2,0.03422532343648988
C0414,B,centered,2,-0.02795221541862549
C0415,B,centered,2,0.11653605222537344
C0416,B,centered,2,-0.08504569632917763
C0417,B,centered,2,0.047119641483338984
C0418,B,centered,2,-0.001965524235500949
C0419,B,centered,2,-0.0011498105246898372
C0420,B,centered,2,-0.044885528508280786
C0421,B,centered,2,0.023210005717861106
C0422,B,centered,2,-0.02157107922672569
C0423,B,centered,2,0.054389648185659216
C0424,B,centered,2,0.04599909807592186
C0425,B,centered,2,0.016925048447663807
C0426,B,centered,2,-0.0976060843377809
C0427,B,centered,2,0.06961879579029896
C0428,B,centered,2,-0.1036104788166428
C0429,B,centered,2,0.11098190653713069
C0430,B,centered,2,-0.04636153636688281
C0431,B,centered,2,-0.04984401003283923
C0432,B,centered,2,0.016724551269309624
C0433,B,centered,2,-0.044493592925705434
C0434,B,centered,2,-0.021061117726302248
C0435,B,centered,2,-0.1635558305587658
C0436,B,centered,2,0.06470731879869265
C0437,B,centered,2,-0.05749085819135911
C0438,B,centered,2,0.04888553616076622
C0439,B,centered,2,-0.04948344380753445
C0440,B,centered,2,0.07999977193959551
C0441,B,centered,2,-0.13790364234277558
C0442,B,centered,2,0.015985421135537272
C0443,B,centered,2,-0.04400739553870081
C0444,B,centered,2,0.04438308157747895
C0445,B,centered,2,0.034047441883907764
C0446,B,centered,2,-0.04387684356157101
C0447,B,centered,2,0.010193499702537495
C0448,B,centered,2,0.06435131029494268
C0449,B,centered,2,0.058265657396418764
C0450,B,centered,2,0.0011714341370152304
C0451,B,centered,2,0.0819707803012571
C0452,B,centered,2,-0.08715042178566579
C0453,B,centered,2,0.03556255220342394
C0454,B,centered,2,-0.00732979320563936
C0455,B,centered,2,0.05401016407634263
C0456,B,centered,2,-0.046259194867843245
C0457,B,centered,2,0.053530306742266505
C0458,B,centered,2,-0.05735942497573808
C0459,B,centered,2,0.030774730756296467
C0460,B,centered,2,0.013965357645889303
C0461,B,centered,2,-0.12978684956432399
C0462,B,centered,2,0.09378732261164784
C0463,B,centered,2,-0.07552850781043187
C0464,B,centered,2,0.06861540098847892
C0465,B,centered,2,-0.12861963805241017
C0466,B,centered,2,0.05051372322716208
C0467,B,centered,2,-0.007144583316573281
C0468,B,centered,2,0.07626858959621029
C0469,B,centered,2,-0.04305271763949965
C0470,B,centered,2,0.09221143809356099
C0471,B,centered,2,-0.028847637620825498
C0472,B,centered,2,0.06628215905014864
C0473,B,centered,2,-0.02417907330114493
C0474,B,centered,2,-0.06094171005188325
C0475,B,centered,2,-0.08276739709369264
C0476,B,centered,2,0.001402464302374919
C0477,B,centered,2,-0.08353234708667198
C0478,B,centered,2,0.040024128404526335
C0479,B,centered,2,-0.11739273610677206
C0480,B,centered,2,0.0819945064904603
C0481,B,centered,2,-0.018226615488141393
C0482,B,centered,2,-0.012831996166895962
C0483,B,centered,2,0.04613715907562023
C0484,B,centered,2,-0.01504514751773651
C0485,B,centered,2,-0.042987041819017635
C0486,B,centered,2,0.044323046863965807
C0487,B,centered,2,-0.059118698252363024
C0488,B,centered,2,0.07081806445698297
C0489,B,centered,2,-0.006135775344032795
C0490,B,centered,2,0.002319395499398062
C0491,B,centered,2,-0.07970061270696684
C0492,B,centered,2,0.03974460534611783
C0493,B,centered,2,-0.13469153057728742
C0494,B,centered,2,0.06014415454171067
C0495,B,centered,2,-0.1343754858793469
C0496,B,centered,2,0.06994394697127038
C0497,B,centered,2,0.02261080865128644
C0498,B,centered,2,-0.03316537279830142
C0499,B,centered,2,-0.05319613108030706
C0500,B,centered,2,0.01447389798582661
C0501,B,centered,2,-0.19857915005637156
C0502,B,centered,2,0.02418878316686943
C0503,B,centered,2,0.07553145980026768
C0504,B,centered,2,-0.06991555267773521
C0505,B,centered,2,0.08527204996948687
C0506,B,centered,2,-0.028225695144259707
C0507,B,centered,2,-0.020160360041561343
C0508,B,centered,2,0.13349434377602654
C0509,B,centered,2,-0.02016855519654289
C0510,B,centered,2,0.041124714040820826
C0511,B,centered,2,-0.061241887057813166
C0512,B,centered,2,0.03050457913337098
C0513,B,centered,2,-0.004487719099423329
C0514,B,centered,2,0.02911523037438933
C0515,B,centered,2,-0.1239859449258382
C0516,B,centered,2,0.10846002633073687
C0517,B,centered,2,-0.08647444759108239
C0518,B,centered,2,0.06407238806974913
C0519,B,centered,2,-0.014111370243464521
C0520,B,centered,2,0.05561835329192097
C0521,B,centered,2,-0.03068992971542575
C0522,B,centered,2,0.03823365238509677
C0523,B,centered,2,-0.077164725296145
C0524,B,centered,2,0.040639088907413315
C0525,B,centered,2,-0.07855686355081475
C0526,B,centered,2,0.06872292575730252
C0527,B,centered,2,-0.01213964975517498
C0528,B,centered,2,0.018892865817684477
C0529,B,centered,2,-0.0007047406144100324
C0530,B,centered,2,0.04098819767653545
C0531,B,centered,2,-0.037623247460337385
C0532,B,centered,2,-0.008257170859463992
C0533,B,centered,2,-0.08054206055704029
C0534,B,centered,2,0.0013503510397606768
C0535,B,centered,2,-0.03320760131917296
C0536,B,centered,2,0.05473528571343073
C0537,B,centered,2,-0.026744009503718205
C0538,B,centered,2,0.08424446515764863
C0539,B,centered,2,-0.023508120985723066
C0540,B,centered,2,0.09548930336619625
C0541,B,centered,2,-0.07961824397009595
C0542,B,centered,2,-0.012833346297588427
C0543,B,centered,2,-0.04477488121091256
C0544,B,centered,2,0.03742936360525962
C0545,B,centered,2,-0.01856415053304712
C0546,B,centered,2,0.028291098193949097
C0547,B,centered,2,-0.0769287077588928
C0548,B,centered,2,0.06108807801170998
C0549,B,centered,2,-0.06909290017868411
C0550,B,centered,2,-0.04130398133685522
C0551,B,centered,2,-0.025282135048330465
C0552,B,centered,2,0.0928780679019045
C0553,B,centered,2,0.07944133717185121
C0554,B,centered,2,-0.07844345708100248
C0555,B,centered,2,0.06863979614927936
C0556,B,centered,2,-0.05248274288679661
C0557,B,centered,2,0.05267187448425075
C0558,B,centered,2,-0.07822090919587107
C0559,B,centered,2,0.05795715874721804
C0560,B,centered,2,-0.07904605349455496
C0561,B,centered,2,-0.0019081098490384657
C0562,B,centered,2,0.05523135340325094
C0563,B,centered,2,-0.035789434354121005
C0564,B,centered,2,0.052850142789973985
C0565,B,centered,2,-0.002243341900189893
C0566,B,centered,2,0.004980528224101347
C0567,B,centered,2,-0.018058543525344327
C0568,B,centered,2,0.09415725361063419
C0569,B,centered,2,-0.0247851882696666
C0570,B,centered,2,0.0711802199835645
C0571,B,centered,2,-0.017659441478272607
C0572,B,centered,2,0.0012828326837523185
C0573,B,centered,2,-0.057240389871072106
C0574,B,centered,2,-0.02444846596873667
C0575,B,centered,2,-0.025815341598544487
C0576,B,centered,2,-0.0012676065826052756
C0577,B,centered,2,-0.0106851119460166
C0578,B,centered,2,0.05455584331027101
C0579,B,centered,2,-0.09349652116144795
C0580,B,centered,2,0.023692403519821895
C0581,B,centered,2,-0.06755549419457509
C0582,B,centered,2,-0.028138270663069537
C0583,B,centered,2,-0.034213139701872265
C0584,B,centered,2,0.04006269819152856
C0585,B,centered,2,-0.02765416182813112
C0586,B,centered,2,0.0427144602740349
C0587,B,centered,2,-0.02453457075763835
C0588,B,centered,2,-0.0052865329581472656
C0589,B,centered,2,0.005082252131388595
C0590,B,centered,2,0.0360502103416093
C0591,B,centered,2,0.04011412236146057
C0592,B,centered,2,0.038272100593397834
C0593,B,centered,2,0.009784104648840216
C0594,B,centered,2,-0.003902741373685381
C0595,B,centered,2,0.057930272313120326
C0596,B,centered,2,-0.06231901501220188
C0597,B,centered,2,-0.06973886619494928
C0598,B,centered,2,-0.04799448037201078
C0599,B,centered,2,0.048962900396037505
C0600,B,centered,2,-0.04733037132979981
C0601,B,centered,2,0.09266354514604812
C0602,B,centered,2,-0.062301688058857156
C0603,B,centered,2,0.08518016982877835
C0604,B,centered,2,0.022610146127785488
C0605,B,centered,2,0.07007297676954069
C0606,B,centered,2,-0.13010407716706515
C0607,B,centered,2,-0.0007823501063341765
C0608,B,centered,2,0.10554159361194178
C0609,B,centered,2,0.044493760183855584
C0610,B,centered,2,-0.0654467755077171
C0611,B,centered,2,0.02158194191039527
C0612,B,centered,2,-0.044155684274765676
C0613,B,centered,2,0.02520810209902445
C0614,B,centered,2,-0.051512879542074
C0615,B,centered,2,0.0700622141727952
C0616,B,centered,2,-0.045468353084934944
C0617,B,centered,2,0.03239618476120185
C0618,B,centered,2,0.005430700980304657
C0619,B,centered,2,0.08956116565287568
C0620,B,centered,2,0.06761242000140849
C0621,B,centered,2,-0.03647561137210361
C0622,B,centered,2,0.08481900611875534
C0623,B,centered,2,-0.005768888281940077
C0624,B,centered,2,0.0720724932826285
C0625,B,centered,2,-0.07470434670455305
C0626,B,centered,2,0.05374611588574289
C0627,B,centered,2,0.007695026490393294
C0628,B,centered,2,-0.06729633596446322
C0629,B,centered,2,0.029072230691697502
C0630,B,centered,2,-0.14215450306294594
C0631,B,centered,2,0.019352512698517777
C0632,B,centered,2,-0.05113673594047504
C0633,B,centered,2,-0.021106615989867298
C0634,B,centered,2,-0.1801416348884422
C0635,B,centered,2,0.09671837076003183
C0636,B,centered,2,0.006889693716836141
C0637,B,centered,2,0.042742110184030374
C0638,B,centered,2,-0.017311070191794918
C0639,B,centered,2,-0.07589204046828665
C0640,B,centered,2,-0.06657535652726848
C0641,B,centered,2,0.07993593212965336
C0642,B,centered,2,-0.06267778400949658
C0643,B,centered,2,-0.041610227597715946
C0644,B,centered,2,-0.10271253844042066
C0645,B,centered,2,0.10975202178871898
C0646,B,centered,2,0.0016921566402326512
C0647,B,centered,2,-0.03812945472789851
C0648,B,centered,2,-0.038972514507674576
C0649,B,centered,2,0.009764930225379906
C0650,B,centered,2,-0.03755633434200103
C0651,B,centered,2,-0.03622628195880477
C0652,B,centered,2,-0.08041922098961203
C0653,B,centered,2,-0.0015399953712210198
C0654,B,centered,2,-0.036141303768035676
C0655,B,centered,2,-0.011586649239846961
C0656,B,centered,2,-0.03807245065229896
C0657,B,centered,2,0.03996988886693481
C0658,B,centered,2,-0.06957509733076922
C0659,B,centered,2,-0.04245261108534259
C0660,B,centered,2,0.02075185524552647
C0661,B,centered,2,0.09277114173433985
C0662,B,centered,2,-0.008997360498929857
C0663,B,centered,2,-0.03668022286516758
C0664,B,centered,2,0.09284845937961388
C0665,B,centered,2,-0.0866842122801777
C0666,B,centered,2,0.0263759562984049
C0667,B,centered,2,-0.11066275256548089
C0668,B,centered,2,0.023031752586216366
C0669,B,centered,2,-7.377218251050948e-05
C0670,B,centered,2,-0.012458966761829332
C0671,B,centered,2,0.09076205205498918
C0672,B,centered,2,-0.04132506759400644
C0673,B,centered,2,-0.010087326138887787
C0674,B,centered,2,0.02527091395004105
C0675,B,centered,2,-0.004789980250606556
C0676,B,centered,2,0.06479850405359963
C0677,B,centered,2,0.019031380180633786
C0678,B,centered,2,0.02782396669449266
C0679,B,centered,2,-0.0531923216111785
C0680,B,centered,2,0.07398258260098994
C0681,B,centered,2,-0.0199766881306402
C0682,B,centered,2,0.03958497817703955
C0683,B,centered,2,-0.03647131172549222
C0684,B,centered,2,0.03334420536388489
C0685,B,centered,2,-0.05378853193819536
C0686,B,centered,2,-0.018703553344783273
C0687,B,centered,2,0.027233998817289697
C0688,B,centered,2,-0.047896514851857606
C0689,B,centered,2,0.008761710026278824
C0690,B,centered,2,-0.0762638212002317
C0691,B,centered,2,0.10358638411149386
C0692,B,centered,2,0.07831928858696559
C0693,B,centered,2,-0.0032886775783005653
C0694,B,centered,2,-0.056593015579417615
C0695,B,centered,2,-0.05113205438949781
C0696,B,centered,2,-0.12752535327149644
C0697,B,centered,2,-0.020604058409559856
C0698,B,centered,2,-0.044308945138542444
C0699,B,centered,2,0.014963064567579457
C0700,B,centered,2,-0.02604020771322247
C0701,B,centered,2,0.09233916816931655
C0702,B,centered,2,0.061672069368304994
C0703,B,centered,2,0.08325025718812917
C0704,B,centered,2,-0.04739582099539295
C0705,B,centered,2,-0.002164537690569883
C0706,B,centered,2,-0.05068245852135772
C0707,B,centered,2,0.05325237356071599
C0708,B,centered,2,-0.1380197558833042
C0709,B,centered,2,0.09409866190159492
C0710,B,centered,2,-0.0353394756566963
C0711,B,centered,2,0.10993415713330118
C0712,B,centered,2,-0.01763188359414777
C0713,B,centered,2,0.06493116499505193
C0714,B,centered,2,-0.08673041490053285
C0715,B,centered,2,0.06388685312846382
C0716,B,centered,2,0.04653807130770641
C0717,B,centered,2,0.05898455140931311
C0718,B,centered,2,-0.06440451107812392
C0719,B,centered,2,-0.07113880129613741
C0720,B,centered,2,0.04806833089055894
C0721,B,centered,2,-0.10458826698725285
C0722,B,centered,2,0.007560496790203675
C0723,B,centered,2,-0.10346233968069445
C0724,B,centered,2,0.040489576161998324
C0725,B,centered,2,-0.13256804477462067
C0726,B,centered,2,0.07931811303372462
C0727,B,centered,2,0.06578081564484574
C0728,B,centered,2,-0.004185388732111392
C0729,B,centered,2,0.060147476527620994
C0730,B,centered,2,-0.004556241032464172
C0731,B,centered,2,0.1647652660068138
C0732,B,centered,2,-0.16522700831130036
C0733,B,centered,2,-0.04515233242959451
C0734,B,centered,2,0.028771118988576157
C0735,B,centered,2,-0.035016139805792094
C0736,B,centered,2,0.0444701799085098
C0737,B,centered,2,-0.0022774931508867673
C0738,B,centered,2,0.01647678501409981
C0739,B,centered,2,0.08031306329774153
C0740,B,centered,2,-0.038581726846169805
C0741,B,centered,2,0.10589794981869385
C0742,B,centered,2,-0.18500541330577427
C0743,B,centered,2,0.032640651223613905
C0744,B,centered,2,0.0636615641435687
C0745,B,centered,2,-0.00015110923686873016
C0746,B,centered,2,0.024047358899934593
C0747,B,centered,2,-0.11930041174553532
C0748,B,centered,2,0.06334507662548193
C0749,B,centered,2,-0.13894729536679956
C0750,B,centered,2,0.033165600891018
C0751,B,centered,2,-0.17109808869931517
C0752,B,centered,2,0.06460025967892019
C0753,B,centered,2,-0.038124820726195746
C0754,B,centered,2,0.06428174958939857
C0755,B,centered,2,-0.04456954492178181
C0756,B,centered,2,0.05094354843540358
C0757,B,centered,2,-0.06263700814145731
C0758,B,centered,2,0.12271761804467207
C0759,B,centered,2,0.08871435037326102
C0760,B,centered,2,-0.07052881868839503
C0761,B,centered,2,-0.0015600570929546749
C0762,B,centered,2,-0.02775601806276853
C0763,B,centered,2,0.048045430660767274
C0764,B,centered,2,0.02729048876162405
C0765,B,centered,2,0.011238032827325294
C0766,B,centered,2,-0.11166462353365125
C0767,B,centered,2,0.10795132986288085
C0768,B,centered,2,-0.015476409180482953
C0769,B,centered,2,0.06427550192893806
C0770,B,centered,2,0.00288003019762651
C0771,B,centered,2,0.0719776722867366
C0772,B,centered,2,-0.06615519180024751
C0773,B,centered,2,0.09475627254832186
C0774,B,centered,2,0.02046918383986557
C0775,B,centered,2,0.004358513004949974
C0776,B,centered,2,0.0275920314549415
C0777,B,centered,2,-0.01757506229893509
C0778,B,centered,2,0.01436164838632862
C0779,B,centered,2,0.05498438804066613
C0780,B,centered,2,0.06764737006502228
C0781,B,centered,2,-0.10277307675973708
C0782,B,centered,2,0.06915273716807957
C0783,B,centered,2,-0.062215791608777306
C0784,B,centered,2,0.006529769853402129
C0785,B,centered,2,-0.07229580240495866
C0786,B,centered,2,-0.012121987890546632
C0787,B,centered,2,-0.048654719719068075
C0788,B,centered,2,0.056824054013165
C0789,B,centered,2,-0.02371647206430189
C0790,B,centered,2,0.0816902062490588
C0791,B,centered,2,-0.059083861571424985
C0792,B,centered,2,0.00993154800872473
C0793,B,centered,2,-0.02822701381553849
C0794,B,centered,2,0.053822346575920936
C0795,B,centered,2,-0.0026126888057493164
C0796,B,centered,2,-0.007156224245584304
C0797,B,centered,2,-0.16226216074002958
C0798,B,centered,2,0.07097998401494819
C0799,B,centered,2,-0.002114435766547044
C0800,B,centered,2,0.0829952214175575
C0801,B,centered,2,-0.0056016555408790044
C0802,B,centered,2,0.04557738863241425
C0803,B,centered,2,-0.023793200304939935
C0804,B,centered,2,0.033395491598579775
C0805,B,centered,2,-0.026176653748056163
C0806,B,centered,2,-0.028452423092679566
C0807,B,centered,2,0.16397103297460566
C0808,B,centered,2,-0.08817412843771262
C0809,B,centered,2,0.0421624168237741
C0810,B,centered,2,0.01868491993070425
C0811,B,centered,2,-0.07374329837270426
C0812,B,centered,2,-0.033914948396361326
C0813,B,centered,2,0.0033354258628382214
C0814,B,centered,2,-0.024808738963702105
C0815,B,centered,2,-0.04845473954156876
C0816,B,centered,2,0.04506016017769408
C0817,B,centered,2,-0.03152206707761749
C0818,B,centered,2,-0.12145300969094001
C0819,B,centered,2,0.05146520211037777
C0820,B,centered,2,-0.058004722445623165
C0821,B,centered,2,0.11889359830118638
C0822,B,centered,2,-0.06573289624088298
C0823,B,centered,2,0.0009206296956365328
C0824,B,centered,2,-0.0011523575391711803
C0825,B,centered,2,0.09326180032450153
C0826,B,centered,2,-0.012134296630066948
C0827,B,centered,2,-0.012905734002989031
C0828,B,centered,2,-0.023593828711282547
C0829,B,centered,2,0.11104695244151888
C0830,B,centered,2,-0.018409201547981483
C0831,B,centered,2,-0.17053925259128094
C0832,B,centered,2,0.025862386717619854
C0833,B,centered,2,-0.0824012666857548
C0834,B,centered,2,-0.0040435126898042874
C0835,B,centered,2,-0.12366243864042585
C0836,B,centered,2,0.0026639245122021035
C0837,B,centered,2,0.02779295132093694
C0838,B,centered,2,-0.17641867425954266
C0839,B,centered,2,-0.00664861353482946
C0840,B,centered,2,-0.19715464742503389
C0841,B,centered,2,0.09346378906031265
C0842,B,centered,2,0.03401278102836532
C0843,B,centered,2,0.04462758846815396
C0844,B,centered,2,-0.014351400934023834
C0845,B,centered,2,0.027165826202273802
C0846,B,centered,2,-0.029556753359212488
C0847,B,centered,2,-0.06641997784786173
C0848,B,centered,2,0.08957680744003105
C0849,B,centered,2,0.001181993557023792
C0850,B,centered,2,0.008423289859318683
C0851,B,centered,2,-0.06432293596229494
C0852,B,centered,2,0.010998984438059734
C0853,B,centered,2,0.02751262161171418
C0854,B,centered,2,0.046952552332668804
C0855,B,centered,2,-0.05451491284587592
C0856,B,centered,2,0.08265368854484659
C0857,B,centered,2,-0.051732396045735984
C0858,B,centered,2,0.029295093479162555
C0859,B,centered,2,-0.07633459122041417
C0860,B,centered,2,0.07100074699483316
C0861,B,centered,2,-0.022403429715900723
C0862,B,centered,2,0.024968822443438746
C0863,B,centered,2,-0.005046482225920726
C0864,B,centered,2,0.04785496409375579
C0865,B,centered,2,-0.0777459967723927
C0866,B,centered,2,0.03361337982333998
C0867,B,centered,2,-0.0798908392461245
C0868,B,centered,2,-0.02601755794479838
C0869,B,centered,2,-0.018568288863957876
C0870,B,centered,2,0.035177719787025
C0871,B,centered,2,-0.11486983519101167
C0872,B,centered,2,0.01194722608050262
C0873,B,centered,2,-0.09525829893453158
C0874,B,centered,2,-0.013200416637414723
C0875,B,centered,2,0.07106293134651867
C0876,B,centered,2,-0.09894521228955916
C0877,B,centered,2,-0.024091116408882826
C0878,B,centered,2,-0.07257777263329085
C0879,B,centered,2,0.022556088585389718
C0880,B,centered,2,-0.03691193085798572
C0881,B,centered,2,0.07283751604537358
C0882,B,centered,2,-0.10398269834959377
C0883,B,centered,2,0.02696875751830864
C0884,B,centered,2,-0.08018319356273045
C0885,B,centered,2,0.03348587951978213
C0886,B,centered,2,-0.06695622337698481
C0887,B,centered,2,0.06698156988750063
C0888,B,centered,2,0.0038827981203612702
C0889,B,centered,2,-0.030457884374330203
C0890,B,centered,2,0.0107634656596304
C0891,B,centered,2,-0.018401880891511353
C0892,B,centered,2,0.06509796861611138
C0893,B,centered,2,-0.048726626021596844
C0894,B,centered,2,0.04002399693051047
C0895,B,centered,2,-0.04730681785634971
C0896,B,centered,2,0.08590077036596624
C0897,B,centered,2,-0.0052574306322769465
C0898,B,centered,2,0.015168119490595341
C0899,B,centered,2,-0.01505711841724853
C0900,B,centered,2,0.03022352526727722
C0901,B,centered,2,-0.004686507539761299
C0902,B,centered,2,0.028514106969404335
C0903,B,centered,2,-0.0005920577772487996
C0904,B,centered,2,0.025944651413835774
C0905,B,centered,2,-0.08602824987529971
C0906,B,centered,2,0.03417316736390299
C0907,B,centered,2,-0.003597496644569708
C0908,B,centered,2,0.0791421722127962
C0909,B,centered,2,-0.007895247571850592
C0910,B,centered,2,0.01128265531911976
