row_idx,tweet_id,half,theme_id
79245,T0079246,H1,0
54663,T0054664,H1,2
84219,T0084220,H1,15
39755,T0039756,H1,2
92897,T0092898,H1,5
94385,T0094386,H1,2
53926,T0053927,H1,5
91120,T0091121,H1,5
99485,T0099486,H1,0
83993,T0083994,H1,23
94312,T0094313,H1,8
57055,T0057056,H1,9
16050,T0016051,H1,2
89022,T0089023,H1,13
14576,T0014577,H1,4
14625,T0014626,H1,15
89457,T0089458,H1,4
40232,T0040233,H1,8
45578,T0045579,H1,4
48312,T0048313,H1,23
23054,T0023055,H1,15
102418,T0102419,H1,5
78818,T0078819,H1,23
100301,T0100302,H1,0
34814,T0034815,H1,3
100910,T0100911,H1,8
80624,T0080625,H1,16
92046,T0092047,H1,2
25833,T0025834,H1,15
43106,T0043107,H1,0
2231,T0002232,H1,5
86634,T0086635,H1,20
13856,T0013857,H1,2
53097,T0053098,H1,4
79161,T0079162,H1,0
22700,T0022701,H1,15
57960,T0057961,H1,0
23144,T0023145,H1,5
56550,T0056551,H1,21
79288,T0079289,H1,8
38336,T0038337,H1,4
83442,T0083443,H1,23
47310,T0047311,H1,14
84347,T0084348,H1,20
4625,T0004626,H1,19
60716,T0060717,H1,2
69130,T0069131,H1,1
60397,T0060398,H1,3
65044,T0065045,H1,1
100961,T0100962,H1,23
54463,T0054464,H1,16
78636,T0078637,H1,15
36283,T0036284,H1,15
32743,T0032744,H1,23
13127,T0013128,H1,12
85011,T0085012,H1,15
51496,T0051497,H1,2
40389,T0040390,H1,5
83410,T0083411,H1,5
38626,T0038627,H1,13
83841,T0083842,H1,11
34478,T0034479,H1,24
39381,T0039382,H1,9
91329,T0091330,H1,23
54013,T0054014,H1,3
5028,T0005029,H1,21
45897,T0045898,H1,15
72613,T0072614,H1,0
100940,T0100941,H1,0
94951,T0094952,H1,4
15690,T0015691,H1,13
50007,T0050008,H1,24
47809,T0047810,H1,4
12703,T0012704,H1,15
43707,T0043708,H1,8
63567,T0063568,H1,15
61284,T0061285,H1,4
68845,T0068846,H1,13
18649,T0018650,H1,17
30964,T0030965,H1,24
91921,T0091922,H1,23
1264,T0001265,H1,6
85983,T0085984,H1,1
60311,T0060312,H1,17
19986,T0019987,H1,23
83892,T0083893,H1,20
12733,T0012734,H1,23
81166,T0081167,H1,20
22136,T0022137,H1,8
37526,T0037527,H1,15
50554,T0050555,H1,8
53640,T0053641,H1,16
94627,T0094628,H1,16
22226,T0022227,H1,5
56843,T0056844,H1,20
63322,T0063323,H1,15
69555,T0069556,H1,2
82550,T0082551,H1,18
4328,T0004329,H1,23
41824,T0041825,H1,8
79932,T0079933,H1,18
25048,T0025049,H1,1
89661,T0089662,H1,2
15111,T0015112,H1,10
58435,T0058436,H1,0
58310,T0058311,H1,23
10775,T0010776,H1,24
4235,T0004236,H1,6
64217,T0064218,H1,20
73363,T0073364,H1,18
87759,T0087760,H1,8
46740,T0046741,H1,4
51323,T0051324,H1,21
72792,T0072793,H1,21
65409,T0065410,H1,1
32366,T0032367,H1,5
70537,T0070538,H1,15
33324,T0033325,H1,0
30822,T0030823,H1,1
80269,T0080270,H1,13
72924,T0072925,H1,21
60378,T0060379,H1,3
92329,T0092330,H1,2
51464,T0051465,H1,9
76786,T0076787,H1,20
48581,T0048582,H1,1
49051,T0049052,H1,9
70285,T0070286,H1,13
11546,T0011547,H1,23
91253,T0091254,H1,23
7395,T0007396,H1,1
14998,T0014999,H1,23
54977,T0054978,H1,9
81739,T0081740,H1,22
38341,T0038342,H1,5
91094,T0091095,H1,5
11649,T0011650,H1,13
1764,T0001765,H1,1
38208,T0038209,H1,10
60598,T0060599,H1,8
69611,T0069612,H1,15
24968,T0024969,H1,4
70611,T0070612,H1,13
16629,T0016630,H1,0
4917,T0004918,H1,15
64504,T0064505,H1,15
63321,T0063322,H1,23
37699,T0037700,H1,15
92804,T0092805,H1,13
33068,T0033069,H1,15
47969,T0047970,H1,15
87953,T0087954,H1,23
74318,T0074319,H1,8
78456,T0078457,H1,15
61402,T0061403,H1,9
19183,T0019184,H1,16
59219,T0059220,H1,5
103338,T0103339,H1,10
45140,T0045141,H1,4
48998,T0048999,H1,3
100252,T0100253,H1,13
42693,T0042694,H1,0
45555,T0045556,H1,0
87981,T0087982,H1,14
27482,T0027483,H1,0
68534,T0068535,H1,4
40286,T0040287,H1,10
76881,T0076882,H1,15
8760,T0008761,H1,16
22947,T0022948,H1,10
9107,T0009108,H1,21
88472,T0088473,H1,21
50465,T0050466,H1,15
99992,T0099993,H1,0
19833,T0019834,H1,0
98650,T0098651,H1,4
59389,T0059390,H1,15
12571,T0012572,H1,5
85154,T0085155,H1,0
81763,T0081764,H1,5
23942,T0023943,H1,15
103622,T0103623,H1,15
74092,T0074093,H1,20
72964,T0072965,H1,13
824,T0000825,H1,23
12725,T0012726,H1,0
102921,T0102922,H1,4
30236,T0030237,H1,13
97782,T0097783,H1,23
22271,T0022272,H1,8
41477,T0041478,H1,0
99792,T0099793,H1,16
32184,T0032185,H1,1
29559,T0029560,H1,3
62029,T0062030,H1,3
70729,T0070730,H1,22
46889,T0046890,H1,0
46587,T0046588,H1,0
87347,T0087348,H1,1
40312,T0040313,H1,2
34367,T0034368,H1,15
90892,T0090893,H1,23
27405,T0027406,H1,6
40126,T0040127,H1,5
63998,T0063999,H1,13
15631,T0015632,H1,23
85554,T0085555,H1,15
66998,T0066999,H1,15
87454,T0087455,H1,15
64112,T0064113,H1,0
14957,T0014958,H1,15
67531,T0067532,H1,15
58741,T0058742,H1,16
87645,T0087646,H1,22
980,T0000981,H1,23
35299,T0035300,H1,1
23397,T0023398,H1,8
25891,T0025892,H1,3
58657,T0058658,H1,15
84634,T0084635,H1,5
40169,T0040170,H1,5
81736,T0081737,H1,17
44969,T0044970,H1,3
50227,T0050228,H1,23
98770,T0098771,H1,15
104053,T0104054,H1,23
48977,T0048978,H1,20
17579,T0017580,H1,8
54426,T0054427,H1,1
85796,T0085797,H1,15
89027,T0089028,H1,5
100774,T0100775,H1,1
23911,T0023912,H1,22
39308,T0039309,H1,22
45679,T0045680,H1,2
6131,T0006132,H1,2
52882,T0052883,H1,2
1868,T0001869,H1,8
45178,T0045179,H1,20
56347,T0056348,H1,0
49464,T0049465,H1,9
102831,T0102832,H1,4
35797,T0035798,H1,8
51436,T0051437,H1,15
90201,T0090202,H1,0
83169,T0083170,H1,19
79197,T0079198,H1,20
32148,T0032149,H1,9
83567,T0083568,H1,10
44907,T0044908,H1,6
33984,T0033985,H1,21
47161,T0047162,H1,8
54844,T0054845,H1,2
94961,T0094962,H1,9
30701,T0030702,H1,16
75258,T0075259,H1,0
53424,T0053425,H1,15
59666,T0059667,H1,15
10527,T0010528,H1,21
10954,T0010955,H1,2
76136,T0076137,H1,8
60942,T0060943,H1,5
16420,T0016421,H1,9
68274,T0068275,H1,1
81787,T0081788,H1,7
77059,T0077060,H1,4
98894,T0098895,H1,4
15456,T0015457,H1,2
14685,T0014686,H1,4
90399,T0090400,H1,9
61501,T0061502,H1,4
86550,T0086551,H1,9
42192,T0042193,H1,23
5390,T0005391,H1,0
92135,T0092136,H1,14
11173,T0011174,H1,8
29637,T0029638,H1,15
30790,T0030791,H1,5
73980,T0073981,H1,5
77237,T0077238,H1,18
11319,T0011320,H1,4
57867,T0057868,H1,4
98994,T0098995,H1,4
100253,T0100254,H1,9
104157,T0104158,H1,20
63508,T0063509,H1,2
42769,T0042770,H1,2
44746,T0044747,H1,19
15024,T0015025,H1,20
90199,T0090200,H1,0
86231,T0086232,H1,1
74149,T0074150,H1,23
40949,T0040950,H1,18
81742,T0081743,H1,23
91347,T0091348,H1,2
14572,T0014573,H1,9
22655,T0022656,H1,2
85552,T0085553,H1,1
35451,T0035452,H1,20
103922,T0103923,H1,5
98044,T0098045,H1,5
87455,T0087456,H1,23
22236,T0022237,H1,2
53533,T0053534,H1,9
30914,T0030915,H1,8
76651,T0076652,H1,0
82342,T0082343,H1,5
26369,T0026370,H1,13
82198,T0082199,H1,0
5410,T0005411,H1,5
6312,T0006313,H1,9
17453,T0017454,H1,6
5316,T0005317,H1,16
47528,T0047529,H1,20
97410,T0097411,H1,6
42967,T0042968,H1,1
98360,T0098361,H1,2
55324,T0055325,H1,13
27419,T0027420,H1,4
831,T0000832,H1,18
41825,T0041826,H1,1
75724,T0075725,H1,4
46004,T0046005,H1,14
9613,T0009614,H1,15
42451,T0042452,H1,15
71668,T0071669,H1,9
52964,T0052965,H1,23
19034,T0019035,H1,24
102772,T0102773,H1,4
69510,T0069511,H1,8
87125,T0087126,H1,13
100140,T0100141,H1,8
22601,T0022602,H1,5
11485,T0011486,H1,23
59393,T0059394,H1,11
85704,T0085705,H1,15
448,T0000449,H1,5
99535,T0099536,H1,4
39230,T0039231,H1,13
3372,T0003373,H1,23
98324,T0098325,H1,16
56389,T0056390,H1,6
34825,T0034826,H1,0
37619,T0037620,H1,2
76182,T0076183,H1,1
61367,T0061368,H1,19
86949,T0086950,H1,15
17467,T0017468,H1,9
49731,T0049732,H1,15
96606,T0096607,H1,5
90587,T0090588,H1,23
1099,T0001100,H1,0
28307,T0028308,H1,0
74003,T0074004,H1,4
99574,T0099575,H1,4
91902,T0091903,H1,8
103543,T0103544,H1,13
99257,T0099258,H1,11
49720,T0049721,H1,8
32523,T0032524,H1,0
64149,T0064150,H1,4
61494,T0061495,H1,3
67686,T0067687,H1,10
40742,T0040743,H1,20
101700,T0101701,H1,0
4159,T0004160,H1,23
24467,T0024468,H1,15
71116,T0071117,H1,21
59477,T0059478,H1,5
46690,T0046691,H1,9
55344,T0055345,H1,12
82608,T0082609,H1,5
16173,T0016174,H1,11
83827,T0083828,H1,15
7920,T0007921,H1,14
65135,T0065136,H1,15
92499,T0092500,H1,13
89606,T0089607,H1,1
2173,T0002174,H1,0
54340,T0054341,H1,15
27812,T0027813,H1,2
35298,T0035299,H1,10
82850,T0082851,H1,16
24418,T0024419,H1,23
31416,T0031417,H1,8
13384,T0013385,H1,18
45503,T0045504,H1,6
8814,T0008815,H1,9
98447,T0098448,H1,22
98717,T0098718,H1,15
91614,T0091615,H1,0
90555,T0090556,H1,5
40796,T0040797,H1,9
177,T0000178,H1,5
26917,T0026918,H1,0
84890,T0084891,H1,24
7487,T0007488,H1,15
8861,T0008862,H1,1
46780,T0046781,H1,4
103451,T0103452,H1,23
29339,T0029340,H1,8
59246,T0059247,H1,15
69019,T0069020,H1,4
77951,T0077952,H1,23
51256,T0051257,H1,9
8103,T0008104,H1,4
28857,T0028858,H1,14
93073,T0093074,H1,0
22364,T0022365,H1,23
65950,T0065951,H1,23
15936,T0015937,H1,8
43589,T0043590,H1,11
31864,T0031865,H1,13
68365,T0068366,H1,13
41472,T0041473,H1,15
58456,T0058457,H1,15
63571,T0063572,H1,15
70380,T0070381,H1,0
46445,T0046446,H1,17
80924,T0080925,H1,5
89794,T0089795,H1,20
33625,T0033626,H1,21
40061,T0040062,H1,15
60382,T0060383,H1,4
54756,T0054757,H1,15
9010,T0009011,H1,11
70042,T0070043,H1,23
54255,T0054256,H1,3
61446,T0061447,H1,3
68352,T0068353,H1,11
25841,T0025842,H1,14
80967,T0080968,H1,0
21204,T0021205,H1,12
92670,T0092671,H1,0
13962,T0013963,H1,23
4796,T0004797,H1,23
83858,T0083859,H1,2
20728,T0020729,H1,4
71463,T0071464,H1,2
87058,T0087059,H1,13
59039,T0059040,H1,17
72439,T0072440,H1,18
26199,T0026200,H1,9
61138,T0061139,H1,16
101042,T0101043,H1,15
88513,T0088514,H1,0
57184,T0057185,H1,4
46658,T0046659,H1,0
49684,T0049685,H1,21
30439,T0030440,H1,4
18517,T0018518,H1,8
52209,T0052210,H1,15
4595,T0004596,H1,5
98332,T0098333,H1,13
66456,T0066457,H1,16
20932,T0020933,H1,12
59337,T0059338,H1,4
3087,T0003088,H1,15
20770,T0020771,H1,15
1908,T0001909,H1,15
14457,T0014458,H1,15
4348,T0004349,H1,6
58053,T0058054,H1,15
39024,T0039025,H1,21
88562,T0088563,H1,3
48883,T0048884,H1,15
93090,T0093091,H1,11
43359,T0043360,H1,20
9009,T0009010,H1,4
47220,T0047221,H1,9
86855,T0086856,H1,1
17991,T0017992,H1,12
84302,T0084303,H1,6
89480,T0089481,H1,16
77230,T0077231,H1,5
59176,T0059177,H1,13
92537,T0092538,H1,20
45435,T0045436,H1,3
67138,T0067139,H1,15
64555,T0064556,H1,15
17833,T0017834,H1,14
28460,T0028461,H1,9
15766,T0015767,H1,4
61622,T0061623,H1,23
47437,T0047438,H1,0
95816,T0095817,H1,4
72696,T0072697,H1,17
24443,T0024444,H1,18
53153,T0053154,H1,9
19782,T0019783,H1,23
65432,T0065433,H1,8
46496,T0046497,H1,18
82527,T0082528,H1,15
55230,T0055231,H1,15
73098,T0073099,H1,9
2013,T0002014,H1,13
94490,T0094491,H1,23
72433,T0072434,H1,1
21283,T0021284,H1,1
99321,T0099322,H1,4
773,T0000774,H1,5
3072,T0003073,H1,5
46711,T0046712,H1,16
43897,T0043898,H1,5
45395,T0045396,H1,12
47917,T0047918,H1,17
56597,T0056598,H1,4
87593,T0087594,H1,24
104454,T0104455,H1,0
45288,T0045289,H1,23
59939,T0059940,H1,8
67524,T0067525,H1,2
88876,T0088877,H1,0
52595,T0052596,H1,22
94761,T0094762,H1,16
100272,T0100273,H1,4
71622,T0071623,H1,23
76840,T0076841,H1,1
73481,T0073482,H1,5
75704,T0075705,H1,21
9215,T0009216,H1,5
56296,T0056297,H1,15
89909,T0089910,H1,0
28206,T0028207,H1,4
16955,T0016956,H1,18
75784,T0075785,H1,0
70217,T0070218,H1,15
27590,T0027591,H1,15
53897,T0053898,H1,13
91262,T0091263,H1,20
53222,T0053223,H1,21
49662,T0049663,H1,6
13767,T0013768,H1,18
92098,T0092099,H1,21
59941,T0059942,H1,5
22263,T0022264,H1,9
77689,T0077690,H1,4
83949,T0083950,H1,7
52663,T0052664,H1,8
60177,T0060178,H1,5
40171,T0040172,H1,6
55987,T0055988,H1,5
103993,T0103994,H1,8
5369,T0005370,H1,12
44136,T0044137,H1,17
77691,T0077692,H1,1
7532,T0007533,H1,8
34011,T0034012,H1,23
97500,T0097501,H1,4
61177,T0061178,H1,23
32272,T0032273,H1,9
23797,T0023798,H1,9
17902,T0017903,H1,15
57884,T0057885,H1,1
83813,T0083814,H1,4
53053,T0053054,H1,3
63872,T0063873,H1,15
25319,T0025320,H1,15
59549,T0059550,H1,20
7709,T0007710,H1,4
45286,T0045287,H1,0
30893,T0030894,H1,16
29918,T0029919,H1,19
73178,T0073179,H1,6
36438,T0036439,H1,20
49740,T0049741,H1,12
72382,T0072383,H1,5
27635,T0027636,H1,4
32564,T0032565,H1,3
15825,T0015826,H1,18
31516,T0031517,H1,0
12127,T0012128,H1,15
35538,T0035539,H1,20
72279,T0072280,H1,4
71995,T0071996,H1,9
43073,T0043074,H1,13
45532,T0045533,H1,15
33383,T0033384,H1,18
73949,T0073950,H1,15
18817,T0018818,H1,10
51358,T0051359,H1,2
22895,T0022896,H1,5
59137,T0059138,H1,0
34824,T0034825,H1,4
30148,T0030149,H1,4
60154,T0060155,H1,15
16715,T0016716,H1,20
57856,T0057857,H1,8
21186,T0021187,H1,12
88296,T0088297,H1,15
70418,T0070419,H1,4
91726,T0091727,H1,0
35839,T0035840,H1,15
79189,T0079190,H1,3
20925,T0020926,H1,4
49596,T0049597,H1,0
34499,T0034500,H1,6
67496,T0067497,H1,8
15616,T0015617,H1,7
81385,T0081386,H1,4
6900,T0006901,H1,21
88170,T0088171,H1,18
82236,T0082237,H1,0
90179,T0090180,H1,18
8870,T0008871,H1,8
72745,T0072746,H1,3
80334,T0080335,H1,12
60214,T0060215,H1,3
18818,T0018819,H1,20
60299,T0060300,H1,3
83107,T0083108,H1,13
76122,T0076123,H1,13
51084,T0051085,H1,4
74583,T0074584,H1,23
42398,T0042399,H1,20
5049,T0005050,H1,11
27568,T0027569,H1,0
19407,T0019408,H1,19
87229,T0087230,H1,8
88917,T0088918,H1,15
7507,T0007508,H1,4
62251,T0062252,H1,21
42302,T0042303,H1,20
89225,T0089226,H1,20
82743,T0082744,H1,0
81993,T0081994,H1,15
78775,T0078776,H1,4
103706,T0103707,H1,21
15902,T0015903,H1,3
89306,T0089307,H1,21
33263,T0033264,H1,15
56837,T0056838,H1,9
70277,T0070278,H1,3
97308,T0097309,H1,15
83231,T0083232,H1,5
76694,T0076695,H1,11
103557,T0103558,H1,5
24475,T0024476,H1,20
81613,T0081614,H1,11
66840,T0066841,H1,0
90324,T0090325,H1,8
81257,T0081258,H1,23
88593,T0088594,H1,15
64915,T0064916,H1,4
20851,T0020852,H1,1
11115,T0011116,H1,18
29263,T0029264,H1,15
18736,T0018737,H1,15
96740,T0096741,H1,20
14552,T0014553,H1,22
92074,T0092075,H1,1
54342,T0054343,H1,15
100006,T0100007,H1,4
67365,T0067366,H1,4
87164,T0087165,H1,15
20297,T0020298,H1,0
104154,T0104155,H1,21
76949,T0076950,H1,3
60500,T0060501,H1,8
59884,T0059885,H1,4
60293,T0060294,H1,0
53526,T0053527,H1,4
28505,T0028506,H1,0
61580,T0061581,H1,4
64316,T0064317,H1,8
76667,T0076668,H1,11
27177,T0027178,H1,5
80233,T0080234,H1,8
77172,T0077173,H1,13
103639,T0103640,H1,23
58723,T0058724,H1,4
58353,T0058354,H1,6
98597,T0098598,H1,15
67811,T0067812,H1,11
30037,T0030038,H1,5
82791,T0082792,H1,4
32039,T0032040,H1,18
25156,T0025157,H1,5
65169,T0065170,H1,23
45027,T0045028,H1,21
79113,T0079114,H1,2
4540,T0004541,H1,9
22667,T0022668,H1,5
68920,T0068921,H1,1
35319,T0035320,H1,15
51654,T0051655,H1,5
2735,T0002736,H1,0
87859,T0087860,H1,1
54624,T0054625,H1,2
57862,T0057863,H1,8
33081,T0033082,H1,4
81065,T0081066,H1,12
82043,T0082044,H1,0
32009,T0032010,H1,2
57422,T0057423,H1,17
54657,T0054658,H1,8
48201,T0048202,H1,8
95710,T0095711,H1,15
17093,T0017094,H1,4
5065,T0005066,H1,3
8181,T0008182,H1,15
30322,T0030323,H1,15
63790,T0063791,H1,16
101139,T0101140,H1,0
6191,T0006192,H1,15
76052,T0076053,H1,15
37735,T0037736,H1,4
53084,T0053085,H1,22
13040,T0013041,H1,13
79409,T0079410,H1,3
890,T0000891,H1,1
62374,T0062375,H1,1
6632,T0006633,H1,3
37312,T0037313,H1,2
59388,T0059389,H1,5
103273,T0103274,H1,8
41087,T0041088,H1,1
63236,T0063237,H1,15
28762,T0028763,H1,1
41198,T0041199,H1,20
86731,T0086732,H1,8
47945,T0047946,H1,0
72373,T0072374,H1,15
50008,T0050009,H1,23
75907,T0075908,H1,20
10183,T0010184,H1,23
3641,T0003642,H1,15
69157,T0069158,H1,8
101878,T0101879,H1,16
41412,T0041413,H1,15
64463,T0064464,H1,15
37329,T0037330,H1,8
96530,T0096531,H1,4
31918,T0031919,H1,12
49070,T0049071,H1,9
65309,T0065310,H1,23
85265,T0085266,H1,9
45316,T0045317,H1,15
42363,T0042364,H1,5
49099,T0049100,H1,3
22041,T0022042,H1,16
18245,T0018246,H1,8
94813,T0094814,H1,3
17866,T0017867,H1,24
14716,T0014717,H1,17
90774,T0090775,H1,9
53766,T0053767,H1,11
86910,T0086911,H1,3
68425,T0068426,H1,4
55855,T0055856,H1,15
17784,T0017785,H1,4
92542,T0092543,H1,9
49896,T0049897,H1,0
77318,T0077319,H1,4
66051,T0066052,H1,8
7752,T0007753,H1,0
59379,T0059380,H1,2
26719,T0026720,H1,3
97733,T0097734,H1,21
93038,T0093039,H1,6
94029,T0094030,H1,4
53584,T0053585,H1,8
31399,T0031400,H1,15
9885,T0009886,H1,11
48555,T0048556,H1,8
3558,T0003559,H1,15
44648,T0044649,H1,5
66547,T0066548,H1,8
91139,T0091140,H1,4
51337,T0051338,H1,8
77662,T0077663,H1,5
27157,T0027158,H1,6
66240,T0066241,H1,8
100361,T0100362,H1,12
25000,T0025001,H1,0
49175,T0049176,H1,9
83487,T0083488,H1,5
89746,T0089747,H1,8
41069,T0041070,H1,20
4571,T0004572,H1,15
59160,T0059161,H1,20
10359,T0010360,H1,24
74093,T0074094,H1,21
42818,T0042819,H1,23
24160,T0024161,H1,6
69714,T0069715,H1,23
11063,T0011064,H1,15
35328,T0035329,H1,1
33295,T0033296,H1,4
75967,T0075968,H1,23
37943,T0037944,H1,14
63679,T0063680,H1,6
31755,T0031756,H1,13
19996,T0019997,H1,9
67976,T0067977,H1,4
91813,T0091814,H1,22
5958,T0005959,H1,15
58365,T0058366,H1,1
80137,T0080138,H1,0
46012,T0046013,H1,3
89105,T0089106,H1,6
845,T0000846,H1,10
21892,T0021893,H1,15
89753,T0089754,H1,23
55450,T0055451,H1,21
32956,T0032957,H1,8
26827,T0026828,H1,14
26058,T0026059,H1,9
75854,T0075855,H1,5
101507,T0101508,H1,4
26959,T0026960,H1,17
25815,T0025816,H1,1
13059,T0013060,H1,17
39339,T0039340,H1,18
66937,T0066938,H1,8
38169,T0038170,H1,23
2416,T0002417,H1,15
42184,T0042185,H1,12
36855,T0036856,H1,23
64151,T0064152,H1,1
66514,T0066515,H1,5
62253,T0062254,H1,8
84963,T0084964,H1,4
91595,T0091596,H1,18
11643,T0011644,H1,0
77121,T0077122,H1,0
10507,T0010508,H1,8
84775,T0084776,H1,18
50340,T0050341,H1,13
16683,T0016684,H1,15
81675,T0081676,H1,23
19451,T0019452,H1,21
65940,T0065941,H1,8
88827,T0088828,H1,9
60161,T0060162,H1,5
62315,T0062316,H1,2
29841,T0029842,H1,14
86173,T0086174,H1,6
99153,T0099154,H1,16
17854,T0017855,H1,23
46964,T0046965,H1,8
67546,T0067547,H1,2
100335,T0100336,H1,0
104476,T0104477,H1,16
36431,T0036432,H1,23
98312,T0098313,H1,23
73658,T0073659,H1,9
37187,T0037188,H1,23
92019,T0092020,H1,15
16597,T0016598,H1,8
22659,T0022660,H1,4
56364,T0056365,H1,18
9002,T0009003,H1,21
19646,T0019647,H1,17
28129,T0028130,H1,5
61079,T0061080,H1,8
20735,T0020736,H1,12
9190,T0009191,H1,2
10871,T0010872,H1,4
38397,T0038398,H1,1
45620,T0045621,H1,0
47207,T0047208,H1,5
44210,T0044211,H1,11
25798,T0025799,H1,5
70465,T0070466,H1,5
1624,T0001625,H1,4
29097,T0029098,H1,0
74419,T0074420,H1,13
58259,T0058260,H1,23
83226,T0083227,H1,3
88864,T0088865,H1,11
58627,T0058628,H1,21
30660,T0030661,H1,13
100723,T0100724,H1,18
37925,T0037926,H1,15
28429,T0028430,H1,21
31574,T0031575,H1,15
102806,T0102807,H1,24
59098,T0059099,H1,5
57105,T0057106,H1,4
98653,T0098654,H1,23
3845,T0003846,H1,15
52551,T0052552,H1,9
78049,T0078050,H1,3
104025,T0104026,H1,8
77280,T0077281,H1,15
39225,T0039226,H1,3
20179,T0020180,H1,0
9334,T0009335,H1,3
42527,T0042528,H1,21
95822,T0095823,H1,5
11928,T0011929,H1,5
31565,T0031566,H1,15
8435,T0008436,H1,9
3510,T0003511,H1,13
7646,T0007647,H1,15
24247,T0024248,H1,23
76769,T0076770,H1,19
96304,T0096305,H1,18
102843,T0102844,H1,12
41836,T0041837,H1,8
54084,T0054085,H1,12
85889,T0085890,H1,19
13659,T0013660,H1,9
30208,T0030209,H1,24
31209,T0031210,H1,13
51101,T0051102,H1,2
41473,T0041474,H1,9
23849,T0023850,H1,24
59489,T0059490,H1,5
89287,T0089288,H1,0
48218,T0048219,H1,15
91844,T0091845,H1,11
56952,T0056953,H1,11
101375,T0101376,H1,13
10070,T0010071,H1,21
58961,T0058962,H1,8
67973,T0067974,H1,1
45601,T0045602,H1,6
32721,T0032722,H1,15
25808,T0025809,H1,8
20026,T0020027,H1,14
79489,T0079490,H1,9
36502,T0036503,H1,0
6514,T0006515,H1,8
62971,T0062972,H1,2
90643,T0090644,H1,6
22435,T0022436,H1,0
60971,T0060972,H1,20
7491,T0007492,H1,18
22692,T0022693,H1,3
87701,T0087702,H1,18
76330,T0076331,H1,2
51743,T0051744,H1,4
12964,T0012965,H1,12
70479,T0070480,H1,14
39847,T0039848,H1,9
24581,T0024582,H1,17
64551,T0064552,H1,15
53891,T0053892,H1,18
2997,T0002998,H1,23
4293,T0004294,H1,15
2975,T0002976,H1,3
19888,T0019889,H1,21
16167,T0016168,H1,9
94377,T0094378,H1,9
86047,T0086048,H1,0
76047,T0076048,H1,9
66264,T0066265,H1,4
62140,T0062141,H1,15
96049,T0096050,H1,1
58807,T0058808,H1,15
53528,T0053529,H1,15
64104,T0064105,H1,9
93304,T0093305,H1,5
77069,T0077070,H1,11
31985,T0031986,H1,1
8092,T0008093,H1,21
35130,T0035131,H1,8
86787,T0086788,H1,2
86067,T0086068,H1,17
87095,T0087096,H1,1
97011,T0097012,H1,17
85669,T0085670,H1,15
65341,T0065342,H1,1
65304,T0065305,H1,2
53487,T0053488,H1,17
50123,T0050124,H1,0
16188,T0016189,H1,3
27529,T0027530,H1,18
40921,T0040922,H1,16
1348,T0001349,H1,1
19025,T0019026,H1,23
94048,T0094049,H1,6
38744,T0038745,H1,11
27734,T0027735,H1,0
17526,T0017527,H1,3
103969,T0103970,H1,10
53317,T0053318,H1,11
12694,T0012695,H1,1
52420,T0052421,H1,1
58139,T0058140,H1,0
65889,T0065890,H1,15
97034,T0097035,H1,15
5144,T0005145,H1,21
59704,T0059705,H1,5
52703,T0052704,H1,6
17434,T0017435,H1,13
18439,T0018440,H1,0
72397,T0072398,H1,8
90469,T0090470,H1,18
40089,T0040090,H1,4
46197,T0046198,H1,8
82863,T0082864,H1,13
47313,T0047314,H1,15
97836,T0097837,H1,13
49285,T0049286,H1,5
49670,T0049671,H1,20
66155,T0066156,H1,15
71186,T0071187,H1,20
20707,T0020708,H2,14
64376,T0064377,H2,24
36805,T0036806,H2,2
102453,T0102454,H2,15
59253,T0059254,H2,0
211,T0000212,H2,6
98978,T0098979,H2,11
82529,T0082530,H2,0
50274,T0050275,H2,5
73371,T0073372,H2,4
90157,T0090158,H2,11
86826,T0086827,H2,4
67155,T0067156,H2,8
95460,T0095461,H2,8
13638,T0013639,H2,5
100248,T0100249,H2,23
39119,T0039120,H2,5
66985,T0066986,H2,6
45073,T0045074,H2,8
29842,T0029843,H2,18
86663,T0086664,H2,15
53945,T0053946,H2,20
101523,T0101524,H2,0
5997,T0005998,H2,0
57363,T0057364,H2,4
76777,T0076778,H2,8
28111,T0028112,H2,15
101924,T0101925,H2,9
84915,T0084916,H2,8
86961,T0086962,H2,2
21114,T0021115,H2,15
97098,T0097099,H2,9
24029,T0024030,H2,13
47828,T0047829,H2,1
55563,T0055564,H2,18
61613,T0061614,H2,0
78371,T0078372,H2,8
81733,T0081734,H2,15
55407,T0055408,H2,15
67179,T0067180,H2,24
67855,T0067856,H2,20
34123,T0034124,H2,0
76565,T0076566,H2,5
70127,T0070128,H2,11
48131,T0048132,H2,18
35872,T0035873,H2,1
60697,T0060698,H2,17
50885,T0050886,H2,20
55439,T0055440,H2,6
53241,T0053242,H2,23
68768,T0068769,H2,4
10418,T0010419,H2,24
35630,T0035631,H2,9
100325,T0100326,H2,13
71457,T0071458,H2,0
103882,T0103883,H2,9
81709,T0081710,H2,14
52776,T0052777,H2,15
75614,T0075615,H2,13
58313,T0058314,H2,24
19379,T0019380,H2,9
41615,T0041616,H2,6
102846,T0102847,H2,12
101911,T0101912,H2,20
1034,T0001035,H2,0
91281,T0091282,H2,0
99989,T0099990,H2,17
83339,T0083340,H2,21
30866,T0030867,H2,20
82055,T0082056,H2,11
39826,T0039827,H2,23
91653,T0091654,H2,0
50245,T0050246,H2,16
98871,T0098872,H2,8
54317,T0054318,H2,16
79192,T0079193,H2,12
39712,T0039713,H2,13
83768,T0083769,H2,18
33943,T0033944,H2,13
31747,T0031748,H2,23
70833,T0070834,H2,21
93777,T0093778,H2,19
24195,T0024196,H2,5
13072,T0013073,H2,15
5963,T0005964,H2,4
29196,T0029197,H2,17
25192,T0025193,H2,24
2375,T0002376,H2,21
90051,T0090052,H2,5
37790,T0037791,H2,15
15012,T0015013,H2,3
9782,T0009783,H2,13
89002,T0089003,H2,6
77997,T0077998,H2,7
32073,T0032074,H2,11
88191,T0088192,H2,6
90376,T0090377,H2,0
100094,T0100095,H2,15
55011,T0055012,H2,20
44767,T0044768,H2,8
11174,T0011175,H2,13
22877,T0022878,H2,13
103846,T0103847,H2,15
2826,T0002827,H2,0
14403,T0014404,H2,0
63428,T0063429,H2,0
37557,T0037558,H2,0
81560,T0081561,H2,21
24413,T0024414,H2,15
74370,T0074371,H2,6
81032,T0081033,H2,13
86679,T0086680,H2,22
25533,T0025534,H2,0
64930,T0064931,H2,3
20674,T0020675,H2,8
8255,T0008256,H2,8
46943,T0046944,H2,8
49986,T0049987,H2,15
85456,T0085457,H2,11
95208,T0095209,H2,4
8791,T0008792,H2,13
79322,T0079323,H2,22
24776,T0024777,H2,3
38448,T0038449,H2,4
93754,T0093755,H2,15
28542,T0028543,H2,4
99911,T0099912,H2,23
97006,T0097007,H2,2
27416,T0027417,H2,18
11060,T0011061,H2,3
10196,T0010197,H2,4
6914,T0006915,H2,21
11712,T0011713,H2,22
3386,T0003387,H2,6
37128,T0037129,H2,1
63207,T0063208,H2,3
65630,T0065631,H2,9
40343,T0040344,H2,22
43467,T0043468,H2,1
73457,T0073458,H2,13
57527,T0057528,H2,15
46847,T0046848,H2,17
86352,T0086353,H2,23
42507,T0042508,H2,15
8891,T0008892,H2,23
98133,T0098134,H2,1
85600,T0085601,H2,23
88966,T0088967,H2,4
81171,T0081172,H2,12
7759,T0007760,H2,22
65732,T0065733,H2,1
57167,T0057168,H2,21
58973,T0058974,H2,4
41611,T0041612,H2,0
76415,T0076416,H2,4
18962,T0018963,H2,15
68796,T0068797,H2,9
72135,T0072136,H2,4
30800,T0030801,H2,23
29357,T0029358,H2,17
6923,T0006924,H2,9
3430,T0003431,H2,21
4162,T0004163,H2,10
43656,T0043657,H2,0
68440,T0068441,H2,13
19201,T0019202,H2,4
65527,T0065528,H2,12
60650,T0060651,H2,0
73719,T0073720,H2,9
27629,T0027630,H2,4
76878,T0076879,H2,10
80767,T0080768,H2,23
56185,T0056186,H2,11
7701,T0007702,H2,6
62571,T0062572,H2,21
53892,T0053893,H2,23
45119,T0045120,H2,15
30868,T0030869,H2,15
27689,T0027690,H2,4
32298,T0032299,H2,9
40824,T0040825,H2,20
67203,T0067204,H2,2
96684,T0096685,H2,18
9310,T0009311,H2,19
44267,T0044268,H2,9
18618,T0018619,H2,23
72918,T0072919,H2,9
45980,T0045981,H2,9
90843,T0090844,H2,0
38569,T0038570,H2,8
85806,T0085807,H2,10
102973,T0102974,H2,12
84420,T0084421,H2,18
28476,T0028477,H2,4
6988,T0006989,H2,13
85946,T0085947,H2,6
72412,T0072413,H2,8
26763,T0026764,H2,3
64370,T0064371,H2,5
63693,T0063694,H2,14
84706,T0084707,H2,14
67010,T0067011,H2,15
94460,T0094461,H2,5
46126,T0046127,H2,3
81640,T0081641,H2,2
53655,T0053656,H2,8
4384,T0004385,H2,5
61930,T0061931,H2,4
103120,T0103121,H2,3
76281,T0076282,H2,6
14900,T0014901,H2,20
30324,T0030325,H2,23
58277,T0058278,H2,13
55475,T0055476,H2,15
103605,T0103606,H2,15
90532,T0090533,H2,13
20509,T0020510,H2,4
9881,T0009882,H2,1
54681,T0054682,H2,15
26094,T0026095,H2,16
50208,T0050209,H2,1
61273,T0061274,H2,18
45340,T0045341,H2,5
8630,T0008631,H2,12
56900,T0056901,H2,8
23575,T0023576,H2,20
20351,T0020352,H2,21
100367,T0100368,H2,17
46918,T0046919,H2,2
35504,T0035505,H2,9
41970,T0041971,H2,4
53626,T0053627,H2,4
95741,T0095742,H2,4
64840,T0064841,H2,18
91331,T0091332,H2,5
2810,T0002811,H2,8
102217,T0102218,H2,15
78188,T0078189,H2,23
10864,T0010865,H2,16
72639,T0072640,H2,11
71224,T0071225,H2,4
88339,T0088340,H2,15
94758,T0094759,H2,17
77349,T0077350,H2,16
61281,T0061282,H2,4
32710,T0032711,H2,15
37032,T0037033,H2,15
49142,T0049143,H2,12
89500,T0089501,H2,15
12895,T0012896,H2,20
12139,T0012140,H2,16
33522,T0033523,H2,5
77403,T0077404,H2,4
53306,T0053307,H2,9
38282,T0038283,H2,15
101315,T0101316,H2,9
26508,T0026509,H2,18
15259,T0015260,H2,24
27059,T0027060,H2,3
41046,T0041047,H2,23
96513,T0096514,H2,0
55150,T0055151,H2,23
30106,T0030107,H2,8
97013,T0097014,H2,23
102057,T0102058,H2,15
78068,T0078069,H2,24
44215,T0044216,H2,11
60117,T0060118,H2,1
29999,T0030000,H2,6
46104,T0046105,H2,23
58383,T0058384,H2,1
49010,T0049011,H2,0
3607,T0003608,H2,4
82841,T0082842,H2,2
41014,T0041015,H2,20
71580,T0071581,H2,6
31510,T0031511,H2,21
90939,T0090940,H2,1
66490,T0066491,H2,15
75796,T0075797,H2,14
69739,T0069740,H2,24
54168,T0054169,H2,20
83414,T0083415,H2,15
16634,T0016635,H2,0
1245,T0001246,H2,15
57137,T0057138,H2,5
64942,T0064943,H2,9
8622,T0008623,H2,4
9115,T0009116,H2,8
24077,T0024078,H2,8
24886,T0024887,H2,13
74514,T0074515,H2,12
25640,T0025641,H2,3
46628,T0046629,H2,23
61456,T0061457,H2,21
62062,T0062063,H2,5
10764,T0010765,H2,23
3836,T0003837,H2,4
14349,T0014350,H2,15
3883,T0003884,H2,15
60704,T0060705,H2,16
14166,T0014167,H2,23
29562,T0029563,H2,18
3543,T0003544,H2,5
36477,T0036478,H2,8
4389,T0004390,H2,20
72747,T0072748,H2,1
59452,T0059453,H2,23
43232,T0043233,H2,22
50876,T0050877,H2,21
21216,T0021217,H2,21
45115,T0045116,H2,2
86584,T0086585,H2,5
93050,T0093051,H2,6
68436,T0068437,H2,23
26893,T0026894,H2,21
26806,T0026807,H2,0
23730,T0023731,H2,2
88791,T0088792,H2,6
52566,T0052567,H2,21
85083,T0085084,H2,0
60409,T0060410,H2,13
104534,T0104535,H2,0
90872,T0090873,H2,23
68966,T0068967,H2,8
95999,T0096000,H2,16
67314,T0067315,H2,6
22977,T0022978,H2,6
72789,T0072790,H2,15
73520,T0073521,H2,23
44004,T0044005,H2,20
64005,T0064006,H2,4
99532,T0099533,H2,21
47449,T0047450,H2,2
103434,T0103435,H2,1
62690,T0062691,H2,1
35033,T0035034,H2,8
15675,T0015676,H2,24
91695,T0091696,H2,1
3742,T0003743,H2,1
6777,T0006778,H2,21
874,T0000875,H2,13
21853,T0021854,H2,18
102513,T0102514,H2,8
52344,T0052345,H2,3
2022,T0002023,H2,4
1955,T0001956,H2,6
27180,T0027181,H2,13
56321,T0056322,H2,7
15009,T0015010,H2,4
45810,T0045811,H2,19
3795,T0003796,H2,0
86216,T0086217,H2,5
58428,T0058429,H2,4
93306,T0093307,H2,13
34435,T0034436,H2,17
77701,T0077702,H2,15
40229,T0040230,H2,15
27437,T0027438,H2,2
100747,T0100748,H2,5
45001,T0045002,H2,1
5982,T0005983,H2,8
4911,T0004912,H2,15
96651,T0096652,H2,22
12745,T0012746,H2,2
61016,T0061017,H2,13
7820,T0007821,H2,6
59742,T0059743,H2,0
78473,T0078474,H2,13
44074,T0044075,H2,22
63312,T0063313,H2,23
75711,T0075712,H2,16
48573,T0048574,H2,0
51975,T0051976,H2,12
64709,T0064710,H2,15
29933,T0029934,H2,5
35697,T0035698,H2,13
4488,T0004489,H2,4
2951,T0002952,H2,1
104507,T0104508,H2,4
78735,T0078736,H2,4
96139,T0096140,H2,8
48045,T0048046,H2,4
8201,T0008202,H2,0
57465,T0057466,H2,8
31420,T0031421,H2,4
50523,T0050524,H2,13
57917,T0057918,H2,17
47116,T0047117,H2,0
94620,T0094621,H2,5
87969,T0087970,H2,5
87798,T0087799,H2,13
35112,T0035113,H2,1
43903,T0043904,H2,23
19890,T0019891,H2,16
51024,T0051025,H2,13
17657,T0017658,H2,20
70382,T0070383,H2,11
88048,T0088049,H2,2
71073,T0071074,H2,23
83336,T0083337,H2,7
102804,T0102805,H2,15
11473,T0011474,H2,8
27651,T0027652,H2,4
96158,T0096159,H2,2
53750,T0053751,H2,16
81939,T0081940,H2,6
99453,T0099454,H2,15
59345,T0059346,H2,13
66268,T0066269,H2,11
25971,T0025972,H2,1
1087,T0001088,H2,21
77233,T0077234,H2,5
20580,T0020581,H2,14
67737,T0067738,H2,1
36234,T0036235,H2,3
244,T0000245,H2,24
97177,T0097178,H2,5
37068,T0037069,H2,23
8352,T0008353,H2,7
48843,T0048844,H2,8
19855,T0019856,H2,1
35873,T0035874,H2,15
39397,T0039398,H2,5
104129,T0104130,H2,2
77164,T0077165,H2,23
13561,T0013562,H2,21
77937,T0077938,H2,2
65614,T0065615,H2,9
73075,T0073076,H2,17
26179,T0026180,H2,21
33144,T0033145,H2,15
44958,T0044959,H2,0
74056,T0074057,H2,23
50479,T0050480,H2,15
12831,T0012832,H2,4
38589,T0038590,H2,23
82491,T0082492,H2,4
17167,T0017168,H2,4
99699,T0099700,H2,23
23083,T0023084,H2,4
42655,T0042656,H2,20
22871,T0022872,H2,15
24362,T0024363,H2,12
87107,T0087108,H2,1
58572,T0058573,H2,15
44176,T0044177,H2,15
97294,T0097295,H2,9
10355,T0010356,H2,0
46800,T0046801,H2,13
21143,T0021144,H2,6
88226,T0088227,H2,8
49447,T0049448,H2,12
86335,T0086336,H2,0
70615,T0070616,H2,8
99151,T0099152,H2,4
95923,T0095924,H2,20
42100,T0042101,H2,3
86148,T0086149,H2,1
100569,T0100570,H2,21
81902,T0081903,H2,1
65606,T0065607,H2,0
85920,T0085921,H2,18
25700,T0025701,H2,15
26809,T0026810,H2,20
60162,T0060163,H2,15
47040,T0047041,H2,15
80945,T0080946,H2,15
32723,T0032724,H2,6
29011,T0029012,H2,10
40387,T0040388,H2,8
72739,T0072740,H2,0
102397,T0102398,H2,22
31897,T0031898,H2,4
61719,T0061720,H2,4
70883,T0070884,H2,21
7065,T0007066,H2,1
14895,T0014896,H2,6
23252,T0023253,H2,19
8030,T0008031,H2,0
24926,T0024927,H2,17
75649,T0075650,H2,19
11377,T0011378,H2,3
23939,T0023940,H2,8
66015,T0066016,H2,1
26012,T0026013,H2,5
89378,T0089379,H2,2
25651,T0025652,H2,10
80186,T0080187,H2,1
90557,T0090558,H2,8
90937,T0090938,H2,5
13168,T0013169,H2,4
26131,T0026132,H2,11
30378,T0030379,H2,0
39717,T0039718,H2,4
43739,T0043740,H2,15
44080,T0044081,H2,14
72119,T0072120,H2,15
33014,T0033015,H2,23
45024,T0045025,H2,1
49188,T0049189,H2,15
59057,T0059058,H2,13
33864,T0033865,H2,10
70609,T0070610,H2,23
2283,T0002284,H2,15
94949,T0094950,H2,16
42616,T0042617,H2,8
406,T0000407,H2,4
87744,T0087745,H2,5
14437,T0014438,H2,7
88104,T0088105,H2,3
96298,T0096299,H2,9
1505,T0001506,H2,21
72014,T0072015,H2,0
2935,T0002936,H2,1
90845,T0090846,H2,3
38235,T0038236,H2,0
96865,T0096866,H2,15
65115,T0065116,H2,3
50084,T0050085,H2,23
101820,T0101821,H2,9
59460,T0059461,H2,15
52374,T0052375,H2,13
41755,T0041756,H2,17
75795,T0075796,H2,3
89036,T0089037,H2,18
72331,T0072332,H2,23
69190,T0069191,H2,13
10952,T0010953,H2,18
52873,T0052874,H2,8
38292,T0038293,H2,23
57672,T0057673,H2,4
50669,T0050670,H2,1
70600,T0070601,H2,18
22119,T0022120,H2,0
66793,T0066794,H2,15
63939,T0063940,H2,15
56429,T0056430,H2,10
34465,T0034466,H2,22
69861,T0069862,H2,0
34959,T0034960,H2,14
23880,T0023881,H2,15
91391,T0091392,H2,0
83229,T0083230,H2,13
43560,T0043561,H2,15
62599,T0062600,H2,16
15782,T0015783,H2,13
37012,T0037013,H2,2
48202,T0048203,H2,0
13387,T0013388,H2,17
75409,T0075410,H2,21
71540,T0071541,H2,0
2690,T0002691,H2,6
90367,T0090368,H2,5
80028,T0080029,H2,15
22852,T0022853,H2,1
31825,T0031826,H2,9
33438,T0033439,H2,8
24945,T0024946,H2,18
64839,T0064840,H2,18
66294,T0066295,H2,15
63070,T0063071,H2,0
42371,T0042372,H2,6
68068,T0068069,H2,13
8693,T0008694,H2,1
96803,T0096804,H2,18
47123,T0047124,H2,15
50697,T0050698,H2,5
40628,T0040629,H2,8
47996,T0047997,H2,23
12091,T0012092,H2,24
96404,T0096405,H2,1
27779,T0027780,H2,1
30419,T0030420,H2,4
28110,T0028111,H2,21
13292,T0013293,H2,15
36048,T0036049,H2,16
66343,T0066344,H2,15
74688,T0074689,H2,1
49103,T0049104,H2,15
69287,T0069288,H2,7
72481,T0072482,H2,9
19817,T0019818,H2,0
90948,T0090949,H2,13
104438,T0104439,H2,6
83697,T0083698,H2,2
104090,T0104091,H2,0
25031,T0025032,H2,3
87552,T0087553,H2,4
26655,T0026656,H2,12
70981,T0070982,H2,2
97579,T0097580,H2,5
80288,T0080289,H2,15
87743,T0087744,H2,9
90114,T0090115,H2,24
28077,T0028078,H2,18
53023,T0053024,H2,15
16580,T0016581,H2,3
88062,T0088063,H2,0
85663,T0085664,H2,15
91687,T0091688,H2,0
54539,T0054540,H2,15
16722,T0016723,H2,23
75132,T0075133,H2,12
31454,T0031455,H2,6
56527,T0056528,H2,18
46890,T0046891,H2,23
47517,T0047518,H2,15
36949,T0036950,H2,18
82259,T0082260,H2,23
5127,T0005128,H2,22
47417,T0047418,H2,3
23343,T0023344,H2,8
13920,T0013921,H2,9
60059,T0060060,H2,16
66510,T0066511,H2,8
23779,T0023780,H2,8
10820,T0010821,H2,14
1206,T0001207,H2,13
64495,T0064496,H2,21
84884,T0084885,H2,20
80351,T0080352,H2,0
8804,T0008805,H2,20
11398,T0011399,H2,4
102906,T0102907,H2,15
69150,T0069151,H2,15
67921,T0067922,H2,5
78689,T0078690,H2,13
34332,T0034333,H2,13
61219,T0061220,H2,5
7332,T0007333,H2,8
51396,T0051397,H2,4
49943,T0049944,H2,11
83027,T0083028,H2,3
10632,T0010633,H2,16
104509,T0104510,H2,23
21370,T0021371,H2,18
13791,T0013792,H2,23
57761,T0057762,H2,16
61660,T0061661,H2,23
27443,T0027444,H2,5
90444,T0090445,H2,8
30166,T0030167,H2,24
14070,T0014071,H2,22
82926,T0082927,H2,15
20460,T0020461,H2,1
80230,T0080231,H2,9
101247,T0101248,H2,13
54262,T0054263,H2,15
24371,T0024372,H2,5
76635,T0076636,H2,0
19872,T0019873,H2,9
45233,T0045234,H2,12
60384,T0060385,H2,1
35323,T0035324,H2,23
75247,T0075248,H2,10
45106,T0045107,H2,18
16134,T0016135,H2,6
43077,T0043078,H2,20
12966,T0012967,H2,0
21797,T0021798,H2,11
73074,T0073075,H2,6
53529,T0053530,H2,15
58205,T0058206,H2,8
28232,T0028233,H2,15
15351,T0015352,H2,8
56060,T0056061,H2,0
75291,T0075292,H2,2
39965,T0039966,H2,4
50821,T0050822,H2,2
97553,T0097554,H2,13
50543,T0050544,H2,0
63453,T0063454,H2,0
84829,T0084830,H2,3
62562,T0062563,H2,8
17822,T0017823,H2,4
59199,T0059200,H2,15
68844,T0068845,H2,9
51671,T0051672,H2,4
58611,T0058612,H2,15
1032,T0001033,H2,5
8337,T0008338,H2,8
18006,T0018007,H2,23
1934,T0001935,H2,18
83867,T0083868,H2,14
19799,T0019800,H2,16
1521,T0001522,H2,20
22516,T0022517,H2,18
84077,T0084078,H2,23
21014,T0021015,H2,9
4301,T0004302,H2,11
81391,T0081392,H2,3
11241,T0011242,H2,1
74597,T0074598,H2,15
67721,T0067722,H2,18
6052,T0006053,H2,2
5619,T0005620,H2,4
3354,T0003355,H2,9
99106,T0099107,H2,9
35733,T0035734,H2,16
94163,T0094164,H2,6
13111,T0013112,H2,13
40617,T0040618,H2,16
58720,T0058721,H2,3
84015,T0084016,H2,18
32069,T0032070,H2,4
104403,T0104404,H2,15
14055,T0014056,H2,5
87147,T0087148,H2,0
40675,T0040676,H2,5
3618,T0003619,H2,21
38727,T0038728,H2,24
91837,T0091838,H2,15
82283,T0082284,H2,2
99678,T0099679,H2,15
34570,T0034571,H2,0
99990,T0099991,H2,9
100985,T0100986,H2,0
87,T0000088,H2,5
41479,T0041480,H2,7
42966,T0042967,H2,4
21163,T0021164,H2,12
68468,T0068469,H2,1
89294,T0089295,H2,2
60995,T0060996,H2,4
6185,T0006186,H2,17
17580,T0017581,H2,0
39468,T0039469,H2,5
95406,T0095407,H2,16
85432,T0085433,H2,0
97671,T0097672,H2,3
17708,T0017709,H2,20
87501,T0087502,H2,1
436,T0000437,H2,15
50963,T0050964,H2,5
32560,T0032561,H2,3
80585,T0080586,H2,8
33700,T0033701,H2,3
57147,T0057148,H2,0
89404,T0089405,H2,15
11817,T0011818,H2,5
13496,T0013497,H2,18
67738,T0067739,H2,4
96744,T0096745,H2,2
100423,T0100424,H2,23
49861,T0049862,H2,18
95009,T0095010,H2,20
40386,T0040387,H2,15
79966,T0079967,H2,8
95057,T0095058,H2,23
94444,T0094445,H2,11
12030,T0012031,H2,0
35185,T0035186,H2,0
2776,T0002777,H2,4
85015,T0085016,H2,23
26363,T0026364,H2,15
58336,T0058337,H2,15
66863,T0066864,H2,4
5391,T0005392,H2,2
3251,T0003252,H2,23
28174,T0028175,H2,24
75597,T0075598,H2,15
20275,T0020276,H2,0
95227,T0095228,H2,9
58561,T0058562,H2,23
19323,T0019324,H2,16
86764,T0086765,H2,15
42150,T0042151,H2,14
47636,T0047637,H2,0
13190,T0013191,H2,15
91266,T0091267,H2,2
29597,T0029598,H2,1
77213,T0077214,H2,22
96591,T0096592,H2,8
93719,T0093720,H2,15
33921,T0033922,H2,23
24390,T0024391,H2,3
67851,T0067852,H2,3
64520,T0064521,H2,0
100930,T0100931,H2,3
100543,T0100544,H2,3
50618,T0050619,H2,9
101120,T0101121,H2,8
57626,T0057627,H2,9
79962,T0079963,H2,4
42420,T0042421,H2,18
101934,T0101935,H2,15
71632,T0071633,H2,1
46554,T0046555,H2,8
88312,T0088313,H2,1
71579,T0071580,H2,8
40520,T0040521,H2,0
40477,T0040478,H2,23
89476,T0089477,H2,14
87892,T0087893,H2,6
12154,T0012155,H2,12
70129,T0070130,H2,1
71022,T0071023,H2,13
81819,T0081820,H2,13
103071,T0103072,H2,13
97832,T0097833,H2,13
32417,T0032418,H2,0
2641,T0002642,H2,5
38542,T0038543,H2,0
49371,T0049372,H2,24
87833,T0087834,H2,1
10612,T0010613,H2,16
49434,T0049435,H2,3
84798,T0084799,H2,1
83390,T0083391,H2,20
40127,T0040128,H2,13
44475,T0044476,H2,22
30152,T0030153,H2,15
26584,T0026585,H2,7
16023,T0016024,H2,4
12072,T0012073,H2,3
96600,T0096601,H2,8
22454,T0022455,H2,18
83,T0000084,H2,0
93145,T0093146,H2,4
100480,T0100481,H2,13
98415,T0098416,H2,4
86659,T0086660,H2,15
27187,T0027188,H2,15
37109,T0037110,H2,22
91699,T0091700,H2,15
45433,T0045434,H2,23
35210,T0035211,H2,8
86919,T0086920,H2,23
98454,T0098455,H2,23
80594,T0080595,H2,15
4947,T0004948,H2,11
83434,T0083435,H2,3
44977,T0044978,H2,23
41585,T0041586,H2,20
4271,T0004272,H2,9
48618,T0048619,H2,13
56920,T0056921,H2,17
65763,T0065764,H2,18
60991,T0060992,H2,3
18940,T0018941,H2,9
30557,T0030558,H2,1
36873,T0036874,H2,23
86242,T0086243,H2,15
104342,T0104343,H2,23
42657,T0042658,H2,9
38949,T0038950,H2,7
14102,T0014103,H2,0
90084,T0090085,H2,6
12987,T0012988,H2,13
20753,T0020754,H2,9
81373,T0081374,H2,5
30020,T0030021,H2,8
102035,T0102036,H2,4
46204,T0046205,H2,3
71440,T0071441,H2,8
68992,T0068993,H2,15
71118,T0071119,H2,0
28973,T0028974,H2,0
48152,T0048153,H2,4
95845,T0095846,H2,18
102799,T0102800,H2,21
86835,T0086836,H2,9
28950,T0028951,H2,19
5072,T0005073,H2,0
36682,T0036683,H2,10
30668,T0030669,H2,6
90358,T0090359,H2,4
53890,T0053891,H2,5
63763,T0063764,H2,23
36276,T0036277,H2,0
104064,T0104065,H2,7
104374,T0104375,H2,0
83059,T0083060,H2,4
59550,T0059551,H2,1
41616,T0041617,H2,10
96147,T0096148,H2,5
65926,T0065927,H2,23
4944,T0004945,H2,17
98052,T0098053,H2,1
24872,T0024873,H2,15
73304,T0073305,H2,1
2900,T0002901,H2,20
54849,T0054850,H2,18
64672,T0064673,H2,12
13249,T0013250,H2,15
52433,T0052434,H2,15
83440,T0083441,H2,24
87907,T0087908,H2,11
62419,T0062420,H2,0
15185,T0015186,H2,8
68502,T0068503,H2,16
29309,T0029310,H2,23
83368,T0083369,H2,13
42305,T0042306,H2,9
74693,T0074694,H2,21
86346,T0086347,H2,16
102764,T0102765,H2,4
1642,T0001643,H2,3
7851,T0007852,H2,19
35693,T0035694,H2,19
82842,T0082843,H2,23
4940,T0004941,H2,5
29767,T0029768,H2,4
10353,T0010354,H2,16
100256,T0100257,H2,16
44442,T0044443,H2,8
96917,T0096918,H2,4
81841,T0081842,H2,4
97491,T0097492,H2,15
47480,T0047481,H2,13
81030,T0081031,H2,4
93907,T0093908,H2,13
17068,T0017069,H2,5
28081,T0028082,H2,0
69797,T0069798,H2,23
14116,T0014117,H2,2
72887,T0072888,H2,5
64405,T0064406,H2,15
71955,T0071956,H2,15
7544,T0007545,H2,14
39481,T0039482,H2,0
54586,T0054587,H2,3
2176,T0002177,H2,9
88364,T0088365,H2,1
67623,T0067624,H2,5
89671,T0089672,H2,15
22493,T0022494,H2,15
89895,T0089896,H2,23
7037,T0007038,H2,0
89367,T0089368,H2,3
28552,T0028553,H2,23
12226,T0012227,H2,2
38421,T0038422,H2,4
16460,T0016461,H2,23
53021,T0053022,H2,11
74845,T0074846,H2,2
92095,T0092096,H2,23
17200,T0017201,H2,5
93728,T0093729,H2,18
58031,T0058032,H2,24
67439,T0067440,H2,4
90325,T0090326,H2,16
48585,T0048586,H2,15
48659,T0048660,H2,4
15080,T0015081,H2,0
33812,T0033813,H2,9
81555,T0081556,H2,21
5450,T0005451,H2,0
98341,T0098342,H2,15
73268,T0073269,H2,0
54104,T0054105,H2,16
98233,T0098234,H2,3
91180,T0091181,H2,2
1259,T0001260,H2,4
73417,T0073418,H2,17
63973,T0063974,H2,13
74238,T0074239,H2,24
37191,T0037192,H2,9
12035,T0012036,H2,1
65369,T0065370,H2,8
68650,T0068651,H2,15
28949,T0028950,H2,0
40711,T0040712,H2,4
16633,T0016634,H2,21
19017,T0019018,H2,11
22635,T0022636,H2,2
52131,T0052132,H2,16
19499,T0019500,H2,5
102377,T0102378,H2,3
95448,T0095449,H2,17
87306,T0087307,H2,0
10290,T0010291,H2,23
34082,T0034083,H2,15
70053,T0070054,H2,16
50034,T0050035,H2,23
36529,T0036530,H2,4
6917,T0006918,H2,17
84412,T0084413,H2,8
102684,T0102685,H2,23
28071,T0028072,H2,3
57510,T0057511,H2,5
49714,T0049715,H2,15
95081,T0095082,H2,24
71392,T0071393,H2,23
102307,T0102308,H2,0
46334,T0046335,H2,6
68264,T0068265,H2,23
1139,T0001140,H2,15
32038,T0032039,H2,0
58162,T0058163,H2,19
45594,T0045595,H2,3
74463,T0074464,H2,9
36665,T0036666,H2,9
70580,T0070581,H2,5
56539,T0056540,H2,4
34589,T0034590,H2,8
3213,T0003214,H2,13
96867,T0096868,H2,4
49800,T0049801,H2,3
