item_id,candidate_id,tweet_id,text
TC006200,C0062,T0074436,Turnout in this week's primaries beat 2018 levels in most counties.
TC006201,C0062,T0056741,Good jobs and a fair shot — that's what this campaign is about for CA.
TC006202,C0062,T0058997,"Happy Fourth of July from our family to yours, CA!"
TC006203,C0062,T0087553,Sanctuary policies put CA communities at risk. I'll end them.
TC006204,C0062,T0027287,Sanctuary policies put CA communities at risk. I'll end them.
TC006205,C0062,T0033450,New analysis: energy mandates will raise household electric bills sharply. Voters deserve the truth.
TC006206,C0062,T0095823,REPORT: Federal regulations cost small businesses billions last year. Time to cut the red tape.
TC006207,C0062,T0070834,"Phone bank tonight at 7pm! Grab a coffee and join us — training provided, no experience needed."
TC006208,C0062,T0019101,Our immigration system has been broken for decades. Both parties share the blame — CA deserves solutions.
TC006209,C0062,T0010168,Our immigration system has been broken for decades. Both parties share the blame — CA deserves solutions.
TC006210,C0062,T0086310,Crime stats out this morning. Soft-on-crime policies have a body of evidence now — and it's damning.
TC006211,C0062,T0079739,"Illegal immigration drives down wages for CA workers. Enforce the law, protect American jobs."
TC006212,C0062,T0044242,Filed our FEC report: best fundraising quarter yet. Thank you to every supporter.
TC006213,C0062,T0053019,ICYMI: our candidate tracker now covers every House and Senate race. Bookmark it.
TC006214,C0062,T0100222,Inflation is a tax on every family. Washington's reckless spending has to stop.
TC006215,C0062,T0060353,Border crossings surge again — where is the accountability?
TC006216,C0062,T0022887,REPORT: Federal regulations cost small businesses billions last year. Time to cut the red tape.
TC006217,C0062,T0061396,Join us Saturday at 10am for a town hall in Millbrook! Doors open early — bring your questions.
TC006218,C0062,T0006250,Secure the border. Period. I'll fund the wall and back our Border Patrol agents 100%.
TC006219,C0062,T0051792,Debate night. Watch live at 7pm and see the contrast for yourself.
TC006220,C0062,T0074551,REPORT: Federal regulations cost small businesses billions last year. Time to cut the red tape.
TC006221,C0062,T0077786,REPORT: Federal regulations cost small businesses billions last year. Time to cut the red tape.
TC006222,C0062,T0064655,ICYMI: our candidate tracker now covers every House and Senate race. Bookmark it.
TC006223,C0062,T0057583,Government doesn't create prosperity — entrepreneurs do. Let's get Washington out of the way.
TC006224,C0062,T0091941,Turnout in this week's primaries beat 2018 levels in most counties.
TC007200,C0072,T0025090,Met with local business owners in Georgetown today about what they need to grow and hire.
TC007201,C0072,T0074641,Our immigration system has been broken for decades. Both parties share the blame — CA deserves solutions.
TC007202,C0072,T0081157,New analysis: energy mandates will raise household electric bills sharply. Voters deserve the truth.
TC007203,C0072,T0041155,Toured the new energy facility in Dover Plains today. CA workers are second to none.
TC007204,C0072,T0079307,I am proudly pro-life and will always defend the unborn.
TC007205,C0072,T0006454,Peace through strength. A strong military is the best guarantee our enemies stay in check.
TC007206,C0072,T0103014,Border crossings surge again — where is the accountability?
TC007207,C0072,T0075585,Rode along with Harrisburg officers last night. Grateful for what they do every shift.
TC007208,C0072,T0048227,I am proudly pro-life and will always defend the unborn.
TC007209,C0072,T0072226,Our latest polling roundup for the 2022 midterms is live. Key races tightening.
TC007210,C0072,T0083781,Turnout in this week's primaries beat 2018 levels in most counties.
TC007211,C0072,T0009850,Democracy works when we show up. Check your registration today — link in bio.
TC007212,C0072,T0089528,Stopped by Riverton Elementary today. Our teachers are heroes — period.
TC007213,C0072,T0086744,This issue is deeply personal for families across CA. I'll always listen first.
TC007214,C0072,T0103831,Washington elites think they know better than CA voters. I trust the people.
TC007215,C0072,T0094863,Visited the community health center in Fairview — grateful for the nurses and staff who keep it running.
TC007216,C0072,T0000055,New analysis: energy mandates will raise household electric bills sharply. Voters deserve the truth.
TC007217,C0072,T0029178,We can be good stewards of the land without strangling CA's energy workers with mandates.
TC007218,C0072,T0001952,We can back the police AND demand accountability. Those aren't opposites.
TC007219,C0072,T0083392,"School choice gives every CA family a shot at a great education, regardless of zip code."
TC007220,C0072,T0008037,We must balance the budget like every family in CA has to. No more blank checks.
TC007221,C0072,T0103120,ICYMI: our candidate tracker now covers every House and Senate race. Bookmark it.
TC007222,C0072,T0065987,Every family deserves a safe neighborhood. Law and order is on the ballot.
TC007223,C0072,T0036038,Met with local business owners in Cedar Falls today about what they need to grow and hire.
TC007224,C0072,T0016662,"New endorsement dropping tomorrow morning. Stay tuned, CA!"
TC008500,C0085,T0049455,Honored to meet with veterans in Lakewood today. We owe them more than words.
TC008501,C0085,T0066534,Toured the new energy facility in Franklin today. CA workers are second to none.
TC008502,C0085,T0078368,Protecting our air and water isn't radical — poisoning them for profit is.
TC008503,C0085,T0063258,BREAKING: Another state expands Medicaid — and rural hospitals immediately benefit.
TC008504,C0085,T0047052,"Immigrants power CA's farms, hospitals, and small businesses. Our economy depends on fixing this broken system."
TC008505,C0085,T0076081,Diplomacy first. Endless wars cost CA families dearly — in lives and in dollars.
TC008506,C0085,T0038130,"Book bans don't protect kids. Librarians and teachers deserve our trust, not harassment."
TC008507,C0085,T0049861,"The climate crisis is here — CA families are paying for it in floods, fires, and insurance bills. We need clean energy now."
TC008508,C0085,T0083432,Knocking doors in Millbrook with an incredible team of volunteers today. The energy is real!
TC008509,C0085,T0030386,Diplomacy first. Endless wars cost CA families dearly — in lives and in dollars.
TC008510,C0085,T0040528,Childcare costs are crushing parents in CA. My plan caps costs and invests in providers.
TC008511,C0085,T0013937,Corporate consolidation is squeezing family farms and small businesses. We need real antitrust enforcement.
TC008512,C0085,T0048668,Filed our FEC report: best fundraising quarter yet. Thank you to every supporter.
TC008513,C0085,T0044077,This issue is deeply personal for families across CA. I'll always listen first.
TC008514,C0085,T0077613,Stopped by Georgetown Elementary today. Our teachers are heroes — period.
TC008515,C0085,T0019430,Honored to meet with veterans in Oak Ridge today. We owe them more than words.
TC008516,C0085,T0045051,"Clean energy jobs are the future, and CA can lead. I'll fight for wind, solar, and battery manufacturing here at home."
TC008517,C0085,T0036351,Debate night. Watch live at noon and see the contrast for yourself.
TC008518,C0085,T0096801,NEW REPORT: Corporate profits hit record highs while wages stagnate. The data is undeniable.
TC008519,C0085,T0023282,"The climate crisis is here — CA families are paying for it in floods, fires, and insurance bills. We need clean energy now."
TC008800,C0088,T0064698,"Illegal immigration drives down wages for CA workers. Enforce the law, protect American jobs."
TC008801,C0088,T0088222,We can protect people with pre-existing conditions without a big-government takeover of medicine.
TC008802,C0088,T0011044,Democracy works when we show up. Check your registration today — link in bio.
TC008803,C0088,T0037701,"Every family in CA deserves access to quality, affordable care. Full stop."
TC008804,C0088,T0017334,"The Second Amendment isn't negotiable. I'll oppose every gun grab, every time."
TC008805,C0088,T0092199,Toured the new energy facility in Cedar Falls today. CA workers are second to none.
TC008806,C0088,T0078243,Met with local business owners in Summit today about what they need to grow and hire.
TC008807,C0088,T0093566,Met with law enforcement and community leaders in Dover Plains about keeping our neighborhoods safe.
TC008808,C0088,T0089188,Democracy works when we show up. Check your registration today — link in bio.
TC008809,C0088,T0033668,Good jobs and a fair shot — that's what this campaign is about for CA.
TC008810,C0088,T0068691,Democracy works when we show up. Check your registration today — link in bio.
TC008811,C0088,T0075583,Small businesses in CA are drowning in red tape. I'll cut job-killing regulations on day one.
TC008812,C0088,T0056989,Gerrymandering lets politicians pick their voters. Independent commissions would fix that.
TC008813,C0088,T0001051,Our immigration system has been broken for decades. Both parties share the blame — CA deserves solutions.
TC008814,C0088,T0038236,"Every family in CA deserves access to quality, affordable care. Full stop."
TC008815,C0088,T0025374,Met with law enforcement and community leaders in Franklin about keeping our neighborhoods safe.
TC008816,C0088,T0069051,Sanctuary policies put CA communities at risk. I'll end them.
TC008817,C0088,T0099426,"Lower taxes, less government, more freedom. That's how we get CA's economy roaring again."
TC008818,C0088,T0072527,Price transparency and competition will lower costs faster than any government mandate.
TC008819,C0088,T0026320,We must balance the budget like every family in CA has to. No more blank checks.
TC008820,C0088,T0090871,The Constitution isn't a suggestion. I'll defend free speech and religious liberty against any government overreach.
TC008821,C0088,T0035465,Washington elites think they know better than CA voters. I trust the people.
TC008900,C0089,T0044441,Honored to meet with veterans in Harrisburg today. We owe them more than words.
TC008901,C0089,T0008186,Met with law enforcement and community leaders in Lakewood about keeping our neighborhoods safe.
TC008902,C0089,T0081517,"Human rights must be at the center of American foreign policy, not an afterthought."
TC008903,C0089,T0090031,Gun violence is a public health crisis. Prevention works — I've seen it in Bremerton.
TC008904,C0089,T0001414,This map of clean-energy job growth should be front-page news.
TC008905,C0089,T0055981,Corporate consolidation is squeezing family farms and small businesses. We need real antitrust enforcement.
TC008906,C0089,T0043066,Rural hospitals in CA are closing while insurers post record profits. That ends when we hold them accountable.
TC008907,C0089,T0035500,"Every family in CA deserves access to quality, affordable care. Full stop."
TC008908,C0089,T0067896,Union jobs built the middle class. I'm proud to stand with workers on the picket line in CA.
TC008909,C0089,T0028743,Honored to meet with veterans in Bremerton today. We owe them more than words.
TC008910,C0089,T0054318,Democracy works when we show up. Check your registration today — link in bio.
TC008911,C0089,T0017703,Big Oil made record profits while your utility bill doubled. I'll end their subsidies.
TC008912,C0089,T0076162,China is eating our lunch on trade and technology. I'll put American workers first.
TC008913,C0089,T0078051,I respect the Second Amendment AND believe weapons of war don't belong on our streets.
TC008914,C0089,T0014489,Childcare costs are crushing parents in CA. My plan caps costs and invests in providers.
TC008915,C0089,T0009726,Study: universal pre-K pays for itself within a decade. Pass it on.
TC008916,C0089,T0078678,"Human rights must be at the center of American foreign policy, not an afterthought."
TC008917,C0089,T0078649,"Clean energy jobs are the future, and CA can lead. I'll fight for wind, solar, and battery manufacturing here at home."
TC008918,C0089,T0079170,I respect the Second Amendment AND believe weapons of war don't belong on our streets.
TC008919,C0089,T0079661,We can back the police AND demand accountability. Those aren't opposites.
TC008920,C0089,T0002208,Corporate consolidation is squeezing family farms and small businesses. We need real antitrust enforcement.
TC008921,C0089,T0003439,Union jobs built the middle class. I'm proud to stand with workers on the picket line in CA.
TC008922,C0089,T0089357,Rode along with Georgetown officers last night. Grateful for what they do every shift.
TC008923,C0089,T0076551,"Every family in CA deserves access to quality, affordable care. Full stop."
TC008924,C0089,T0032642,Visited the community health center in Alton — grateful for the nurses and staff who keep it running.
TC011100,C0111,T0103375,Thank you Lakewood! Standing room only tonight. This movement is growing every single day.
TC011101,C0111,T0104222,Voter purges are quietly accelerating ahead of the midterms. We're tracking every state.
TC011102,C0111,T0066019,Dreamers are Americans in every way but paperwork. I'll vote for a pathway to citizenship.
TC011103,C0111,T0011466,Filed our FEC report: best fundraising quarter yet. Thank you to every supporter.
TC011104,C0111,T0031867,"Phone bank tonight at 6pm! Grab a coffee and join us — training provided, no experience needed."
TC011105,C0111,T0014454,Democracy works when we show up. Check your registration today — link in bio.
TC011106,C0111,T0036346,Knocking doors in Alton with an incredible team of volunteers today. The energy is real!
TC011107,C0111,T0060258,ICYMI: our candidate tracker now covers every House and Senate race. Bookmark it.
TC011108,C0111,T0058665,"We just crossed 15,000 grassroots donors! Average gift: $27. This campaign is powered by people, not PACs."
TC011109,C0111,T0012744,Gun violence is a public health crisis. Prevention works — I've seen it in Georgetown.
TC011110,C0111,T0082022,Democracy works when we show up. Check your registration today — link in bio.
TC011111,C0111,T0036709,Soft-on-crime policies have consequences. I'll fight for tougher sentences for violent offenders.
TC011112,C0111,T0056868,"We just crossed 10,000 grassroots donors! Average gift: $27. This campaign is powered by people, not PACs."
TC011113,C0111,T0031102,Voter purges are quietly accelerating ahead of the midterms. We're tracking every state.
TC011114,C0111,T0023578,Gun violence is a public health crisis. Prevention works — I've seen it in Kingsport.
TC011115,C0111,T0004400,NEW REPORT: Corporate profits hit record highs while wages stagnate. The data is undeniable.
TC011116,C0111,T0064329,"Real public safety means investing in communities — mental health response, youth programs, and accountable policing."
TC011117,C0111,T0022809,NEW REPORT: Corporate profits hit record highs while wages stagnate. The data is undeniable.
TC011118,C0111,T0002873,REPORT: Federal regulations cost small businesses billions last year. Time to cut the red tape.
TC011119,C0111,T0102269,"I'll fight to expand Medicaid and cap insulin costs for every patient, not just some."
TC011120,C0111,T0099384,Election integrity matters. Voter ID is common sense and most Americans agree.
TC011121,C0111,T0069445,BREAKING: Another state expands Medicaid — and rural hospitals immediately benefit.
TC011122,C0111,T0102716,Stopped by Harrisburg Elementary today. Our teachers are heroes — period.
TC011123,C0111,T0049311,Our latest polling roundup for the 2022 midterms is live. Key races tightening.
TC011124,C0111,T0087131,Union jobs built the middle class. I'm proud to stand with workers on the picket line in CA.
TC023700,C0237,T0098669,Visited the community health center in Millbrook — grateful for the nurses and staff who keep it running.
TC023701,C0237,T0027515,Voting should be easy and secure — for everyone. I'll fight voter suppression wherever it appears.
TC023702,C0237,T0076398,Voting should be easy and secure — for everyone. I'll fight voter suppression wherever it appears.
TC023703,C0237,T0095316,Stopped by Harrisburg Elementary today. Our teachers are heroes — period.
TC023704,C0237,T0005789,Big Pharma spends millions lobbying to keep prices high. I don't take their money — and I'll vote to negotiate prices.
TC023705,C0237,T0014155,Big Pharma spends millions lobbying to keep prices high. I don't take their money — and I'll vote to negotiate prices.
TC023706,C0237,T0064126,Stopped by Madison Heights Elementary today. Our teachers are heroes — period.
TC023707,C0237,T0086916,Rural hospitals in GA are closing while insurers post record profits. That ends when we hold them accountable.
TC023708,C0237,T0027488,Working families deserve a raise. I'll fight to lift the minimum wage and rein in corporate price gouging.
TC023709,C0237,T0011861,"Immigrants power GA's farms, hospitals, and small businesses. Our economy depends on fixing this broken system."
TC023710,C0237,T0042975,"Standing with our allies isn't weakness, it's strength. Alliances keep Americans safe."
TC023711,C0237,T0039839,China is eating our lunch on trade and technology. I'll put American workers first.
TC023712,C0237,T0064299,"Unleash American energy. Lower prices at the pump start with producing more, not begging OPEC."
TC023713,C0237,T0079402,Honored to meet with veterans in Kingsport today. We owe them more than words.
TC023714,C0237,T0017487,Visited the community health center in Madison Heights — grateful for the nurses and staff who keep it running.
TC023715,C0237,T0034476,Peace through strength. A strong military is the best guarantee our enemies stay in check.
TC023716,C0237,T0057925,"Every kid in GA deserves a great public school — fully funded, with teachers paid what they're worth."
TC023717,C0237,T0040189,Big Oil made record profits while your utility bill doubled. I'll end their subsidies.
TC023718,C0237,T0069259,"Happy Veterans Day from our family to yours, GA!"
TC023719,C0237,T0091882,Billionaires shouldn't pay a lower tax rate than teachers. Time to make the wealthy pay their fair share.
TC023720,C0237,T0021126,Stopped by Clayton Elementary today. Our teachers are heroes — period.
TC023721,C0237,T0032378,"Human rights must be at the center of American foreign policy, not an afterthought."
TC023722,C0237,T0083438,Stopped by Bremerton Elementary today. Our teachers are heroes — period.
TC023723,C0237,T0017558,"Standing with our allies isn't weakness, it's strength. Alliances keep Americans safe."
TC023724,C0237,T0047066,Yard signs are IN. Swing by the Bremerton office and grab one this weekend!
TC025600,C0256,T0054986,Rode along with Millbrook officers last night. Grateful for what they do every shift.
TC025601,C0256,T0035225,Turnout in this week's primaries beat 2018 levels in most counties.
TC025602,C0256,T0019925,This map of clean-energy job growth should be front-page news.
TC025603,C0256,T0083154,Union jobs built the middle class. I'm proud to stand with workers on the picket line in IL.
TC025604,C0256,T0040854,Childcare costs are crushing parents in IL. My plan caps costs and invests in providers.
TC025605,C0256,T0077946,"Real public safety means investing in communities — mental health response, youth programs, and accountable policing."
TC025606,C0256,T0059525,Met with local business owners in Millbrook today about what they need to grow and hire.
TC025607,C0256,T0063181,"I'll always back the blue. Our officers in IL deserve support, not defunding."
TC025608,C0256,T0045716,"We just crossed 10,000 grassroots donors! Average gift: $27. This campaign is powered by people, not PACs."
TC025609,C0256,T0051647,The Constitution isn't a suggestion. I'll defend free speech and religious liberty against any government overreach.
TC025610,C0256,T0065608,Yard signs are IN. Swing by the Greenville office and grab one this weekend!
TC025611,C0256,T0070204,"Every kid in IL deserves a great public school — fully funded, with teachers paid what they're worth."
TC025612,C0256,T0044283,Our latest polling roundup for the 2022 midterms is live. Key races tightening.
TC025613,C0256,T0102666,Union jobs built the middle class. I'm proud to stand with workers on the picket line in IL.
TC025614,C0256,T0089204,Corporate consolidation is squeezing family farms and small businesses. We need real antitrust enforcement.
TC025615,C0256,T0092303,Good jobs and a fair shot — that's what this campaign is about for IL.
TC025616,C0256,T0032027,"Clean energy jobs are the future, and IL can lead. I'll fight for wind, solar, and battery manufacturing here at home."
TC025617,C0256,T0093220,Student debt is holding back a generation. I support relief and free community college.
TC025618,C0256,T0022223,Good jobs and a fair shot — that's what this campaign is about for IL.
TC025800,C0258,T0031060,Every family deserves a safe neighborhood. Law and order is on the ballot.
TC025801,C0258,T0087996,Poll: overwhelming majority supports voter ID. This shouldn't be controversial.
TC025802,C0258,T0077325,Crime stats out this morning. Soft-on-crime policies have a body of evidence now — and it's damning.
TC025803,C0258,T0009831,Our latest polling roundup for the 2022 midterms is live. Key races tightening.
TC025804,C0258,T0053478,Our immigration system has been broken for decades. Both parties share the blame — IL deserves solutions.
TC025805,C0258,T0049420,"We just crossed 15,000 grassroots donors! Average gift: $27. This campaign is powered by people, not PACs."
TC025806,C0258,T0001617,Stopped by Oak Ridge Elementary today. Our teachers are heroes — period.
TC025807,C0258,T0018907,Our immigration system has been broken for decades. Both parties share the blame — IL deserves solutions.
TC025808,C0258,T0082876,Our immigration system has been broken for decades. Both parties share the blame — IL deserves solutions.
TC025809,C0258,T0038939,Our latest polling roundup for the 2022 midterms is live. Key races tightening.
TC025810,C0258,T0027055,Join us Saturday at 2pm for a town hall in Madison Heights! Doors open early — bring your questions.
TC025811,C0258,T0074256,"Our new ad is live. Watch it, share it, and chip in $5 if you can."
TC025812,C0258,T0086144,Turnout in this week's primaries beat 2018 levels in most counties.
TC025813,C0258,T0056784,ICYMI: our candidate tracker now covers every House and Senate race. Bookmark it.
TC025814,C0258,T0088216,Poll: overwhelming majority supports voter ID. This shouldn't be controversial.
TC025815,C0258,T0006679,"Get politics out of the classroom and get back to reading, writing, and math."
TC029300,C0293,T0028437,Yard signs are IN. Swing by the Kingsport office and grab one this weekend!
TC029301,C0293,T0103504,Poll: overwhelming majority supports voter ID. This shouldn't be controversial.
TC029302,C0293,T0065251,I am proudly pro-life and will always defend the unborn.
TC029303,C0293,T0099723,I'm a proud gun owner and I'll defend your constitutional rights in Washington.
TC029304,C0293,T0100360,Taxpayer dollars should never fund abortion. I'll hold that line in Congress.
TC029305,C0293,T0053383,Toured the new energy facility in Summit today. IN workers are second to none.
TC029306,C0293,T0008322,Soft-on-crime policies have consequences. I'll fight for tougher sentences for violent offenders.
TC029307,C0293,T0007698,"Illegal immigration drives down wages for IN workers. Enforce the law, protect American jobs."
TC029308,C0293,T0011214,Yard signs are IN. Swing by the Kingsport office and grab one this weekend!
TC029309,C0293,T0011822,I'm a proud gun owner and I'll defend your constitutional rights in Washington.
TC029310,C0293,T0101733,New analysis: energy mandates will raise household electric bills sharply. Voters deserve the truth.
TC029311,C0293,T0048267,"School choice gives every IN family a shot at a great education, regardless of zip code."
TC029312,C0293,T0089430,"School choice gives every IN family a shot at a great education, regardless of zip code."
TC029313,C0293,T0021363,Rode along with Harrisburg officers last night. Grateful for what they do every shift.
TC029314,C0293,T0079348,Rode along with Dover Plains officers last night. Grateful for what they do every shift.
TC029315,C0293,T0027800,Met with law enforcement and community leaders in Newport about keeping our neighborhoods safe.
TC029316,C0293,T0003043,Secure the border. Period. I'll fund the wall and back our Border Patrol agents 100%.
TC029317,C0293,T0007364,Our immigration system has been broken for decades. Both parties share the blame — IN deserves solutions.
TC029318,C0293,T0013382,Early voting starts soon in IN. Make your plan now — every single vote counts.
TC029319,C0293,T0103079,Thank you Oak Ridge! Standing room only tonight. This movement is growing every single day.
TC029320,C0293,T0098510,Parents — not bureaucrats — should decide what their kids learn. I'll fight for parental rights in every classroom.
TC029321,C0293,T0004883,Peace through strength. A strong military is the best guarantee our enemies stay in check.
TC029322,C0293,T0045270,Rode along with Oak Ridge officers last night. Grateful for what they do every shift.
TC029323,C0293,T0059422,Democracy works when we show up. Check your registration today — link in bio.
TC029324,C0293,T0043661,I'm a proud gun owner and I'll defend your constitutional rights in Washington.
TC032400,C0324,T0092486,Election integrity matters. Voter ID is common sense and most Americans agree.
TC032401,C0324,T0057136,We must balance the budget like every family in KY has to. No more blank checks.
TC032402,C0324,T0002707,Washington-run healthcare means longer waits and fewer choices. I'll defend private options for KY families.
TC032403,C0324,T0034351,Border crossings surge again — where is the accountability?
TC032404,C0324,T0017238,Early voting starts soon in KY. Make your plan now — every single vote counts.
TC032405,C0324,T0049474,ICYMI: our candidate tracker now covers every House and Senate race. Bookmark it.
TC032406,C0324,T0074311,Voter purges are quietly accelerating ahead of the midterms. We're tracking every state.
TC032407,C0324,T0021950,Debate night. Watch live at 2pm and see the contrast for yourself.
TC032408,C0324,T0035917,Soft-on-crime policies have consequences. I'll fight for tougher sentences for violent offenders.
TC032409,C0324,T0050610,Soft-on-crime policies have consequences. I'll fight for tougher sentences for violent offenders.
TC032410,C0324,T0089911,Thank you Kingsport! Standing room only tonight. This movement is growing every single day.
TC032700,C0327,T0024604,Poll: overwhelming majority supports voter ID. This shouldn't be controversial.
TC032701,C0327,T0045522,Dreamers are Americans in every way but paperwork. I'll vote for a pathway to citizenship.
TC032702,C0327,T0084585,"Illegal immigration drives down wages for KY workers. Enforce the law, protect American jobs."
TC032703,C0327,T0074800,Crime stats out this morning. Soft-on-crime policies have a body of evidence now — and it's damning.
TC032704,C0327,T0077667,Knocking doors in Greenville with an incredible team of volunteers today. The energy is real!
TC032705,C0327,T0083857,Debate schedule for the fall is out. Full calendar at the link.
TC032706,C0327,T0002207,Debate schedule for the fall is out. Full calendar at the link.
TC032707,C0327,T0043663,Debate schedule for the fall is out. Full calendar at the link.
TC032708,C0327,T0076599,Patients and doctors should make health decisions — not government bureaucrats.
TC032709,C0327,T0042749,"The climate crisis is here — KY families are paying for it in floods, fires, and insurance bills. We need clean energy now."
TC032710,C0327,T0035646,Government doesn't create prosperity — entrepreneurs do. Let's get Washington out of the way.
TC032711,C0327,T0054228,Talked supply chains and manufacturing with workers at the plant in Bremerton this morning.
TC032712,C0327,T0095158,ICYMI: our candidate tracker now covers every House and Senate race. Bookmark it.
TC032713,C0327,T0059510,The Constitution isn't a suggestion. I'll defend free speech and religious liberty against any government overreach.
TC032714,C0327,T0097054,"American energy independence means drilling here, mining here, and building pipelines here."
TC032715,C0327,T0066151,REPORT: Federal regulations cost small businesses billions last year. Time to cut the red tape.
TC032716,C0327,T0055882,Join us Saturday at 7pm for a town hall in Madison Heights! Doors open early — bring your questions.
TC032717,C0327,T0041521,"Unleash American energy. Lower prices at the pump start with producing more, not begging OPEC."
TC032718,C0327,T0053893,ICYMI: our candidate tracker now covers every House and Senate race. Bookmark it.
TC032719,C0327,T0067833,ICYMI: our candidate tracker now covers every House and Senate race. Bookmark it.
TC032720,C0327,T0059476,Inflation is a tax on every family. Washington's reckless spending has to stop.
TC032721,C0327,T0098041,"American energy independence means drilling here, mining here, and building pipelines here."
TC032722,C0327,T0062282,Crime stats out this morning. Soft-on-crime policies have a body of evidence now — and it's damning.
TC032723,C0327,T0089610,"Our new ad is live. Watch it, share it, and chip in $5 if you can."
TC032724,C0327,T0005743,Inflation is a tax on every family. Washington's reckless spending has to stop.
TC033300,C0333,T0090513,Dark money is drowning out LA voices. I support full disclosure of every political dollar.
TC033301,C0333,T0015314,ICYMI: our candidate tracker now covers every House and Senate race. Bookmark it.
TC033302,C0333,T0016023,Big Oil made record profits while your utility bill doubled. I'll end their subsidies.
TC033303,C0333,T0076523,Study: universal pre-K pays for itself within a decade. Pass it on.
TC033304,C0333,T0045927,"Immigrants power LA's farms, hospitals, and small businesses. Our economy depends on fixing this broken system."
TC033305,C0333,T0058508,Toured the new energy facility in Fairview today. LA workers are second to none.
TC033306,C0333,T0077724,"The climate crisis is here — LA families are paying for it in floods, fires, and insurance bills. We need clean energy now."
TC033307,C0333,T0013293,Toured the new energy facility in Summit today. LA workers are second to none.
TC033308,C0333,T0048927,I will vote to restore Roe's protections nationwide. LA women deserve nothing less.
TC033309,C0333,T0100228,REPORT: Federal regulations cost small businesses billions last year. Time to cut the red tape.
TC033310,C0333,T0089719,We can back the police AND demand accountability. Those aren't opposites.
TC033311,C0333,T0006890,Debate schedule for the fall is out. Full calendar at the link.
TC033312,C0333,T0052536,This issue is deeply personal for families across LA. I'll always listen first.
TC033313,C0333,T0079391,"Abortion is healthcare, and healthcare decisions belong to patients — not politicians."
TC033314,C0333,T0083600,"Real public safety means investing in communities — mental health response, youth programs, and accountable policing."
TC033315,C0333,T0040267,Poll: overwhelming majority supports voter ID. This shouldn't be controversial.
TC033316,C0333,T0059856,"Every family in LA deserves access to quality, affordable care. Full stop."
TC033317,C0333,T0103465,Honored to meet with veterans in Riverton today. We owe them more than words.
TC033318,C0333,T0071465,"The climate crisis is here — LA families are paying for it in floods, fires, and insurance bills. We need clean energy now."
TC033319,C0333,T0022005,"Clean energy jobs are the future, and LA can lead. I'll fight for wind, solar, and battery manufacturing here at home."
TC033320,C0333,T0073761,Toured the new energy facility in Lakewood today. LA workers are second to none.
TC033321,C0333,T0040765,Toured the new energy facility in Newport today. LA workers are second to none.
TC033322,C0333,T0006535,This map of clean-energy job growth should be front-page news.
TC033323,C0333,T0089895,Our latest polling roundup for the 2022 midterms is live. Key races tightening.
TC033324,C0333,T0027855,This map of clean-energy job growth should be front-page news.
TC042000,C0420,T0053719,Gerrymandering lets politicians pick their voters. Independent commissions would fix that.
TC042001,C0420,T0095656,Gerrymandering lets politicians pick their voters. Independent commissions would fix that.
TC042002,C0420,T0018313,Voter purges are quietly accelerating ahead of the midterms. We're tracking every state.
TC042003,C0420,T0062277,Met with law enforcement and community leaders in Bremerton about keeping our neighborhoods safe.
TC042004,C0420,T0097185,"Phone bank tonight at 2pm! Grab a coffee and join us — training provided, no experience needed."
TC042005,C0420,T0057090,Visited the community health center in Springdale — grateful for the nurses and staff who keep it running.
TC042006,C0420,T0082127,Study: universal pre-K pays for itself within a decade. Pass it on.
TC042007,C0420,T0099161,Voting should be easy and secure — for everyone. I'll fight voter suppression wherever it appears.
TC042008,C0420,T0062029,Yard signs are IN. Swing by the Bremerton office and grab one this weekend!
TC042009,C0420,T0081880,NEW REPORT: Corporate profits hit record highs while wages stagnate. The data is undeniable.
TC042010,C0420,T0020255,"I'll fight to expand Medicaid and cap insulin costs for every patient, not just some."
TC042011,C0420,T0089251,This map of clean-energy job growth should be front-page news.
TC042012,C0420,T0053931,Thank you Alton! Standing room only tonight. This movement is growing every single day.
TC042013,C0420,T0000161,Democracy works when we show up. Check your registration today — link in bio.
TC042014,C0420,T0050866,Voting should be easy and secure — for everyone. I'll fight voter suppression wherever it appears.
TC042015,C0420,T0064616,Democracy works when we show up. Check your registration today — link in bio.
TC042016,C0420,T0103518,Yard signs are IN. Swing by the Oak Ridge office and grab one this weekend!
TC042017,C0420,T0032200,"Human rights must be at the center of American foreign policy, not an afterthought."
TC042018,C0420,T0100963,Study: universal pre-K pays for itself within a decade. Pass it on.
TC042019,C0420,T0010656,This map of clean-energy job growth should be front-page news.
TC042020,C0420,T0075654,Diplomacy first. Endless wars cost MS families dearly — in lives and in dollars.
TC042021,C0420,T0097977,This issue is deeply personal for families across MS. I'll always listen first.
TC042022,C0420,T0009989,Our latest polling roundup for the 2022 midterms is live. Key races tightening.
TC042023,C0420,T0042709,Crime stats out this morning. Soft-on-crime policies have a body of evidence now — and it's damning.
TC042024,C0420,T0068320,Democracy works when we show up. Check your registration today — link in bio.
TC048900,C0489,T0063041,"New endorsement dropping tomorrow morning. Stay tuned, NJ!"
TC048901,C0489,T0104382,Gerrymandering lets politicians pick their voters. Independent commissions would fix that.
TC048902,C0489,T0012184,Rural hospitals in NJ are closing while insurers post record profits. That ends when we hold them accountable.
TC048903,C0489,T0068343,"Happy Thanksgiving from our family to yours, NJ!"
TC048904,C0489,T0043710,Corporate consolidation is squeezing family farms and small businesses. We need real antitrust enforcement.
TC048905,C0489,T0074774,Working families deserve a raise. I'll fight to lift the minimum wage and rein in corporate price gouging.
TC048906,C0489,T0039147,"I'll fight to expand Medicaid and cap insulin costs for every patient, not just some."
TC048907,C0489,T0058622,We must balance the budget like every family in NJ has to. No more blank checks.
TC048908,C0489,T0047735,Join us Saturday at 10am for a town hall in Franklin! Doors open early — bring your questions.
TC048909,C0489,T0017585,Our kids practice lockdown drills while Congress practices excuses. Enough. Pass red flag laws.
TC048910,C0489,T0003621,Billionaires shouldn't pay a lower tax rate than teachers. Time to make the wealthy pay their fair share.
TC048911,C0489,T0041579,Toured the new energy facility in Bremerton today. NJ workers are second to none.
TC048912,C0489,T0025504,Met with law enforcement and community leaders in Newport about keeping our neighborhoods safe.
TC048913,C0489,T0067936,Our immigration system has been broken for decades. Both parties share the blame — NJ deserves solutions.
TC048914,C0489,T0087717,"Happy Thanksgiving from our family to yours, NJ!"
TC048915,C0489,T0072957,"Every family in NJ deserves access to quality, affordable care. Full stop."
TC048916,C0489,T0032895,Politicians have no place in the exam room. I trust women.
TC048917,C0489,T0020587,Good jobs and a fair shot — that's what this campaign is about for NJ.
TC048918,C0489,T0038221,I respect the Second Amendment AND believe weapons of war don't belong on our streets.
TC048919,C0489,T0023537,Visited the community health center in Bellview — grateful for the nurses and staff who keep it running.
TC048920,C0489,T0083079,Talked supply chains and manufacturing with workers at the plant in Clayton this morning.
TC048921,C0489,T0054995,Visited the community health center in Alton — grateful for the nurses and staff who keep it running.
TC048922,C0489,T0046741,"Family separation is a moral stain. We need humane, orderly immigration reform — not cruelty as policy."
TC048923,C0489,T0002855,"Our new ad is live. Watch it, share it, and chip in $5 if you can."
TC048924,C0489,T0049451,Healthcare is a human right. No one in NJ should go bankrupt because they got sick.
TC049600,C0496,T0094037,Price transparency and competition will lower costs faster than any government mandate.
TC049601,C0496,T0029934,Government doesn't create prosperity — entrepreneurs do. Let's get Washington out of the way.
TC049602,C0496,T0046958,Parents — not bureaucrats — should decide what their kids learn. I'll fight for parental rights in every classroom.
TC049603,C0496,T0030988,Knocking doors in Alton with an incredible team of volunteers today. The energy is real!
TC049604,C0496,T0093930,"School choice gives every NM family a shot at a great education, regardless of zip code."
TC049605,C0496,T0092154,I'm a proud gun owner and I'll defend your constitutional rights in Washington.
TC049606,C0496,T0056519,Our kids practice lockdown drills while Congress practices excuses. Enough. Pass red flag laws.
TC049607,C0496,T0023947,Washington-run healthcare means longer waits and fewer choices. I'll defend private options for NM families.
TC049608,C0496,T0066718,Visited the community health center in Kingsport — grateful for the nurses and staff who keep it running.
TC049609,C0496,T0028490,Debate schedule for the fall is out. Full calendar at the link.
TC049610,C0496,T0072498,Stopped by Bremerton Elementary today. Our teachers are heroes — period.
TC049611,C0496,T0024271,Criminals don't follow gun laws — disarming law-abiding NM citizens makes us less safe.
TC049612,C0496,T0073640,"The climate crisis is here — NM families are paying for it in floods, fires, and insurance bills. We need clean energy now."
TC049613,C0496,T0043668,Stopped by Oak Ridge Elementary today. Our teachers are heroes — period.
TC049614,C0496,T0078433,Criminals don't follow gun laws — disarming law-abiding NM citizens makes us less safe.
TC049615,C0496,T0015587,Patients and doctors should make health decisions — not government bureaucrats.
TC049616,C0496,T0037466,Border crossings surge again — where is the accountability?
TC049617,C0496,T0069402,Thank you Oak Ridge! Standing room only tonight. This movement is growing every single day.
TC049618,C0496,T0028729,Debate schedule for the fall is out. Full calendar at the link.
TC049619,C0496,T0011405,Washington-run healthcare means longer waits and fewer choices. I'll defend private options for NM families.
TC049620,C0496,T0074727,Met with law enforcement and community leaders in Oak Ridge about keeping our neighborhoods safe.
TC049621,C0496,T0074228,"Our new ad is live. Watch it, share it, and chip in $5 if you can."
TC049622,C0496,T0067578,Met with local business owners in Clayton today about what they need to grow and hire.
TC049623,C0496,T0088680,"Happy Memorial Day from our family to yours, NM!"
TC049624,C0496,T0094530,Our latest polling roundup for the 2022 midterms is live. Key races tightening.
TC050400,C0504,T0050700,Corporate consolidation is squeezing family farms and small businesses. We need real antitrust enforcement.
TC050401,C0504,T0035734,Democracy works when we show up. Check your registration today — link in bio.
TC050402,C0504,T0063080,Working families deserve a raise. I'll fight to lift the minimum wage and rein in corporate price gouging.
TC050403,C0504,T0011843,This map of clean-energy job growth should be front-page news.
TC050404,C0504,T0056084,ICYMI: our candidate tracker now covers every House and Senate race. Bookmark it.
TC050405,C0504,T0033894,Turnout in this week's primaries beat 2018 levels in most counties.
TC050406,C0504,T0091576,Diplomacy first. Endless wars cost NY families dearly — in lives and in dollars.
TC050407,C0504,T0002765,Our immigration system has been broken for decades. Both parties share the blame — NY deserves solutions.
TC050408,C0504,T0015135,Dark money is drowning out NY voices. I support full disclosure of every political dollar.
TC050409,C0504,T0021803,Join us Saturday at 6pm for a town hall in Riverton! Doors open early — bring your questions.
TC050410,C0504,T0022645,New analysis: energy mandates will raise household electric bills sharply. Voters deserve the truth.
TC050411,C0504,T0068846,Voter purges are quietly accelerating ahead of the midterms. We're tracking every state.
TC050412,C0504,T0058279,NEW REPORT: Corporate profits hit record highs while wages stagnate. The data is undeniable.
TC050413,C0504,T0099994,Our immigration system has been broken for decades. Both parties share the blame — NY deserves solutions.
TC050414,C0504,T0044493,Stopped by Dover Plains Elementary today. Our teachers are heroes — period.
TC050415,C0504,T0069698,"Clean energy jobs are the future, and NY can lead. I'll fight for wind, solar, and battery manufacturing here at home."
TC050416,C0504,T0024415,Honored to meet with veterans in Millbrook today. We owe them more than words.
TC050417,C0504,T0072525,ICYMI: our candidate tracker now covers every House and Senate race. Bookmark it.
TC050418,C0504,T0090493,NEW REPORT: Corporate profits hit record highs while wages stagnate. The data is undeniable.
TC050419,C0504,T0007721,"Immigrants power NY's farms, hospitals, and small businesses. Our economy depends on fixing this broken system."
TC050420,C0504,T0022833,Met with local business owners in Bellview today about what they need to grow and hire.
TC050421,C0504,T0037674,Study: universal pre-K pays for itself within a decade. Pass it on.
TC050422,C0504,T0031168,Study: universal pre-K pays for itself within a decade. Pass it on.
TC050423,C0504,T0102261,"Immigrants power NY's farms, hospitals, and small businesses. Our economy depends on fixing this broken system."
TC050424,C0504,T0066107,Democracy works when we show up. Check your registration today — link in bio.
TC051500,C0515,T0057335,Our latest polling roundup for the 2022 midterms is live. Key races tightening.
TC051501,C0515,T0069091,ICYMI: our candidate tracker now covers every House and Senate race. Bookmark it.
TC051502,C0515,T0060859,Healthcare is a human right. No one in NY should go bankrupt because they got sick.
TC051503,C0515,T0050877,Knocking doors in Harrisburg with an incredible team of volunteers today. The energy is real!
TC051504,C0515,T0092181,Visited the community health center in Franklin — grateful for the nurses and staff who keep it running.
TC051505,C0515,T0034946,Visited the community health center in Madison Heights — grateful for the nurses and staff who keep it running.
TC051506,C0515,T0010492,Talked supply chains and manufacturing with workers at the plant in Riverton this morning.
TC051507,C0515,T0087616,Talked supply chains and manufacturing with workers at the plant in Kingsport this morning.
TC051508,C0515,T0059356,Study: universal pre-K pays for itself within a decade. Pass it on.
TC051509,C0515,T0030852,Childcare costs are crushing parents in NY. My plan caps costs and invests in providers.
TC051510,C0515,T0009387,Voter purges are quietly accelerating ahead of the midterms. We're tracking every state.
TC051511,C0515,T0075607,Filed our FEC report: best fundraising quarter yet. Thank you to every supporter.
TC051512,C0515,T0070449,Met with law enforcement and community leaders in Greenville about keeping our neighborhoods safe.
TC051513,C0515,T0069608,Study: universal pre-K pays for itself within a decade. Pass it on.
TC051514,C0515,T0036131,Big Pharma spends millions lobbying to keep prices high. I don't take their money — and I'll vote to negotiate prices.
TC051515,C0515,T0087536,Yard signs are IN. Swing by the Millbrook office and grab one this weekend!
TC051516,C0515,T0045336,"Phone bank tonight at 6pm! Grab a coffee and join us — training provided, no experience needed."
TC051517,C0515,T0054566,BREAKING: Another state expands Medicaid — and rural hospitals immediately benefit.
TC051518,C0515,T0075794,Voter purges are quietly accelerating ahead of the midterms. We're tracking every state.
TC051519,C0515,T0036690,BREAKING: Another state expands Medicaid — and rural hospitals immediately benefit.
TC051520,C0515,T0091474,Turnout in this week's primaries beat 2018 levels in most counties.
TC051521,C0515,T0060913,"I'll fight to expand Medicaid and cap insulin costs for every patient, not just some."
TC051522,C0515,T0092970,Join us Saturday at 10am for a town hall in Madison Heights! Doors open early — bring your questions.
TC055200,C0552,T0030771,Crime stats out this morning. Soft-on-crime policies have a body of evidence now — and it's damning.
TC055201,C0552,T0049385,Honored to meet with veterans in Lakewood today. We owe them more than words.
TC055202,C0552,T0053080,"American energy independence means drilling here, mining here, and building pipelines here."
TC055203,C0552,T0061757,Knocking doors in Millbrook with an incredible team of volunteers today. The energy is real!
TC055204,C0552,T0037884,"Unleash American energy. Lower prices at the pump start with producing more, not begging OPEC."
TC055205,C0552,T0049247,Turnout in this week's primaries beat 2018 levels in most counties.
TC055206,C0552,T0103743,The Constitution isn't a suggestion. I'll defend free speech and religious liberty against any government overreach.
TC055207,C0552,T0056438,Turnout in this week's primaries beat 2018 levels in most counties.
TC055208,C0552,T0097522,Turnout in this week's primaries beat 2018 levels in most counties.
TC055209,C0552,T0016245,We can protect people with pre-existing conditions without a big-government takeover of medicine.
TC055210,C0552,T0027194,"The Second Amendment isn't negotiable. I'll oppose every gun grab, every time."
TC055211,C0552,T0029963,Crime stats out this morning. Soft-on-crime policies have a body of evidence now — and it's damning.
TC055212,C0552,T0065835,Met with law enforcement and community leaders in Dover Plains about keeping our neighborhoods safe.
TC055213,C0552,T0077419,Turnout in this week's primaries beat 2018 levels in most counties.
TC055214,C0552,T0065069,"The Second Amendment isn't negotiable. I'll oppose every gun grab, every time."
TC055215,C0552,T0082058,"We just crossed 20,000 grassroots donors! Average gift: $27. This campaign is powered by people, not PACs."
TC055216,C0552,T0056386,The Constitution isn't a suggestion. I'll defend free speech and religious liberty against any government overreach.
TC055217,C0552,T0070869,Our latest polling roundup for the 2022 midterms is live. Key races tightening.
TC055218,C0552,T0084570,Poll: overwhelming majority supports voter ID. This shouldn't be controversial.
TC055219,C0552,T0015557,Border crossings surge again — where is the accountability?
TC058700,C0587,T0015948,Inflation is a tax on every family. Washington's reckless spending has to stop.
TC058701,C0587,T0103019,Healthcare is a human right. No one in OH should go bankrupt because they got sick.
TC058702,C0587,T0072587,Yard signs are IN. Swing by the Millbrook office and grab one this weekend!
TC058703,C0587,T0062171,Debate schedule for the fall is out. Full calendar at the link.
TC058704,C0587,T0043367,Our immigration system has been broken for decades. Both parties share the blame — OH deserves solutions.
TC058705,C0587,T0070640,"Real public safety means investing in communities — mental health response, youth programs, and accountable policing."
TC058706,C0587,T0068739,"Illegal immigration drives down wages for OH workers. Enforce the law, protect American jobs."
TC058707,C0587,T0101914,BREAKING: Another state expands Medicaid — and rural hospitals immediately benefit.
TC058708,C0587,T0047683,Visited the community health center in Madison Heights — grateful for the nurses and staff who keep it running.
TC058709,C0587,T0039242,"Clean energy jobs are the future, and OH can lead. I'll fight for wind, solar, and battery manufacturing here at home."
TC058710,C0587,T0045106,REPORT: Federal regulations cost small businesses billions last year. Time to cut the red tape.
TC058711,C0587,T0084877,Government doesn't create prosperity — entrepreneurs do. Let's get Washington out of the way.
TC058712,C0587,T0083874,Democracy works when we show up. Check your registration today — link in bio.
TC058713,C0587,T0037445,Politicians have no place in the exam room. I trust women.
TC058714,C0587,T0035302,Knocking doors in Clayton with an incredible team of volunteers today. The energy is real!
TC058715,C0587,T0057777,Patients and doctors should make health decisions — not government bureaucrats.
TC058716,C0587,T0077630,"I'll fight to expand Medicaid and cap insulin costs for every patient, not just some."
TC058717,C0587,T0079941,Study: universal pre-K pays for itself within a decade. Pass it on.
TC058718,C0587,T0102667,Visited the community health center in Clayton — grateful for the nurses and staff who keep it running.
TC058719,C0587,T0026413,Stopped by Dover Plains Elementary today. Our teachers are heroes — period.
TC058720,C0587,T0057864,Dreamers are Americans in every way but paperwork. I'll vote for a pathway to citizenship.
TC058721,C0587,T0089490,ICYMI: our candidate tracker now covers every House and Senate race. Bookmark it.
TC058722,C0587,T0093139,"Clean energy jobs are the future, and OH can lead. I'll fight for wind, solar, and battery manufacturing here at home."
TC058723,C0587,T0002605,Government doesn't create prosperity — entrepreneurs do. Let's get Washington out of the way.
TC058724,C0587,T0062408,"Family separation is a moral stain. We need humane, orderly immigration reform — not cruelty as policy."
TC059700,C0597,T0025634,Debate schedule for the fall is out. Full calendar at the link.
TC059701,C0597,T0059933,Turnout in this week's primaries beat 2018 levels in most counties.
TC059702,C0597,T0028097,Border crossings surge again — where is the accountability?
TC059703,C0597,T0023269,Debate night. Watch live at noon and see the contrast for yourself.
TC059704,C0597,T0075280,Democracy works when we show up. Check your registration today — link in bio.
TC059705,C0597,T0072950,Politicians have no place in the exam room. I trust women.
TC059706,C0597,T0020288,Our latest polling roundup for the 2022 midterms is live. Key races tightening.
TC059707,C0597,T0056814,ICYMI: our candidate tracker now covers every House and Senate race. Bookmark it.
TC059708,C0597,T0097283,Democracy works when we show up. Check your registration today — link in bio.
TC059709,C0597,T0019859,"Phone bank tonight at 7pm! Grab a coffee and join us — training provided, no experience needed."
TC059710,C0597,T0066051,BREAKING: Another state expands Medicaid — and rural hospitals immediately benefit.
TC059711,C0597,T0016175,Sanctuary policies put OH communities at risk. I'll end them.
TC062100,C0621,T0058128,"Immigrants power OR's farms, hospitals, and small businesses. Our economy depends on fixing this broken system."
TC062101,C0621,T0094842,ICYMI: our candidate tracker now covers every House and Senate race. Bookmark it.
TC062102,C0621,T0097382,Stopped by Oak Ridge Elementary today. Our teachers are heroes — period.
TC062103,C0621,T0029568,Debate schedule for the fall is out. Full calendar at the link.
TC062104,C0621,T0055881,Debate schedule for the fall is out. Full calendar at the link.
TC062105,C0621,T0052437,ICYMI: our candidate tracker now covers every House and Senate race. Bookmark it.
TC062106,C0621,T0103668,Early voting starts soon in OR. Make your plan now — every single vote counts.
TC062107,C0621,T0003940,BREAKING: Another state expands Medicaid — and rural hospitals immediately benefit.
TC062108,C0621,T0049757,Turnout in this week's primaries beat 2018 levels in most counties.
TC062109,C0621,T0068796,Turnout in this week's primaries beat 2018 levels in most counties.
TC062110,C0621,T0073164,Democracy works when we show up. Check your registration today — link in bio.
TC062111,C0621,T0016697,NEW REPORT: Corporate profits hit record highs while wages stagnate. The data is undeniable.
TC062112,C0621,T0088545,"The Second Amendment isn't negotiable. I'll oppose every gun grab, every time."
TC062113,C0621,T0008185,Honored to meet with veterans in Franklin today. We owe them more than words.
TC062114,C0621,T0067320,Not one more dime overseas until we take care of our own veterans here in OR.
TC062115,C0621,T0048191,The radical Green agenda would crush OR jobs and spike your electric bill. I'll stop it.
TC062116,C0621,T0093667,Stopped by Greenville Elementary today. Our teachers are heroes — period.
TC062117,C0621,T0071744,Stopped by Riverton Elementary today. Our teachers are heroes — period.
TC062118,C0621,T0073657,Democracy works when we show up. Check your registration today — link in bio.
TC062119,C0621,T0094022,Voter purges are quietly accelerating ahead of the midterms. We're tracking every state.
TC062120,C0621,T0058297,Honored to meet with veterans in Riverton today. We owe them more than words.
TC062121,C0621,T0042944,Secure the border. Period. I'll fund the wall and back our Border Patrol agents 100%.
TC062122,C0621,T0015018,REPORT: Federal regulations cost small businesses billions last year. Time to cut the red tape.
TC062123,C0621,T0001467,NEW REPORT: Corporate profits hit record highs while wages stagnate. The data is undeniable.
TC062124,C0621,T0040616,Our latest polling roundup for the 2022 midterms is live. Key races tightening.
TC062200,C0622,T0052867,China is eating our lunch on trade and technology. I'll put American workers first.
TC062201,C0622,T0079215,Rode along with Harrisburg officers last night. Grateful for what they do every shift.
TC062202,C0622,T0021551,This issue is deeply personal for families across OR. I'll always listen first.
TC062203,C0622,T0083114,Washington-run healthcare means longer waits and fewer choices. I'll defend private options for OR families.
TC062204,C0622,T0081788,China is eating our lunch on trade and technology. I'll put American workers first.
TC062205,C0622,T0094925,Debate schedule for the fall is out. Full calendar at the link.
TC062206,C0622,T0036024,Talked supply chains and manufacturing with workers at the plant in Lakewood this morning.
TC062207,C0622,T0022160,"Illegal immigration drives down wages for OR workers. Enforce the law, protect American jobs."
TC062208,C0622,T0082696,Poll: overwhelming majority supports voter ID. This shouldn't be controversial.
TC062209,C0622,T0080417,We can protect people with pre-existing conditions without a big-government takeover of medicine.
TC062210,C0622,T0076778,New analysis: energy mandates will raise household electric bills sharply. Voters deserve the truth.
TC062211,C0622,T0031594,Washington-run healthcare means longer waits and fewer choices. I'll defend private options for OR families.
TC062212,C0622,T0025800,Rode along with Summit officers last night. Grateful for what they do every shift.
TC062213,C0622,T0090231,I am proudly pro-life and will always defend the unborn.
TC062214,C0622,T0099854,Every family deserves a safe neighborhood. Law and order is on the ballot.
TC062215,C0622,T0082483,"The Second Amendment isn't negotiable. I'll oppose every gun grab, every time."
TC062216,C0622,T0007151,Secure the border. Period. I'll fund the wall and back our Border Patrol agents 100%.
TC062217,C0622,T0033096,Secure the border. Period. I'll fund the wall and back our Border Patrol agents 100%.
TC062218,C0622,T0006788,Visited the community health center in Dover Plains — grateful for the nurses and staff who keep it running.
TC062219,C0622,T0077032,Poll: overwhelming majority supports voter ID. This shouldn't be controversial.
TC062220,C0622,T0089889,Not one more dime overseas until we take care of our own veterans here in OR.
TC062221,C0622,T0048955,ICYMI: our candidate tracker now covers every House and Senate race. Bookmark it.
TC062222,C0622,T0009012,Government doesn't create prosperity — entrepreneurs do. Let's get Washington out of the way.
TC062223,C0622,T0051697,Turnout in this week's primaries beat 2018 levels in most counties.
TC062224,C0622,T0068357,Our latest polling roundup for the 2022 midterms is live. Key races tightening.
TC074200,C0742,T0090736,"New endorsement dropping tomorrow morning. Stay tuned, TX!"
TC074201,C0742,T0027041,Debate schedule for the fall is out. Full calendar at the link.
TC074202,C0742,T0091312,Democracy works when we show up. Check your registration today — link in bio.
TC074203,C0742,T0055563,Patients and doctors should make health decisions — not government bureaucrats.
TC074204,C0742,T0057605,Our latest polling roundup for the 2022 midterms is live. Key races tightening.
TC074205,C0742,T0048322,This map of clean-energy job growth should be front-page news.
TC074206,C0742,T0002532,BREAKING: Another state expands Medicaid — and rural hospitals immediately benefit.
TC074207,C0742,T0016474,"I'll fight to expand Medicaid and cap insulin costs for every patient, not just some."
TC074208,C0742,T0076298,Turnout in this week's primaries beat 2018 levels in most counties.
TC074209,C0742,T0087981,Our latest polling roundup for the 2022 midterms is live. Key races tightening.
TC074210,C0742,T0087445,Join us Saturday at 5:30pm for a town hall in Harrisburg! Doors open early — bring your questions.
TC074211,C0742,T0071506,This issue is deeply personal for families across TX. I'll always listen first.
TC074212,C0742,T0055622,Turnout in this week's primaries beat 2018 levels in most counties.
TC074213,C0742,T0096323,Our latest polling roundup for the 2022 midterms is live. Key races tightening.
TC074214,C0742,T0101347,"Book bans don't protect kids. Librarians and teachers deserve our trust, not harassment."
TC074215,C0742,T0073943,Voter purges are quietly accelerating ahead of the midterms. We're tracking every state.
TC074216,C0742,T0054743,ICYMI: our candidate tracker now covers every House and Senate race. Bookmark it.
TC074217,C0742,T0024877,New analysis: energy mandates will raise household electric bills sharply. Voters deserve the truth.
TC074218,C0742,T0071200,Democracy works when we show up. Check your registration today — link in bio.
TC074219,C0742,T0013347,NEW REPORT: Corporate profits hit record highs while wages stagnate. The data is undeniable.
TC074220,C0742,T0088910,This map of clean-energy job growth should be front-page news.
TC074221,C0742,T0029022,This map of clean-energy job growth should be front-page news.
TC074222,C0742,T0091844,BREAKING: Another state expands Medicaid — and rural hospitals immediately benefit.
TC074223,C0742,T0070575,Study: universal pre-K pays for itself within a decade. Pass it on.
TC074224,C0742,T0073114,Voter purges are quietly accelerating ahead of the midterms. We're tracking every state.
TC079800,C0798,T0028692,This issue is deeply personal for families across VA. I'll always listen first.
TC079801,C0798,T0015699,Parents — not bureaucrats — should decide what their kids learn. I'll fight for parental rights in every classroom.
TC079802,C0798,T0027992,We can be good stewards of the land without strangling VA's energy workers with mandates.
TC079803,C0798,T0024317,Election integrity matters. Voter ID is common sense and most Americans agree.
TC079804,C0798,T0036600,Stopped by Greenville Elementary today. Our teachers are heroes — period.
TC079805,C0798,T0064503,I will vote to restore Roe's protections nationwide. VA women deserve nothing less.
TC079806,C0798,T0095716,Yard signs are IN. Swing by the Springdale office and grab one this weekend!
TC079807,C0798,T0023035,Our immigration system has been broken for decades. Both parties share the blame — VA deserves solutions.
TC079808,C0798,T0075058,"Illegal immigration drives down wages for VA workers. Enforce the law, protect American jobs."
TC079809,C0798,T0044298,Democracy works when we show up. Check your registration today — link in bio.
TC079810,C0798,T0067043,Good jobs and a fair shot — that's what this campaign is about for VA.
TC079811,C0798,T0078063,"New endorsement dropping tomorrow morning. Stay tuned, VA!"
TC081700,C0817,T0076855,Universal background checks are supported by most gun owners. Congress's inaction is a choice — I'll make a different one.
TC081701,C0817,T0031396,Dreamers are Americans in every way but paperwork. I'll vote for a pathway to citizenship.
TC081702,C0817,T0056015,Join us Saturday at 6pm for a town hall in Madison Heights! Doors open early — bring your questions.
TC081703,C0817,T0025923,Rural hospitals in WA are closing while insurers post record profits. That ends when we hold them accountable.
TC081704,C0817,T0088352,"Human rights must be at the center of American foreign policy, not an afterthought."
TC081705,C0817,T0033811,"We just crossed 15,000 grassroots donors! Average gift: $27. This campaign is powered by people, not PACs."
TC081706,C0817,T0012689,Our immigration system has been broken for decades. Both parties share the blame — WA deserves solutions.
TC081707,C0817,T0097625,We can protect people with pre-existing conditions without a big-government takeover of medicine.
TC081708,C0817,T0072380,Debate night. Watch live at 10am and see the contrast for yourself.
TC081709,C0817,T0018822,Debate schedule for the fall is out. Full calendar at the link.
TC081710,C0817,T0002039,"I'll fight to expand Medicaid and cap insulin costs for every patient, not just some."
TC081711,C0817,T0023818,"We just crossed 10,000 grassroots donors! Average gift: $27. This campaign is powered by people, not PACs."
TC081712,C0817,T0049256,"We just crossed 50,000 grassroots donors! Average gift: $27. This campaign is powered by people, not PACs."
TC081713,C0817,T0002304,"Immigrants power WA's farms, hospitals, and small businesses. Our economy depends on fixing this broken system."
TC081714,C0817,T0088516,Our kids practice lockdown drills while Congress practices excuses. Enough. Pass red flag laws.
TC081715,C0817,T0075513,Rural hospitals in WA are closing while insurers post record profits. That ends when we hold them accountable.
TC081716,C0817,T0002711,Visited the community health center in Clayton — grateful for the nurses and staff who keep it running.
TC081717,C0817,T0024863,Debate night. Watch live at 2pm and see the contrast for yourself.
TC081718,C0817,T0002722,Visited the community health center in Harrisburg — grateful for the nurses and staff who keep it running.
TC081719,C0817,T0076446,"Real public safety means investing in communities — mental health response, youth programs, and accountable policing."
TC081720,C0817,T0048554,Thank you Springdale! Standing room only tonight. This movement is growing every single day.
TC081721,C0817,T0005685,"Family separation is a moral stain. We need humane, orderly immigration reform — not cruelty as policy."
TC081722,C0817,T0091213,Patients and doctors should make health decisions — not government bureaucrats.
TC081723,C0817,T0059948,"We just crossed 15,000 grassroots donors! Average gift: $27. This campaign is powered by people, not PACs."
TC081724,C0817,T0035616,Join us Saturday at 6pm for a town hall in Dover Plains! Doors open early — bring your questions.
TC085300,C0853,T0098567,"Every kid in GA deserves a great public school — fully funded, with teachers paid what they're worth."
TC085301,C0853,T0036000,Filed our FEC report: best fundraising quarter yet. Thank you to every supporter.
TC085302,C0853,T0095174,Our latest polling roundup for the 2022 midterms is live. Key races tightening.
TC085303,C0853,T0051345,"Every family in GA deserves access to quality, affordable care. Full stop."
TC085304,C0853,T0045356,Corporate consolidation is squeezing family farms and small businesses. We need real antitrust enforcement.
TC085305,C0853,T0052614,The radical Green agenda would crush GA jobs and spike your electric bill. I'll stop it.
TC085306,C0853,T0093132,Dreamers are Americans in every way but paperwork. I'll vote for a pathway to citizenship.
TC085307,C0853,T0009183,Good jobs and a fair shot — that's what this campaign is about for GA.
TC085308,C0853,T0083349,Turnout in this week's primaries beat 2018 levels in most counties.
TC085309,C0853,T0076846,Yard signs are IN. Swing by the Riverton office and grab one this weekend!
TC085310,C0853,T0087069,Gun violence is a public health crisis. Prevention works — I've seen it in Riverton.
TC085311,C0853,T0084855,BREAKING: Another state expands Medicaid — and rural hospitals immediately benefit.
TC085312,C0853,T0051405,"Our new ad is live. Watch it, share it, and chip in $5 if you can."
TC085313,C0853,T0055635,Thank you Clayton! Standing room only tonight. This movement is growing every single day.
TC085314,C0853,T0085946,Dark money is drowning out GA voices. I support full disclosure of every political dollar.
TC085315,C0853,T0061607,Good jobs and a fair shot — that's what this campaign is about for GA.
TC085316,C0853,T0070908,Dreamers are Americans in every way but paperwork. I'll vote for a pathway to citizenship.
TC085317,C0853,T0095090,Voting should be easy and secure — for everyone. I'll fight voter suppression wherever it appears.
TC085318,C0853,T0016119,"Family separation is a moral stain. We need humane, orderly immigration reform — not cruelty as policy."
TC085319,C0853,T0006934,ICYMI: our candidate tracker now covers every House and Senate race. Bookmark it.
TC085320,C0853,T0097514,"The climate crisis is here — GA families are paying for it in floods, fires, and insurance bills. We need clean energy now."
TC085321,C0853,T0082557,Voting should be easy and secure — for everyone. I'll fight voter suppression wherever it appears.
TC085322,C0853,T0025387,Union jobs built the middle class. I'm proud to stand with workers on the picket line in GA.
TC085323,C0853,T0051364,Politicians have no place in the exam room. I trust women.
TC085324,C0853,T0065090,"Family separation is a moral stain. We need humane, orderly immigration reform — not cruelty as policy."
TC087200,C0872,T0067218,Politicians have no place in the exam room. I trust women.
TC087201,C0872,T0016138,Turnout in this week's primaries beat 2018 levels in most counties.
TC087202,C0872,T0052176,Talked supply chains and manufacturing with workers at the plant in Oak Ridge this morning.
TC087203,C0872,T0081826,Debate schedule for the fall is out. Full calendar at the link.
TC087204,C0872,T0081427,Study: universal pre-K pays for itself within a decade. Pass it on.
TC087205,C0872,T0084071,Our latest polling roundup for the 2022 midterms is live. Key races tightening.
TC087206,C0872,T0040811,Patients and doctors should make health decisions — not government bureaucrats.
TC087207,C0872,T0030406,Our immigration system has been broken for decades. Both parties share the blame — MI deserves solutions.
TC087208,C0872,T0054961,Our latest polling roundup for the 2022 midterms is live. Key races tightening.
TC087209,C0872,T0020967,Small businesses in MI are drowning in red tape. I'll cut job-killing regulations on day one.
TC087210,C0872,T0081746,Turnout in this week's primaries beat 2018 levels in most counties.
TC087211,C0872,T0087392,Rode along with Bremerton officers last night. Grateful for what they do every shift.
TC087212,C0872,T0087669,Crime stats out this morning. Soft-on-crime policies have a body of evidence now — and it's damning.
TC087213,C0872,T0064918,Rode along with Harrisburg officers last night. Grateful for what they do every shift.
TC087214,C0872,T0059665,Yard signs are IN. Swing by the Springdale office and grab one this weekend!
TC087215,C0872,T0075083,Good jobs and a fair shot — that's what this campaign is about for MI.
TC087216,C0872,T0091243,Talked supply chains and manufacturing with workers at the plant in Oak Ridge this morning.
TC087217,C0872,T0064296,I am proudly pro-life and will always defend the unborn.
TC087218,C0872,T0057189,Soft-on-crime policies have consequences. I'll fight for tougher sentences for violent offenders.
TC087219,C0872,T0027261,Turnout in this week's primaries beat 2018 levels in most counties.
TC087220,C0872,T0100067,REPORT: Federal regulations cost small businesses billions last year. Time to cut the red tape.
TC087221,C0872,T0025399,Early voting starts soon in MI. Make your plan now — every single vote counts.
TC087222,C0872,T0060921,Not one more dime overseas until we take care of our own veterans here in MI.
TC087223,C0872,T0067613,Debate schedule for the fall is out. Full calendar at the link.
TC087224,C0872,T0038194,Washington-run healthcare means longer waits and fewer choices. I'll defend private options for MI families.
TC088200,C0882,T0067476,"Clean energy jobs are the future, and NH can lead. I'll fight for wind, solar, and battery manufacturing here at home."
TC088201,C0882,T0015131,Knocking doors in Clayton with an incredible team of volunteers today. The energy is real!
TC088202,C0882,T0033917,Big Pharma spends millions lobbying to keep prices high. I don't take their money — and I'll vote to negotiate prices.
TC088203,C0882,T0004867,"We just crossed 50,000 grassroots donors! Average gift: $27. This campaign is powered by people, not PACs."
TC088204,C0882,T0042504,Met with law enforcement and community leaders in Summit about keeping our neighborhoods safe.
TC088205,C0882,T0044165,Toured the new energy facility in Greenville today. NH workers are second to none.
TC088206,C0882,T0056137,Healthcare is a human right. No one in NH should go bankrupt because they got sick.
TC088207,C0882,T0032518,Debate schedule for the fall is out. Full calendar at the link.
TC088208,C0882,T0095075,Join us Saturday at 2pm for a town hall in Madison Heights! Doors open early — bring your questions.
TC088209,C0882,T0029083,Universal background checks are supported by most gun owners. Congress's inaction is a choice — I'll make a different one.
TC088210,C0882,T0049841,Debate night. Watch live at 6pm and see the contrast for yourself.
TC088211,C0882,T0065129,ICYMI: our candidate tracker now covers every House and Senate race. Bookmark it.
TC088212,C0882,T0027104,ICYMI: our candidate tracker now covers every House and Senate race. Bookmark it.
TC088213,C0882,T0035291,Toured the new energy facility in Harrisburg today. NH workers are second to none.
TC088214,C0882,T0007008,"The Second Amendment isn't negotiable. I'll oppose every gun grab, every time."
TC088215,C0882,T0094351,"Happy Thanksgiving from our family to yours, NH!"
TC088216,C0882,T0030931,Turnout in this week's primaries beat 2018 levels in most counties.
TC088217,C0882,T0099378,Early voting starts soon in NH. Make your plan now — every single vote counts.
TC088218,C0882,T0073730,Met with law enforcement and community leaders in Alton about keeping our neighborhoods safe.
TC088219,C0882,T0078169,This map of clean-energy job growth should be front-page news.
TC088220,C0882,T0049202,Big Oil made record profits while your utility bill doubled. I'll end their subsidies.
TC088221,C0882,T0100487,Price transparency and competition will lower costs faster than any government mandate.
TC088222,C0882,T0089921,BREAKING: Another state expands Medicaid — and rural hospitals immediately benefit.
TC088223,C0882,T0068634,Our latest polling roundup for the 2022 midterms is live. Key races tightening.
TC088224,C0882,T0098662,NEW REPORT: Corporate profits hit record highs while wages stagnate. The data is undeniable.
TC088500,C0885,T0079695,Election integrity matters. Voter ID is common sense and most Americans agree.
TC088501,C0885,T0039668,"Standing with our allies isn't weakness, it's strength. Alliances keep Americans safe."
TC088502,C0885,T0064754,Met with law enforcement and community leaders in Franklin about keeping our neighborhoods safe.
TC088503,C0885,T0074830,Democracy works when we show up. Check your registration today — link in bio.
TC088504,C0885,T0046130,"Every family in NJ deserves access to quality, affordable care. Full stop."
TC088505,C0885,T0089155,Patients and doctors should make health decisions — not government bureaucrats.
TC088506,C0885,T0077012,Our latest polling roundup for the 2022 midterms is live. Key races tightening.
TC088507,C0885,T0025717,Study: universal pre-K pays for itself within a decade. Pass it on.
TC088508,C0885,T0042991,Toured the new energy facility in Cedar Falls today. NJ workers are second to none.
TC088509,C0885,T0087375,Taxpayer dollars should never fund abortion. I'll hold that line in Congress.
TC088510,C0885,T0011303,"Lower taxes, less government, more freedom. That's how we get NJ's economy roaring again."
TC088511,C0885,T0099027,"Every family in NJ deserves access to quality, affordable care. Full stop."
TC088512,C0885,T0064229,This issue is deeply personal for families across NJ. I'll always listen first.
TC088513,C0885,T0102027,Visited the community health center in Clayton — grateful for the nurses and staff who keep it running.
TC088514,C0885,T0098884,BREAKING: Another state expands Medicaid — and rural hospitals immediately benefit.
TC088515,C0885,T0038424,Talked supply chains and manufacturing with workers at the plant in Franklin this morning.
TC088516,C0885,T0089023,Election integrity matters. Voter ID is common sense and most Americans agree.
TC088517,C0885,T0001361,"Get politics out of the classroom and get back to reading, writing, and math."
TC088518,C0885,T0051284,Stopped by Franklin Elementary today. Our teachers are heroes — period.
TC088519,C0885,T0015432,"Book bans don't protect kids. Librarians and teachers deserve our trust, not harassment."
TC088520,C0885,T0032928,This issue is deeply personal for families across NJ. I'll always listen first.
TC088521,C0885,T0002764,Stopped by Madison Heights Elementary today. Our teachers are heroes — period.
TC088522,C0885,T0047299,"School choice gives every NJ family a shot at a great education, regardless of zip code."
TC088523,C0885,T0031475,BREAKING: Another state expands Medicaid — and rural hospitals immediately benefit.
TC088524,C0885,T0077079,Honored to meet with veterans in Riverton today. We owe them more than words.
