candidate_id,candidate_name,handle,party,chamber,state,district,incumbent,n_tweets,share_retweets
C0001,Sterling Kowalczyk,@KowalczykHQ,D,House,AL,AL-01,False,35,0.22857142857142856
C0002,Ingrid Lindqvist,@ILindqvist2022,R,House,AL,AL-01,True,201,0.4079601990049751
C0003,Gideon Wexford,@GideonWexford2022,D,House,AL,AL-02,False,133,0.16541353383458646
C0004,Colton Solberg,@SolbergHQ,R,House,AL,AL-02,False,118,0.4830508474576271
C0005,Jocelyn Lockhart,@JLockhartOfficial,D,House,AL,AL-03,True,107,0.37383177570093457
C0006,Jordan Umbridge,@UmbridgeHQ,R,House,AL,AL-03,False,81,0.18518518518518517
C0007,Maeve Ibarra,@IbarraHQ,D,House,AL,AL-04,True,85,0.5411764705882353
C0008,Vivienne Whitlock,@VWhitlockOfficial,R,House,AL,AL-04,False,74,0.2702702702702703
C0009,Jocelyn Whitlock,@JocelynWhitlock2022,D,House,AL,AL-05,True,91,0.16483516483516483
C0010,Junia Yancey,@YanceyHQ,R,House,AL,AL-05,False,64,0.296875
C0011,Dexter Crowder,@CrowderForCongress,D,House,AL,AL-06,True,201,0.29850746268656714
C0012,Grant Crowder,@CrowderHQ,R,House,AL,AL-06,False,103,0.5242718446601942
C0013,Junia Sandoval,@SandovalForCongress,D,House,AL,AL-07,True,53,0.24528301886792453
C0014,Colton Dunmore,@ColtonDunmore2022,R,House,AL,AL-07,False,145,0.22758620689655173
C0015,Elena Kettering,@KetteringHQ,D,House,AK,AK-AL,True,184,0.5434782608695652
C0016,Lorenzo Falkner,@Falkner4Congress,R,House,AK,AK-AL,False,47,0.425531914893617
C0017,Kip Kowalczyk,@KipKowalczyk2022,D,House,AZ,AZ-01,True,210,0.5523809523809524
C0018,Tamika Eastwood,@TEastwoodOfficial,R,House,AZ,AZ-01,False,32,0.25
C0019,Grant Nakamura,@NakamuraHQ,D,House,AZ,AZ-02,True,43,0.4186046511627907
C0020,Omar Lindqvist,@OLindqvistOfficial,R,House,AZ,AZ-02,False,169,0.2958579881656805
C0021,Petra Ivester,@Ivester4Congress,I,House,AZ,AZ-02,False,185,0.42162162162162165
C0022,Emmett Barrows,@EBarrows,D,House,AZ,AZ-03,False,52,0.34615384615384615
C0023,Henrietta Prescott,@HenriettaPrescott2022,R,House,AZ,AZ-03,False,96,0.11458333333333333
C0024,Ulysses Tunstall,@TunstallForCongress,D,House,AZ,AZ-04,True,111,0.15315315315315314
C0025,Gustavo Eastwood,@GEastwood,R,House,AZ,AZ-04,False,28,0.14285714285714285
C0026,Mordecai Underhill,@MordecaiUnderhill2022,D,House,AZ,AZ-05,False,99,0.37373737373737376
C0027,Junia Meriwether,@JMeriwether,D,House,AZ,AZ-06,False,80,0.375
C0028,Osric Sandoval,@OsricSandoval2022,R,House,AZ,AZ-06,True,94,0.2553191489361702
C0029,Ximena Lockhart,@LockhartHQ,D,House,AZ,AZ-07,True,142,0.2676056338028169
C0030,Yolanda Zablocki,@ZablockiHQ,R,House,AZ,AZ-07,False,122,0.23770491803278687
C0031,Ivan Vasquez-Reed,@IVasquezReedOfficial,D,House,AZ,AZ-08,True,66,0.18181818181818182
C0032,Ignatius Quimby,@QuimbyForCongress,D,House,AZ,AZ-09,False,62,0.41935483870967744
C0033,Jordan Kettering,@JKetteringOfficial,R,House,AZ,AZ-09,False,106,0.09433962264150944
C0034,Lavinia Villanueva,@LaviniaVillanueva2022,D,House,AR,AR-01,True,188,0.05319148936170213
C0035,York Whitlock,@YorkWhitlock2022,R,House,AR,AR-01,False,77,0.14285714285714285
C0036,Tobias Goodwin,@TGoodwin2022,D,House,AR,AR-02,False,249,0.17670682730923695
C0037,York Jessup,@YJessup2022,R,House,AR,AR-02,False,53,0.16981132075471697
C0038,Renata Solberg,@RSolberg2022,D,House,AR,AR-03,False,117,0.3504273504273504
C0039,Quincy Villanueva,@VillanuevaHQ,R,House,AR,AR-03,True,55,0.36363636363636365
C0040,Delphine Holloway,@DelphineHolloway2022,D,House,AR,AR-04,False,163,0.2331288343558282
C0041,Simone Stanfield,@StanfieldHQ,R,House,AR,AR-04,True,69,0.014492753623188406
C0042,Tamika Villanueva,@TVillanueva,D,House,CA,CA-01,True,46,0.30434782608695654
C0043,Henrietta Solberg,@HSolberg,R,House,CA,CA-01,False,161,0.4472049689440994
C0044,Henrietta Sandoval,@HenriettaSandoval2022,D,House,CA,CA-02,False,122,0.040983606557377046
C0045,Osric Abernathy,@OAbernathyOfficial,R,House,CA,CA-02,True,52,0.07692307692307693
C0046,Quentin Prescott,@QuentinPrescott2022,R,House,CA,CA-03,False,284,0.2605633802816901
C0047,Lucille Renwick,@LucilleRenwick2022,D,House,CA,CA-04,True,118,0.3305084745762712
C0048,Harlan Falkner,@FalknerHQ,R,House,CA,CA-04,False,77,0.05194805194805195
C0049,Maeve Lockhart,@MaeveLockhart2022,D,House,CA,CA-05,True,59,0.11864406779661017
C0050,Opal Ivester,@IvesterHQ,R,House,CA,CA-05,False,254,0.2559055118110236
C0051,Quincy Renwick,@RenwickHQ,D,House,CA,CA-06,False,103,0.32038834951456313
C0052,Osric Kowalczyk,@OKowalczykOfficial,D,House,CA,CA-07,False,50,0.12
C0053,Tallulah Zielinski,@TallulahZielinski2022,R,House,CA,CA-07,False,34,0.23529411764705882
C0054,Ignatius Abernathy,@IAbernathy2022,D,House,CA,CA-08,False,164,0.21341463414634146
C0055,Flora Palafox,@PalafoxHQ,R,House,CA,CA-08,True,155,0.5096774193548387
C0056,Deshawn Calloway,@Calloway4Congress,D,House,CA,CA-09,False,95,0.43157894736842106
C0057,Cormac Ibarra,@IbarraForCongress,R,House,CA,CA-09,True,112,0.21428571428571427
C0058,Tobias Ivester,@TIvesterOfficial,I,House,CA,CA-09,False,75,0.30666666666666664
C0059,Russell Lockhart,@RussellLockhart2022,R,House,CA,CA-10,True,130,0.5846153846153846
C0060,Rosalind Winterbourne,@WinterbourneHQ,D,House,CA,CA-11,False,84,0.20238095238095238
C0061,Priya Meriwether,@PMeriwether,D,House,CA,CA-12,False,146,0.07534246575342465
C0062,Renata Calloway,@CallowayHQ,R,House,CA,CA-12,True,246,0.532520325203252
C0063,Tobias Underhill,@TUnderhill2022,D,House,CA,CA-13,False,138,0.12318840579710146
C0064,Yolanda Solberg,@YSolberg2022,R,House,CA,CA-13,True,181,0.2596685082872928
C0065,Tallulah Sandoval,@SandovalHQ,D,House,CA,CA-14,True,99,0.5151515151515151
C0066,Pete Ibarra,@PeteIbarra2022,R,House,CA,CA-14,False,87,0.25287356321839083
C0067,Maeve Barrows,@MaeveBarrows2022,D,House,CA,CA-15,True,63,0.19047619047619047
C0068,Bettina Jessup,@BettinaJessup2022,R,House,CA,CA-15,False,125,0.096
C0069,Rosalind Sandoval,@RosalindSandoval2022,D,House,CA,CA-16,False,119,0.17647058823529413
C0070,York Sandoval,@YorkSandoval2022,R,House,CA,CA-16,True,84,0.11904761904761904
C0071,Lavinia Bickford,@LaviniaBickford2022,D,House,CA,CA-17,False,79,0.4050632911392405
C0072,Pete Meriwether,@MeriwetherHQ,R,House,CA,CA-17,True,208,0.15865384615384615
C0073,Ulysses Abernathy,@UlyssesAbernathy2022,D,House,CA,CA-18,True,104,0.17307692307692307
C0074,Vera Thackeray,@ThackerayHQ,R,House,CA,CA-18,False,92,0.2717391304347826
C0075,Gustavo Bramble,@Bramble4Congress,D,House,CA,CA-19,False,109,0.12844036697247707
C0076,Flora Bramble,@BrambleForCongress,R,House,CA,CA-19,True,66,0.15151515151515152
C0077,Deshawn Kowalczyk,@DeshawnKowalczyk2022,D,House,CA,CA-20,True,97,0.10309278350515463
C0078,Silas Barrows,@SBarrowsOfficial,R,House,CA,CA-20,False,107,0.07476635514018691
C0079,Junia Jankowski,@JankowskiForCongress,D,House,CA,CA-21,False,76,0.5131578947368421
C0080,Quentin Eastwood,@QuentinEastwood2022,R,House,CA,CA-21,False,54,0.3888888888888889
C0081,Grant Delacroix,@GrantDelacroix2022,D,House,CA,CA-22,False,86,0.13953488372093023
C0082,Cassidy Rutledge,@RutledgeHQ,R,House,CA,CA-22,True,34,0.4117647058823529
C0083,Quincy Goodwin,@QGoodwin,D,House,CA,CA-23,True,62,0.43548387096774194
C0084,Jocelyn Crowder,@JCrowder2022,R,House,CA,CA-23,False,100,0.3
C0085,Tallulah Underhill,@TUnderhillOfficial,D,House,CA,CA-24,False,41,0.12195121951219512
C0086,Boyd Alcott,@AlcottForCongress,R,House,CA,CA-24,True,75,0.21333333333333335
C0087,Colton Alcott,@AlcottHQ,D,House,CA,CA-25,False,86,0.23255813953488372
C0088,Hattie Underhill,@Underhill4Congress,R,House,CA,CA-25,False,43,0.0
C0089,Lorenzo Quintanilla,@Quintanilla4Congress,D,House,CA,CA-26,False,79,0.05063291139240506
C0090,Marcus Nakamura,@MarcusNakamura2022,R,House,CA,CA-26,False,157,0.10191082802547771
C0091,Noemi Yarborough,@YarboroughHQ,D,House,CA,CA-27,True,98,0.19387755102040816
C0092,Marisol Stanfield,@MStanfield,R,House,CA,CA-27,False,242,0.2892561983471074
C0093,Lorenzo Nakamura,@NakamuraForCongress,D,House,CA,CA-28,False,112,0.375
C0094,Tallulah Palafox,@TallulahPalafox2022,R,House,CA,CA-28,True,55,0.12727272727272726
C0095,Tamika Vandermeer,@VandermeerForCongress,D,House,CA,CA-29,True,61,0.39344262295081966
C0096,Paloma Wexford,@PWexford,R,House,CA,CA-29,False,209,0.33014354066985646
C0097,Renata Marchetti,@MarchettiHQ,D,House,CA,CA-30,True,123,0.14634146341463414
C0098,Noemi Vasquez-Reed,@NVasquezReed2022,R,House,CA,CA-30,False,67,0.43283582089552236
C0099,Russell Xiong,@RussellXiong2022,D,House,CA,CA-31,True,51,0.23529411764705882
C0100,Celeste Crowder,@CCrowderOfficial,R,House,CA,CA-31,False,120,0.19166666666666668
C0101,Maeve Tunstall,@TunstallHQ,D,House,CA,CA-32,True,18,0.0
C0102,Anders Okafor,@OkaforHQ,D,House,CA,CA-33,True,124,0.5161290322580645
C0103,Nadia Quintanilla,@QuintanillaHQ,R,House,CA,CA-33,False,99,0.4444444444444444
C0104,Grant Vandermeer,@GVandermeer2022,D,House,CA,CA-34,False,96,0.34375
C0105,Farrah Stanfield,@StanfieldForCongress,D,House,CA,CA-35,False,88,0.19318181818181818
C0106,Kendall Zablocki,@KZablockiOfficial,R,House,CA,CA-35,True,101,0.37623762376237624
C0107,Omar Pemberton,@PembertonForCongress,D,House,CA,CA-36,True,66,0.2878787878787879
C0108,Colton Lockhart,@LockhartForCongress,D,House,CA,CA-37,False,77,0.12987012987012986
C0109,Harlan Rutledge,@HRutledge,R,House,CA,CA-37,True,115,0.4434782608695652
C0110,Maeve Sandoval,@MaeveSandoval2022,D,House,CA,CA-38,False,70,0.2857142857142857
C0111,Tobias Rutledge,@RutledgeForCongress,D,House,CA,CA-39,False,68,0.3088235294117647
C0112,Ingrid Lockhart,@ILockhart2022,R,House,CA,CA-39,True,150,0.16
C0113,Kip Holloway,@KHollowayOfficial,D,House,CA,CA-40,False,44,0.1590909090909091
C0114,Dexter Fairbanks,@FairbanksForCongress,R,House,CA,CA-40,False,93,0.3870967741935484
C0115,Zelda Marchetti,@ZMarchetti,D,House,CA,CA-41,True,131,0.3511450381679389
C0116,Walker Palafox,@PalafoxForCongress,R,House,CA,CA-41,False,84,0.09523809523809523
C0117,York Delacroix,@DelacroixForCongress,D,House,CA,CA-42,True,219,0.5342465753424658
C0118,Kendall Barrows,@KBarrows,R,House,CA,CA-42,False,108,0.5092592592592593
C0119,Kip Thackeray,@Thackeray4Congress,D,House,CA,CA-43,False,61,0.4098360655737705
C0120,Russell Yarborough,@RussellYarborough2022,R,House,CA,CA-43,True,175,0.28
C0121,Walker Quimby,@QuimbyHQ,D,House,CA,CA-44,True,38,0.3684210526315789
C0122,Sterling Okafor,@SterlingOkafor2022,R,House,CA,CA-44,False,78,0.3717948717948718
C0123,Opal Granger,@GrangerHQ,D,House,CA,CA-45,False,101,0.039603960396039604
C0124,Cormac Lindqvist,@LindqvistHQ,R,House,CA,CA-45,False,78,0.2564102564102564
C0125,Marcus Whitlock,@MarcusWhitlock2022,D,House,CA,CA-46,False,53,0.09433962264150944
C0126,Quentin Stanfield,@QStanfield,R,House,CA,CA-46,False,234,0.2606837606837607
C0127,Nolan Umbridge,@UmbridgeForCongress,D,House,CA,CA-47,False,80,0.1875
C0128,Vera Bramble,@VBramble,R,House,CA,CA-47,True,77,0.06493506493506493
C0129,Cormac Quintanilla,@CormacQuintanilla2022,R,House,CA,CA-48,False,46,0.41304347826086957
C0130,Petra Bramble,@PetraBramble2022,R,House,CA,CA-49,True,115,0.5826086956521739
C0131,Opal Okafor,@OOkafor,D,House,CA,CA-50,True,83,0.13253012048192772
C0132,Flora Xiong,@XiongHQ,R,House,CA,CA-50,False,71,0.2676056338028169
C0133,Tallulah Granger,@TGranger2022,D,House,CA,CA-51,False,100,0.18
C0134,Cassidy Renwick,@CRenwick,R,House,CA,CA-51,True,91,0.3076923076923077
C0135,Ivan Kowalczyk,@IvanKowalczyk2022,D,House,CA,CA-52,False,52,0.19230769230769232
C0136,Lucille Rutledge,@LRutledge,R,House,CA,CA-52,True,101,0.3465346534653465
C0137,Opal Barrows,@OpalBarrows2022,R,House,CO,CO-01,False,67,0.16417910447761194
C0138,Noemi Lockhart,@NLockhart,I,House,CO,CO-01,False,40,0.15
C0139,Ivan Delacroix,@DelacroixHQ,D,House,CO,CO-02,False,98,0.2857142857142857
C0140,Colton Crowder,@Crowder4Congress,R,House,CO,CO-02,True,166,0.25301204819277107
C0141,Nadia Solberg,@SolbergForCongress,D,House,CO,CO-03,False,124,0.29838709677419356
C0142,Paloma Lockhart,@PalomaLockhart2022,R,House,CO,CO-03,True,105,0.6
C0143,Grant Umbridge,@GUmbridgeOfficial,D,House,CO,CO-04,False,102,0.30392156862745096
C0144,Celeste Yancey,@CelesteYancey2022,R,House,CO,CO-04,True,51,0.49019607843137253
C0145,Ignatius Oglesby,@OglesbyHQ,D,House,CO,CO-05,False,128,0.03125
C0146,Quentin Zielinski,@ZielinskiForCongress,R,House,CO,CO-05,False,76,0.13157894736842105
C0147,Russell Stanfield,@RStanfield2022,D,House,CO,CO-06,False,51,0.37254901960784315
C0148,Ingrid Meriwether,@IngridMeriwether2022,R,House,CO,CO-06,False,84,0.16666666666666666
C0149,Jordan Bickford,@JBickford2022,I,House,CO,CO-06,False,71,0.07042253521126761
C0150,Yolanda Thackeray,@ThackerayForCongress,D,House,CO,CO-07,True,59,0.11864406779661017
C0151,Lorenzo Renwick,@Renwick4Congress,R,House,CO,CO-07,False,109,0.05504587155963303
C0152,Flora Pemberton,@FloraPemberton2022,D,House,CO,CO-08,False,138,0.37681159420289856
C0153,Lorenzo Umbridge,@Umbridge4Congress,R,House,CO,CO-08,True,144,0.125
C0154,Marisol Barrows,@MBarrows2022,D,House,CT,CT-01,True,131,0.48091603053435117
C0155,Cormac Ivester,@CIvesterOfficial,R,House,CT,CT-01,False,75,0.21333333333333335
C0156,Lavinia Lockhart,@LaviniaLockhart2022,D,House,CT,CT-02,True,137,0.24087591240875914
C0157,Bettina Yarborough,@BYarborough2022,R,House,CT,CT-02,False,162,0.16049382716049382
C0158,Gideon Granger,@GrangerForCongress,D,House,CT,CT-03,False,86,0.16279069767441862
C0159,Ximena Jessup,@Jessup4Congress,R,House,CT,CT-03,True,139,0.19424460431654678
C0160,Gideon Jessup,@JessupHQ,D,House,CT,CT-04,True,79,0.46835443037974683
C0161,Uriel Quimby,@UQuimby,R,House,CT,CT-04,False,87,0.13793103448275862
C0162,Mordecai Fairbanks,@MFairbanksOfficial,D,House,CT,CT-05,False,124,0.3629032258064516
C0163,Nadia Tremblay,@NadiaTremblay2022,R,House,CT,CT-05,True,101,0.5841584158415841
C0164,Colton Rutledge,@Rutledge4Congress,D,House,DE,DE-AL,False,91,0.15384615384615385
C0165,Priya Jessup,@PJessup2022,R,House,DE,DE-AL,True,60,0.16666666666666666
C0166,Ramona Calloway,@RCallowayOfficial,D,House,FL,FL-01,False,83,0.14457831325301204
C0167,Avery Goodwin,@AveryGoodwin2022,R,House,FL,FL-01,False,21,0.23809523809523808
C0168,Omar Fairbanks,@FairbanksHQ,D,House,FL,FL-02,True,162,0.25925925925925924
C0169,Nadia Falkner,@NFalkner,R,House,FL,FL-02,False,96,0.2708333333333333
C0170,Junia Delacroix,@JDelacroix,D,House,FL,FL-03,True,68,0.14705882352941177
C0171,Yolanda Vandermeer,@YolandaVandermeer2022,R,House,FL,FL-03,False,91,0.1978021978021978
C0172,Henrietta Granger,@HGrangerOfficial,D,House,FL,FL-04,True,203,0.1625615763546798
C0173,Lucille Ellingson,@LucilleEllingson2022,R,House,FL,FL-04,False,173,0.11560693641618497
C0174,Nadia Dunmore,@NDunmoreOfficial,D,House,FL,FL-05,False,69,0.4057971014492754
C0175,Bettina Winterbourne,@WinterbourneForCongress,R,House,FL,FL-05,True,192,0.203125
C0176,Kip Palafox,@KPalafoxOfficial,D,House,FL,FL-06,True,109,0.1834862385321101
C0177,Flora Ellingson,@EllingsonHQ,R,House,FL,FL-06,False,71,0.04225352112676056
C0178,Kendall Alcott,@KendallAlcott2022,R,House,FL,FL-07,False,272,0.4264705882352941
C0179,York Barrows,@YorkBarrows2022,D,House,FL,FL-08,False,70,0.02857142857142857
C0180,Renata Abernathy,@AbernathyHQ,R,House,FL,FL-08,True,79,0.4936708860759494
C0181,Osric Renwick,@OsricRenwick2022,D,House,FL,FL-09,True,70,0.1
C0182,Ulysses Kowalczyk,@UlyssesKowalczyk2022,R,House,FL,FL-09,False,140,0.16428571428571428
C0183,Priya Ivester,@PriyaIvester2022,D,House,FL,FL-10,True,33,0.15151515151515152
C0184,Kendall Dunmore,@KDunmore2022,D,House,FL,FL-11,False,202,0.32673267326732675
C0185,Renata Granger,@Granger4Congress,R,House,FL,FL-11,True,182,0.21428571428571427
C0186,Hattie Ibarra,@HIbarra2022,D,House,FL,FL-12,False,125,0.312
C0187,Ezra Ibarra,@EzraIbarra2022,R,House,FL,FL-12,True,205,0.2048780487804878
C0188,Russell Calloway,@RCalloway2022,D,House,FL,FL-13,True,146,0.3424657534246575
C0189,Ignatius Underhill,@IgnatiusUnderhill2022,R,House,FL,FL-13,False,113,0.504424778761062
C0190,Colton Palafox,@ColtonPalafox2022,D,House,FL,FL-14,True,74,0.1891891891891892
C0191,Kendall Hargrove,@KHargrove,R,House,FL,FL-14,False,115,0.2956521739130435
C0192,Lucille Solberg,@LucilleSolberg2022,D,House,FL,FL-15,True,110,0.33636363636363636
C0193,Harlan Zablocki,@HZablocki,R,House,FL,FL-15,False,146,0.0547945205479452
C0194,Emmett Ibarra,@EIbarraOfficial,D,House,FL,FL-16,True,103,0.2912621359223301
C0195,Noemi Nakamura,@Nakamura4Congress,R,House,FL,FL-16,False,78,0.10256410256410256
C0196,Zelda Jessup,@JessupForCongress,D,House,FL,FL-17,True,174,0.6609195402298851
C0197,Gideon Whitlock,@WhitlockHQ,R,House,FL,FL-17,False,542,0.5461254612546126
C0198,Thea Renwick,@TheaRenwick2022,D,House,FL,FL-18,True,127,0.3858267716535433
C0199,Russell Crowder,@RCrowder,R,House,FL,FL-18,False,46,0.41304347826086957
C0200,Harlan Sandoval,@Sandoval4Congress,D,House,FL,FL-19,True,171,0.14619883040935672
C0201,Noemi Yancey,@YanceyForCongress,R,House,FL,FL-19,False,80,0.475
C0202,Wendell Kowalczyk,@KowalczykForCongress,D,House,FL,FL-20,True,118,0.05084745762711865
C0203,Russell Quintanilla,@RussellQuintanilla2022,R,House,FL,FL-20,False,115,0.23478260869565218
C0204,Lucille Xiong,@LXiongOfficial,D,House,FL,FL-21,True,64,0.15625
C0205,Gideon Barrows,@BarrowsForCongress,R,House,FL,FL-21,False,35,0.2
C0206,Harlan Meriwether,@HarlanMeriwether2022,I,House,FL,FL-21,False,43,0.37209302325581395
C0207,York Oglesby,@Oglesby4Congress,D,House,FL,FL-22,True,136,0.2647058823529412
C0208,Noemi Underhill,@UnderhillHQ,R,House,FL,FL-22,False,150,0.2866666666666667
C0209,Gustavo Abernathy,@GAbernathy,D,House,FL,FL-23,False,41,0.4146341463414634
C0210,Nolan Granger,@NolanGranger2022,R,House,FL,FL-23,True,147,0.42857142857142855
C0211,Jocelyn Marchetti,@MarchettiForCongress,D,House,FL,FL-24,False,137,0.25547445255474455
C0212,Priya Yarborough,@PriyaYarborough2022,R,House,FL,FL-24,True,84,0.047619047619047616
C0213,Vera Underhill,@VUnderhill,D,House,FL,FL-25,False,76,0.17105263157894737
C0214,Marisol Nakamura,@MarisolNakamura2022,R,House,FL,FL-25,True,210,0.18571428571428572
C0215,Flora Sandoval,@FSandoval,D,House,FL,FL-26,True,90,0.3333333333333333
C0216,Ignatius Bramble,@BrambleHQ,R,House,FL,FL-26,False,113,0.4336283185840708
C0217,Lucille Tremblay,@LucilleTremblay2022,D,House,FL,FL-27,False,102,0.1568627450980392
C0218,Elena Prescott,@Prescott4Congress,R,House,FL,FL-27,True,150,0.05333333333333334
C0219,Omar Nakamura,@OmarNakamura2022,D,House,FL,FL-28,True,46,0.13043478260869565
C0220,Lavinia Winterbourne,@LaviniaWinterbourne2022,R,House,FL,FL-28,False,108,0.35185185185185186
C0221,Flora Villanueva,@FloraVillanueva2022,D,House,GA,GA-01,True,40,0.275
C0222,Uriel Thackeray,@UrielThackeray2022,R,House,GA,GA-01,False,159,0.39622641509433965
C0223,Sterling Zablocki,@SZablocki,D,House,GA,GA-02,True,83,0.5060240963855421
C0224,Rosalind Palafox,@RPalafox,R,House,GA,GA-02,False,191,0.18324607329842932
C0225,Nadia Ravenscroft,@RavenscroftForCongress,D,House,GA,GA-03,True,38,0.5
C0226,Priya Vasquez-Reed,@PriyaVasquezReed2022,R,House,GA,GA-03,False,86,0.45348837209302323
C0227,Colton Whitlock,@WhitlockForCongress,D,House,GA,GA-04,False,99,0.5151515151515151
C0228,Uriel Hargrove,@UrielHargrove2022,R,House,GA,GA-04,False,262,0.3969465648854962
C0229,Marcus Kettering,@Kettering4Congress,D,House,GA,GA-05,True,85,0.38823529411764707
C0230,Tobias Okafor,@Okafor4Congress,R,House,GA,GA-05,False,106,0.3490566037735849
C0231,Paloma Abernathy,@Abernathy4Congress,D,House,GA,GA-06,True,72,0.027777777777777776
C0232,Celeste Granger,@CGranger,R,House,GA,GA-06,False,71,0.19718309859154928
C0233,Nolan Ellingson,@EllingsonForCongress,D,House,GA,GA-07,False,146,0.4931506849315068
C0234,Petra Zablocki,@ZablockiForCongress,R,House,GA,GA-07,False,197,0.14213197969543148
C0235,Vera Northcutt,@VeraNorthcutt2022,D,House,GA,GA-08,False,72,0.2638888888888889
C0236,Ivan Tunstall,@ITunstall2022,R,House,GA,GA-08,False,74,0.4594594594594595
C0237,Marisol Hargrove,@HargroveHQ,D,House,GA,GA-09,False,126,0.12698412698412698
C0238,Ezra Kowalczyk,@EKowalczykOfficial,R,House,GA,GA-09,False,193,0.42487046632124353
C0239,Uriel Northcutt,@UNorthcutt,D,House,GA,GA-10,True,74,0.08108108108108109
C0240,Gustavo Wexford,@WexfordHQ,R,House,GA,GA-10,False,135,0.2814814814814815
C0241,Marisol Lindqvist,@MarisolLindqvist2022,R,House,GA,GA-11,True,80,0.675
C0242,Quincy Kowalczyk,@QuincyKowalczyk2022,D,House,GA,GA-12,True,249,0.18072289156626506
C0243,Yolanda Goodwin,@YGoodwin,R,House,GA,GA-12,False,125,0.136
C0244,Tallulah Northcutt,@TallulahNorthcutt2022,D,House,GA,GA-13,False,142,0.19718309859154928
C0245,Emmett Lockhart,@EmmettLockhart2022,R,House,GA,GA-13,True,211,0.24644549763033174
C0246,Cormac Meriwether,@CormacMeriwether2022,D,House,GA,GA-14,True,76,0.14473684210526316
C0247,Maeve Dunmore,@DunmoreHQ,R,House,GA,GA-14,False,460,0.3456521739130435
C0248,Wendell Yancey,@WYancey2022,D,House,HI,HI-01,False,117,0.2564102564102564
C0249,York Eastwood,@YorkEastwood2022,R,House,HI,HI-01,True,41,0.14634146341463414
C0250,Quincy Nakamura,@QuincyNakamura2022,D,House,HI,HI-02,True,48,0.5833333333333334
C0251,Yolanda Oglesby,@YolandaOglesby2022,R,House,HI,HI-02,False,110,0.1
C0252,Wendell Alcott,@WendellAlcott2022,D,House,ID,ID-01,False,105,0.13333333333333333
C0253,Osric Meriwether,@OsricMeriwether2022,R,House,ID,ID-01,True,56,0.25
C0254,Priya Whitlock,@PriyaWhitlock2022,D,House,ID,ID-02,False,160,0.075
C0255,Nolan Prescott,@PrescottHQ,R,House,ID,ID-02,False,76,0.4342105263157895
C0256,Colton Ostrander,@OstranderForCongress,D,House,IL,IL-01,True,38,0.15789473684210525
C0257,Uriel Fairbanks,@UFairbanksOfficial,R,House,IL,IL-01,False,72,0.75
C0258,Flora Oglesby,@FOglesby2022,R,House,IL,IL-02,False,32,0.46875
C0259,Emmett Zablocki,@EmmettZablocki2022,D,House,IL,IL-03,False,94,0.13829787234042554
C0260,Hattie Whitlock,@HattieWhitlock2022,R,House,IL,IL-03,True,83,0.6024096385542169
C0261,Opal Underhill,@OpalUnderhill2022,D,House,IL,IL-04,True,77,0.37662337662337664
C0262,Vera Solberg,@VeraSolberg2022,R,House,IL,IL-04,False,174,0.3505747126436782
C0263,Opal Nakamura,@OpalNakamura2022,D,House,IL,IL-05,False,130,0.49230769230769234
C0264,Uriel Oglesby,@UrielOglesby2022,R,House,IL,IL-05,True,99,0.40404040404040403
C0265,Hattie Jessup,@HattieJessup2022,D,House,IL,IL-06,False,215,0.6465116279069767
C0266,York Goodwin,@YorkGoodwin2022,R,House,IL,IL-06,True,100,0.19
C0267,Marisol Quintanilla,@MQuintanillaOfficial,D,House,IL,IL-07,False,46,0.21739130434782608
C0268,Paloma Eastwood,@PalomaEastwood2022,R,House,IL,IL-07,True,85,0.4117647058823529
C0269,Jordan Falkner,@JFalkner,I,House,IL,IL-07,False,153,0.21568627450980393
C0270,Cassidy Nakamura,@CassidyNakamura2022,D,House,IL,IL-08,True,54,0.46296296296296297
C0271,Tallulah Pemberton,@TallulahPemberton2022,R,House,IL,IL-08,False,256,0.34375
C0272,Junia Vasquez-Reed,@JVasquezReedOfficial,D,House,IL,IL-09,True,113,0.19469026548672566
C0273,Ramona Yarborough,@RYarboroughOfficial,R,House,IL,IL-09,False,66,0.3787878787878788
C0274,Deshawn Granger,@DeshawnGranger2022,D,House,IL,IL-10,False,96,0.15625
C0275,Kip Ashford,@KAshford2022,R,House,IL,IL-10,True,97,0.5154639175257731
C0276,Emmett Oglesby,@OglesbyForCongress,D,House,IL,IL-11,False,25,0.04
C0277,Bettina Okafor,@BettinaOkafor2022,R,House,IL,IL-11,True,128,0.109375
C0278,York Marchetti,@YMarchettiOfficial,R,House,IL,IL-12,True,36,0.25
C0279,Kip Granger,@KipGranger2022,D,House,IL,IL-13,True,184,0.125
C0280,Celeste Bickford,@CelesteBickford2022,R,House,IL,IL-13,False,63,0.06349206349206349
C0281,Deshawn Crowder,@DCrowder,D,House,IL,IL-14,True,100,0.31
C0282,Emmett Pemberton,@PembertonHQ,R,House,IL,IL-14,False,29,0.3103448275862069
C0283,Cassidy Granger,@CassidyGranger2022,D,House,IL,IL-15,False,44,0.3181818181818182
C0284,Farrah Solberg,@FarrahSolberg2022,R,House,IL,IL-15,False,244,0.36885245901639346
C0285,Vivienne Villanueva,@VVillanueva,D,House,IL,IL-16,True,56,0.05357142857142857
C0286,Kendall Whitlock,@KendallWhitlock2022,R,House,IL,IL-16,False,118,0.16101694915254236
C0287,Lavinia Bramble,@LaviniaBramble2022,D,House,IL,IL-17,True,94,0.3404255319148936
C0288,Harlan Kowalczyk,@HarlanKowalczyk2022,R,House,IL,IL-17,False,69,0.07246376811594203
C0289,Grant Thackeray,@GrantThackeray2022,R,House,IN,IN-01,True,83,0.37349397590361444
C0290,Lorenzo Ellingson,@LEllingson,D,House,IN,IN-02,False,92,0.14130434782608695
C0291,Jocelyn Meriwether,@Meriwether4Congress,D,House,IN,IN-03,False,161,0.13043478260869565
C0292,Jordan Goodwin,@GoodwinHQ,D,House,IN,IN-04,False,97,0.23711340206185566
C0293,Wendell Vandermeer,@WVandermeerOfficial,R,House,IN,IN-04,True,72,0.1111111111111111
C0294,Harlan Solberg,@HarlanSolberg2022,D,House,IN,IN-05,True,124,0.46774193548387094
C0295,Vivienne Ellingson,@VivienneEllingson2022,R,House,IN,IN-05,False,123,0.21138211382113822
C0296,Cassidy Meriwether,@MeriwetherForCongress,D,House,IN,IN-06,False,68,0.20588235294117646
C0297,Grant Tunstall,@GrantTunstall2022,R,House,IN,IN-06,False,50,0.14
C0298,Marisol Jessup,@MJessup,D,House,IN,IN-07,False,115,0.034782608695652174
C0299,Tobias Quimby,@TQuimby2022,R,House,IN,IN-07,False,49,0.12244897959183673
C0300,Harlan Jessup,@HarlanJessup2022,D,House,IN,IN-08,False,172,0.4069767441860465
C0301,Farrah Crowder,@FCrowder,R,House,IN,IN-08,True,214,0.1822429906542056
C0302,Anders Stanfield,@AStanfield,D,House,IN,IN-09,False,168,0.13095238095238096
C0303,Uriel Stanfield,@UrielStanfield2022,R,House,IN,IN-09,True,86,0.10465116279069768
C0304,Osric Whitlock,@OWhitlockOfficial,D,House,IA,IA-01,False,45,0.17777777777777778
C0305,Ramona Ashford,@Ashford4Congress,R,House,IA,IA-01,True,147,0.3945578231292517
C0306,Elena Ibarra,@ElenaIbarra2022,D,House,IA,IA-02,True,55,0.09090909090909091
C0307,Tamika Sandoval,@TamikaSandoval2022,R,House,IA,IA-02,False,123,0.6422764227642277
C0308,Wendell Pemberton,@WendellPemberton2022,D,House,IA,IA-03,True,46,0.10869565217391304
C0309,Celeste Zablocki,@CelesteZablocki2022,R,House,IA,IA-03,False,42,0.30952380952380953
C0310,Renata Falkner,@RFalkner2022,D,House,IA,IA-04,True,134,0.3805970149253731
C0311,Lucille Nakamura,@LNakamura,R,House,IA,IA-04,False,174,0.1896551724137931
C0312,Henrietta Ravenscroft,@HRavenscroft2022,I,House,IA,IA-04,False,42,0.6666666666666666
C0313,Silas Holloway,@HollowayHQ,D,House,KS,KS-01,False,50,0.3
C0314,Lucille Ashford,@AshfordHQ,R,House,KS,KS-01,True,62,0.24193548387096775
C0315,Marisol Marchetti,@MMarchettiOfficial,I,House,KS,KS-01,False,63,0.1746031746031746
C0316,Yolanda Bickford,@BickfordHQ,R,House,KS,KS-02,True,111,0.2882882882882883
C0317,Boyd Vandermeer,@BoydVandermeer2022,I,House,KS,KS-02,False,185,0.12432432432432433
C0318,Noemi Hargrove,@HargroveForCongress,R,House,KS,KS-03,True,135,0.1925925925925926
C0319,Nadia Thackeray,@NadiaThackeray2022,D,House,KS,KS-04,True,72,0.06944444444444445
C0320,Ingrid Northcutt,@NorthcuttForCongress,R,House,KS,KS-04,False,112,0.38392857142857145
C0321,Nolan Crowder,@NCrowder,D,House,KY,KY-01,False,159,0.1949685534591195
C0322,Zelda Oglesby,@ZeldaOglesby2022,R,House,KY,KY-01,False,112,0.5357142857142857
C0323,Tobias Zielinski,@TZielinskiOfficial,D,House,KY,KY-02,True,161,0.3167701863354037
C0324,Rosalind Oglesby,@RosalindOglesby2022,R,House,KY,KY-02,False,22,0.3181818181818182
C0325,Russell Falkner,@RussellFalkner2022,D,House,KY,KY-03,True,88,0.26136363636363635
C0326,Emmett Vasquez-Reed,@VasquezReed4Congress,R,House,KY,KY-03,False,74,0.08108108108108109
C0327,Vivienne Eastwood,@EastwoodForCongress,R,House,KY,KY-04,True,73,0.4246575342465753
C0328,Elena Pemberton,@EPembertonOfficial,D,House,KY,KY-05,False,114,0.24561403508771928
C0329,Nadia Quimby,@NadiaQuimby2022,R,House,KY,KY-05,False,61,0.6229508196721312
C0330,Henrietta Pemberton,@HenriettaPemberton2022,D,House,KY,KY-06,False,245,0.43673469387755104
C0331,Tamika Jankowski,@JankowskiHQ,R,House,KY,KY-06,True,149,0.31543624161073824
C0332,Uriel Xiong,@Xiong4Congress,R,House,LA,LA-01,False,55,0.43636363636363634
C0333,Jordan Prescott,@JPrescott,D,House,LA,LA-02,True,128,0.203125
C0334,Kip Zielinski,@KipZielinski2022,R,House,LA,LA-02,False,53,0.09433962264150944
C0335,Rosalind Whitlock,@Whitlock4Congress,D,House,LA,LA-03,True,79,0.25316455696202533
C0336,Quincy Marchetti,@QuincyMarchetti2022,R,House,LA,LA-03,False,79,0.31645569620253167
C0337,Opal Prescott,@OpalPrescott2022,D,House,LA,LA-04,True,91,0.32967032967032966
C0338,Kip Rutledge,@KipRutledge2022,R,House,LA,LA-04,False,75,0.26666666666666666
C0339,Cassidy Dunmore,@CDunmore,D,House,LA,LA-05,True,87,0.40229885057471265
C0340,Silas Granger,@SilasGranger2022,R,House,LA,LA-05,False,34,0.029411764705882353
C0341,Vera Vasquez-Reed,@VasquezReedForCongress,D,House,LA,LA-06,False,69,0.2028985507246377
C0342,Yolanda Wexford,@YWexfordOfficial,R,House,LA,LA-06,True,232,0.24568965517241378
C0343,Bettina Oglesby,@BettinaOglesby2022,D,House,ME,ME-01,False,112,0.15178571428571427
C0344,Elena Villanueva,@ElenaVillanueva2022,R,House,ME,ME-02,True,80,0.4375
C0345,Harlan Holloway,@HHolloway2022,D,House,MD,MD-01,False,55,0.34545454545454546
C0346,Ivan Oglesby,@IvanOglesby2022,R,House,MD,MD-01,True,84,0.23809523809523808
C0347,Nolan Alcott,@NAlcott,D,House,MD,MD-02,False,107,0.27102803738317754
C0348,York Calloway,@YorkCalloway2022,R,House,MD,MD-02,True,103,0.1650485436893204
C0349,Elena Yancey,@EYanceyOfficial,D,House,MD,MD-03,True,104,0.34615384615384615
C0350,Dexter Barrows,@DexterBarrows2022,R,House,MD,MD-03,False,51,0.19607843137254902
C0351,Sterling Jankowski,@SJankowski,D,House,MD,MD-04,False,71,0.7323943661971831
C0352,Ivan Lindqvist,@Lindqvist4Congress,R,House,MD,MD-04,False,246,0.24390243902439024
C0353,Rosalind Tremblay,@Tremblay4Congress,R,House,MD,MD-05,True,89,0.15730337078651685
C0354,Walker Renwick,@WalkerRenwick2022,D,House,MD,MD-06,True,86,0.11627906976744186
C0355,Petra Delacroix,@PDelacroixOfficial,D,House,MD,MD-07,False,100,0.42
C0356,Noemi Renwick,@NRenwick2022,R,House,MD,MD-07,True,85,0.43529411764705883
C0357,Grant Zablocki,@GZablockiOfficial,D,House,MD,MD-08,False,109,0.2018348623853211
C0358,Deshawn Barrows,@DBarrowsOfficial,R,House,MD,MD-08,False,161,0.2919254658385093
C0359,Dexter Ostrander,@DOstrander,D,House,MA,MA-01,True,127,0.14173228346456693
C0360,Uriel Okafor,@UrielOkafor2022,R,House,MA,MA-01,False,57,0.24561403508771928
C0361,Petra Palafox,@PetraPalafox2022,D,House,MA,MA-02,True,27,0.0
C0362,Junia Granger,@JGrangerOfficial,R,House,MA,MA-02,False,175,0.21714285714285714
C0363,Celeste Delacroix,@CelesteDelacroix2022,D,House,MA,MA-03,False,501,0.19760479041916168
C0364,Dexter Quintanilla,@QuintanillaForCongress,R,House,MA,MA-03,False,160,0.06875
C0365,Zelda Yarborough,@ZYarboroughOfficial,D,House,MA,MA-04,True,35,0.14285714285714285
C0366,Celeste Marchetti,@CMarchetti,R,House,MA,MA-04,False,151,0.46357615894039733
C0367,Russell Ivester,@IvesterForCongress,D,House,MA,MA-05,False,119,0.13445378151260504
C0368,Lavinia Jessup,@LJessup2022,R,House,MA,MA-05,True,141,0.2695035460992908
C0369,Maeve Ostrander,@OstranderHQ,D,House,MA,MA-06,False,233,0.27467811158798283
C0370,Kendall Eastwood,@KendallEastwood2022,R,House,MA,MA-06,True,209,0.215311004784689
C0371,Jocelyn Rutledge,@JocelynRutledge2022,I,House,MA,MA-06,False,110,0.2818181818181818
C0372,Cassidy Winterbourne,@CassidyWinterbourne2022,D,House,MA,MA-07,True,42,0.09523809523809523
C0373,Maeve Ivester,@MIvester,R,House,MA,MA-07,False,83,0.13253012048192772
C0374,Jocelyn Goodwin,@JGoodwin,D,House,MA,MA-08,False,158,0.10126582278481013
C0375,Lorenzo Fairbanks,@LFairbanks,R,House,MA,MA-08,True,121,0.47107438016528924
C0376,Farrah Bramble,@FBramble2022,D,House,MA,MA-09,False,93,0.0967741935483871
C0377,Rosalind Vandermeer,@VandermeerHQ,R,House,MA,MA-09,False,80,0.3
C0378,Maeve Prescott,@MaevePrescott2022,R,House,MI,MI-01,True,157,0.33121019108280253
C0379,Farrah Northcutt,@FarrahNorthcutt2022,D,House,MI,MI-02,False,125,0.288
C0380,Walker Barrows,@BarrowsHQ,R,House,MI,MI-02,True,122,0.1885245901639344
C0381,Ulysses Goodwin,@UGoodwin,D,House,MI,MI-03,False,84,0.19047619047619047
C0382,Lorenzo Thackeray,@LThackeray,R,House,MI,MI-03,True,193,0.5233160621761658
C0383,Delphine Alcott,@DelphineAlcott2022,D,House,MI,MI-04,True,106,0.09433962264150944
C0384,Delphine Okafor,@DelphineOkafor2022,R,House,MI,MI-04,False,60,0.38333333333333336
C0385,Omar Bramble,@OmarBramble2022,D,House,MI,MI-05,False,68,0.5
C0386,Harlan Vandermeer,@Vandermeer4Congress,R,House,MI,MI-05,True,31,0.1935483870967742
C0387,Dexter Ashford,@DexterAshford2022,R,House,MI,MI-06,True,111,0.23423423423423423
C0388,Mordecai Villanueva,@MordecaiVillanueva2022,I,House,MI,MI-06,False,46,0.13043478260869565
C0389,Zelda Quintanilla,@ZeldaQuintanilla2022,D,House,MI,MI-07,True,54,0.5185185185185185
C0390,Paloma Nakamura,@PalomaNakamura2022,R,House,MI,MI-07,False,95,0.2736842105263158
C0391,Ignatius Dunmore,@Dunmore4Congress,D,House,MI,MI-08,True,157,0.39490445859872614
C0392,Colton Yancey,@CYanceyOfficial,R,House,MI,MI-08,False,168,0.19047619047619047
C0393,Kip Stanfield,@Stanfield4Congress,D,House,MI,MI-09,True,36,0.3055555555555556
C0394,Celeste Underhill,@CUnderhill,R,House,MI,MI-09,False,266,0.4473684210526316
C0395,Ramona Jessup,@RamonaJessup2022,D,House,MI,MI-10,False,83,0.0963855421686747
C0396,Emmett Zielinski,@EZielinski,R,House,MI,MI-10,True,136,0.25735294117647056
C0397,Petra Vasquez-Reed,@PetraVasquezReed2022,D,House,MI,MI-11,False,80,0.375
C0398,Hattie Xiong,@HXiongOfficial,R,House,MI,MI-11,True,40,0.05
C0399,Quincy Bickford,@BickfordForCongress,D,House,MI,MI-12,False,148,0.16216216216216217
C0400,Priya Quintanilla,@PQuintanilla2022,R,House,MI,MI-12,False,66,0.42424242424242425
C0401,Flora Fairbanks,@FloraFairbanks2022,R,House,MI,MI-13,False,227,0.06607929515418502
C0402,Deshawn Jankowski,@DeshawnJankowski2022,D,House,MN,MN-01,True,137,0.08759124087591241
C0403,Nolan Tunstall,@NolanTunstall2022,R,House,MN,MN-01,False,88,0.3181818181818182
C0404,Bettina Vandermeer,@BettinaVandermeer2022,D,House,MN,MN-02,False,128,0.5234375
C0405,Gustavo Jessup,@GustavoJessup2022,R,House,MN,MN-02,False,180,0.17777777777777778
C0406,Silas Nakamura,@SNakamura2022,D,House,MN,MN-03,True,71,0.28169014084507044
C0407,Quentin Fairbanks,@Fairbanks4Congress,R,House,MN,MN-03,False,158,0.17721518987341772
C0408,Harlan Whitlock,@HarlanWhitlock2022,D,House,MN,MN-04,True,46,0.0
C0409,Lavinia Zablocki,@LZablocki2022,R,House,MN,MN-04,False,85,0.10588235294117647
C0410,Marcus Ivester,@MIvesterOfficial,D,House,MN,MN-05,False,101,0.24752475247524752
C0411,Vera Goodwin,@VeraGoodwin2022,R,House,MN,MN-05,True,113,0.45132743362831856
C0412,Ivan Bickford,@IBickford,D,House,MN,MN-06,True,208,0.3701923076923077
C0413,Boyd Vasquez-Reed,@VasquezReedHQ,R,House,MN,MN-06,False,67,0.26865671641791045
C0414,Walker Ashford,@WalkerAshford2022,D,House,MN,MN-07,True,275,0.20363636363636364
C0415,Ingrid Yancey,@IYancey,R,House,MN,MN-07,False,200,0.065
C0416,Ezra Zielinski,@EZielinskiOfficial,D,House,MN,MN-08,True,67,0.4626865671641791
C0417,Dexter Northcutt,@DexterNorthcutt2022,R,House,MN,MN-08,False,71,0.323943661971831
C0418,Anders Granger,@AGrangerOfficial,D,House,MS,MS-01,False,81,0.1728395061728395
C0419,Pete Underhill,@PUnderhill,R,House,MS,MS-01,True,91,0.37362637362637363
C0420,Yolanda Ashford,@AshfordForCongress,D,House,MS,MS-02,True,178,0.25842696629213485
C0421,Boyd Goodwin,@Goodwin4Congress,R,House,MS,MS-02,False,44,0.20454545454545456
C0422,Avery Fairbanks,@AveryFairbanks2022,D,House,MS,MS-03,True,90,0.2
C0423,Omar Abernathy,@OmarAbernathy2022,R,House,MS,MS-03,False,146,0.0547945205479452
C0424,Walker Dunmore,@DunmoreForCongress,D,House,MS,MS-04,False,56,0.03571428571428571
C0425,Tobias Tremblay,@TremblayHQ,R,House,MS,MS-04,False,81,0.48148148148148145
C0426,Junia Ostrander,@JuniaOstrander2022,D,House,MO,MO-01,False,88,0.29545454545454547
C0427,Lorenzo Quimby,@LorenzoQuimby2022,R,House,MO,MO-01,True,126,0.047619047619047616
C0428,Bettina Rutledge,@BettinaRutledge2022,D,House,MO,MO-02,True,316,0.31645569620253167
C0429,Omar Ravenscroft,@OmarRavenscroft2022,R,House,MO,MO-02,False,90,0.06666666666666667
C0430,Junia Zablocki,@JuniaZablocki2022,I,House,MO,MO-02,False,392,0.5663265306122449
C0431,Cassidy Vandermeer,@CVandermeerOfficial,D,House,MO,MO-03,False,226,0.15486725663716813
C0432,Osric Goodwin,@OsricGoodwin2022,R,House,MO,MO-03,False,86,0.36046511627906974
C0433,Ezra Yarborough,@YarboroughForCongress,D,House,MO,MO-04,False,48,0.22916666666666666
C0434,Vera Abernathy,@VAbernathy2022,R,House,MO,MO-04,True,88,0.6590909090909091
C0435,Sterling Calloway,@SCalloway,D,House,MO,MO-05,False,219,0.6118721461187214
C0436,Thea Abernathy,@TAbernathy,R,House,MO,MO-05,False,180,0.22777777777777777
C0437,Cassidy Kettering,@CKettering2022,D,House,MO,MO-06,False,103,0.34951456310679613
C0438,Tamika Lindqvist,@TamikaLindqvist2022,R,House,MO,MO-06,False,108,0.2222222222222222
C0439,Ingrid Bickford,@Bickford4Congress,D,House,MO,MO-07,True,158,0.21518987341772153
C0440,Hattie Yancey,@Yancey4Congress,R,House,MO,MO-07,False,237,0.1350210970464135
C0441,Ximena Jankowski,@Jankowski4Congress,D,House,MO,MO-08,True,164,0.5304878048780488
C0442,Uriel Alcott,@UAlcott,R,House,MO,MO-08,False,137,0.22627737226277372
C0443,Petra Goodwin,@PetraGoodwin2022,D,House,MT,MT-01,False,171,0.22807017543859648
C0444,Uriel Rutledge,@URutledge,R,House,MT,MT-01,True,343,0.15160349854227406
C0445,Gideon Goodwin,@GGoodwin,I,House,MT,MT-01,False,90,0.17777777777777778
C0446,Simone Umbridge,@SUmbridge2022,D,House,MT,MT-02,False,118,0.1694915254237288
C0447,Hattie Quintanilla,@HQuintanilla2022,R,House,MT,MT-02,False,250,0.28
C0448,Flora Okafor,@FOkafor,D,House,NE,NE-01,False,93,0.0967741935483871
C0449,Ulysses Calloway,@UlyssesCalloway2022,R,House,NE,NE-01,True,55,0.34545454545454546
C0450,Nadia Bramble,@NBramble2022,D,House,NE,NE-02,False,315,0.09523809523809523
C0451,Marisol Quimby,@MQuimbyOfficial,R,House,NE,NE-02,True,96,0.28125
C0452,Lucille Zielinski,@ZielinskiHQ,D,House,NE,NE-03,True,95,0.30526315789473685
C0453,Omar Yarborough,@OYarborough,R,House,NE,NE-03,False,199,0.46733668341708545
C0454,Nolan Stanfield,@NolanStanfield2022,D,House,NV,NV-01,False,139,0.26618705035971224
C0455,Deshawn Bramble,@DBrambleOfficial,R,House,NV,NV-01,True,98,0.3877551020408163
C0456,Uriel Umbridge,@UrielUmbridge2022,D,House,NV,NV-02,True,392,0.40816326530612246
C0457,Marcus Jankowski,@MarcusJankowski2022,R,House,NV,NV-02,False,107,0.028037383177570093
C0458,Avery Bickford,@AveryBickford2022,D,House,NV,NV-03,True,82,0.2804878048780488
C0459,Lorenzo Solberg,@LSolbergOfficial,R,House,NV,NV-03,False,107,0.32710280373831774
C0460,Walker Winterbourne,@WalkerWinterbourne2022,I,House,NV,NV-03,False,166,0.030120481927710843
C0461,Russell Vandermeer,@RVandermeerOfficial,D,House,NV,NV-04,True,137,0.43795620437956206
C0462,Nolan Vasquez-Reed,@NolanVasquezReed2022,R,House,NV,NV-04,False,69,0.36231884057971014
C0463,Ulysses Ashford,@UAshford2022,D,House,NH,NH-01,True,110,0.32727272727272727
C0464,Cormac Northcutt,@CormacNorthcutt2022,R,House,NH,NH-01,False,85,0.25882352941176473
C0465,Flora Barrows,@FBarrowsOfficial,D,House,NH,NH-02,False,131,0.5267175572519084
C0466,Gideon Falkner,@FalknerForCongress,R,House,NH,NH-02,True,163,0.2392638036809816
C0467,Omar Oglesby,@OmarOglesby2022,D,House,NJ,NJ-01,False,103,0.0970873786407767
C0468,Tamika Bramble,@TamikaBramble2022,R,House,NJ,NJ-01,True,194,0.0979381443298969
C0469,Nadia Okafor,@NadiaOkafor2022,D,House,NJ,NJ-02,True,91,0.34065934065934067
C0470,Ximena Renwick,@XRenwick,R,House,NJ,NJ-02,False,76,0.17105263157894737
C0471,Vivienne Barrows,@VBarrowsOfficial,D,House,NJ,NJ-03,True,186,0.053763440860215055
C0472,Jocelyn Eastwood,@EastwoodHQ,R,House,NJ,NJ-03,False,168,0.30357142857142855
C0473,Lavinia Ellingson,@LaviniaEllingson2022,D,House,NJ,NJ-04,True,303,0.10561056105610561
C0474,Renata Kowalczyk,@RenataKowalczyk2022,R,House,NJ,NJ-04,False,17,0.4117647058823529
C0475,Kendall Quimby,@KQuimby2022,D,House,NJ,NJ-05,False,84,0.4166666666666667
C0476,Osric Calloway,@CallowayForCongress,R,House,NJ,NJ-05,False,75,0.25333333333333335
C0477,Jordan Zielinski,@Zielinski4Congress,D,House,NJ,NJ-06,False,94,0.23404255319148937
C0478,Kendall Crowder,@KCrowder,R,House,NJ,NJ-06,True,121,0.18181818181818182
C0479,Nadia Zielinski,@NadiaZielinski2022,D,House,NJ,NJ-07,False,134,0.4626865671641791
C0480,Lorenzo Ivester,@LIvester2022,R,House,NJ,NJ-07,False,87,0.11494252873563218
C0481,Pete Lindqvist,@PLindqvistOfficial,D,House,NJ,NJ-08,False,120,0.058333333333333334
C0482,Silas Okafor,@SOkaforOfficial,R,House,NJ,NJ-08,False,118,0.3983050847457627
C0483,York Tunstall,@YTunstall2022,D,House,NJ,NJ-09,True,46,0.021739130434782608
C0484,Ramona Lockhart,@RamonaLockhart2022,R,House,NJ,NJ-09,False,77,0.5454545454545454
C0485,Zelda Crowder,@ZeldaCrowder2022,D,House,NJ,NJ-10,True,284,0.2147887323943662
C0486,Noemi Ivester,@NoemiIvester2022,R,House,NJ,NJ-10,False,77,0.1038961038961039
C0487,Noemi Ravenscroft,@RavenscroftHQ,D,House,NJ,NJ-11,True,92,0.2826086956521739
C0488,Simone Rutledge,@SimoneRutledge2022,R,House,NJ,NJ-11,False,111,0.1891891891891892
C0489,Harlan Nakamura,@HNakamuraOfficial,D,House,NJ,NJ-12,False,102,0.06862745098039216
C0490,Quincy Northcutt,@Northcutt4Congress,R,House,NJ,NJ-12,False,183,0.45901639344262296
C0491,Nolan Villanueva,@NVillanueva,D,House,NM,NM-01,False,70,0.2
C0492,Flora Dunmore,@FDunmore,R,House,NM,NM-01,True,258,0.3875968992248062
C0493,Pete Barrows,@PeteBarrows2022,D,House,NM,NM-02,False,45,0.4888888888888889
C0494,Ramona Eastwood,@Eastwood4Congress,R,House,NM,NM-02,True,69,0.10144927536231885
C0495,Harlan Ibarra,@HarlanIbarra2022,D,House,NM,NM-03,False,194,0.5103092783505154
C0496,Ignatius Sandoval,@IgnatiusSandoval2022,R,House,NM,NM-03,True,95,0.17894736842105263
C0497,Zelda Nakamura,@ZeldaNakamura2022,I,House,NM,NM-03,False,131,0.25190839694656486
C0498,Anders Abernathy,@AbernathyForCongress,D,House,NY,NY-01,False,142,0.11267605633802817
C0499,Wendell Bickford,@WendellBickford2022,D,House,NY,NY-02,True,312,0.2916666666666667
C0500,Paloma Kowalczyk,@PalomaKowalczyk2022,R,House,NY,NY-02,False,109,0.1834862385321101
C0501,Junia Quimby,@JuniaQuimby2022,D,House,NY,NY-03,True,116,0.6982758620689655
C0502,York Jankowski,@YJankowskiOfficial,R,House,NY,NY-03,False,210,0.3380952380952381
C0503,Colton Jessup,@CJessup,R,House,NY,NY-04,True,96,0.1875
C0504,Elena Meriwether,@ElenaMeriwether2022,D,House,NY,NY-05,False,55,0.43636363636363634
C0505,Ignatius Solberg,@IgnatiusSolberg2022,R,House,NY,NY-05,True,156,0.1282051282051282
C0506,Opal Thackeray,@OThackeray,I,House,NY,NY-05,False,163,0.13496932515337423
C0507,Harlan Lockhart,@HarlanLockhart2022,D,House,NY,NY-06,False,28,0.17857142857142858
C0508,Petra Meriwether,@PetraMeriwether2022,R,House,NY,NY-06,True,97,0.09278350515463918
C0509,Deshawn Lockhart,@DeshawnLockhart2022,D,House,NY,NY-07,True,66,0.10606060606060606
C0510,Celeste Fairbanks,@CelesteFairbanks2022,R,House,NY,NY-07,False,62,0.27419354838709675
C0511,Farrah Thackeray,@FarrahThackeray2022,D,House,NY,NY-08,False,299,0.28762541806020064
C0512,Quentin Yancey,@QYancey,R,House,NY,NY-08,False,139,0.2805755395683453
C0513,Tamika Bickford,@TamikaBickford2022,D,House,NY,NY-09,False,39,0.20512820512820512
C0514,Nadia Lindqvist,@LindqvistForCongress,R,House,NY,NY-09,True,110,0.2
C0515,York Bramble,@YorkBramble2022,D,House,NY,NY-10,True,46,0.391304347826087
C0516,Osric Tunstall,@OsricTunstall2022,R,House,NY,NY-10,False,71,0.07042253521126761
C0517,Lucille Underhill,@UnderhillForCongress,D,House,NY,NY-11,False,108,0.4444444444444444
C0518,Quincy Sandoval,@QuincySandoval2022,R,House,NY,NY-11,True,229,0.1091703056768559
C0519,Renata Ibarra,@Ibarra4Congress,D,House,NY,NY-12,False,90,0.2111111111111111
C0520,Marisol Yarborough,@MarisolYarborough2022,R,House,NY,NY-12,False,135,0.2740740740740741
C0521,Ingrid Crowder,@ICrowder2022,D,House,NY,NY-13,True,136,0.0661764705882353
C0522,Zelda Thackeray,@ZeldaThackeray2022,R,House,NY,NY-13,False,133,0.2932330827067669
C0523,Sterling Whitlock,@SterlingWhitlock2022,D,House,NY,NY-14,False,68,0.4117647058823529
C0524,Ignatius Lindqvist,@IgnatiusLindqvist2022,R,House,NY,NY-14,True,81,0.08641975308641975
C0525,Paloma Goodwin,@PalomaGoodwin2022,D,House,NY,NY-15,False,43,0.3488372093023256
C0526,Zelda Jankowski,@ZeldaJankowski2022,R,House,NY,NY-15,True,143,0.1958041958041958
C0527,Sterling Nakamura,@SterlingNakamura2022,D,House,NY,NY-16,False,206,0.07766990291262135
C0528,Tallulah Jessup,@TJessupOfficial,R,House,NY,NY-16,True,70,0.3142857142857143
C0529,Gustavo Umbridge,@GUmbridge2022,D,House,NY,NY-17,False,94,0.031914893617021274
C0530,Gideon Yarborough,@GYarborough,R,House,NY,NY-17,True,159,0.12578616352201258
C0531,Petra Yancey,@PYancey,D,House,NY,NY-18,True,87,0.1839080459770115
C0532,Emmett Solberg,@EmmettSolberg2022,R,House,NY,NY-18,False,37,0.6486486486486487
C0533,Pete Dunmore,@PDunmoreOfficial,D,House,NY,NY-19,False,263,0.2889733840304182
C0534,Vera Falkner,@VeraFalkner2022,R,House,NY,NY-19,False,189,0.5238095238095238
C0535,Elena Bramble,@ElenaBramble2022,D,House,NY,NY-20,True,123,0.24390243902439024
C0536,Ulysses Ostrander,@UlyssesOstrander2022,R,House,NY,NY-20,False,124,0.1693548387096774
C0537,Henrietta Lockhart,@HLockhart2022,D,House,NY,NY-21,False,80,0.0625
C0538,Ximena Bramble,@XimenaBramble2022,R,House,NY,NY-21,True,33,0.030303030303030304
C0539,Russell Okafor,@OkaforForCongress,D,House,NY,NY-22,False,75,0.14666666666666667
C0540,Cassidy Alcott,@CAlcott,R,House,NY,NY-22,True,71,0.352112676056338
C0541,Omar Xiong,@OXiong2022,D,House,NY,NY-23,False,158,0.26582278481012656
C0542,Uriel Falkner,@UrielFalkner2022,R,House,NY,NY-23,True,114,0.47368421052631576
C0543,Flora Tunstall,@FTunstallOfficial,D,House,NY,NY-24,True,48,0.375
C0544,Ivan Pemberton,@IPembertonOfficial,R,House,NY,NY-24,False,48,0.22916666666666666
C0545,Ezra Tunstall,@Tunstall4Congress,D,House,NY,NY-25,True,48,0.10416666666666667
C0546,Deshawn Kettering,@DeshawnKettering2022,R,House,NY,NY-25,False,152,0.013157894736842105
C0547,Celeste Holloway,@CelesteHolloway2022,D,House,NY,NY-26,False,100,0.28
C0548,Gustavo Underhill,@GUnderhill2022,R,House,NY,NY-26,True,130,0.16923076923076924
C0549,Petra Ibarra,@PetraIbarra2022,D,House,NC,NC-01,True,59,0.3559322033898305
C0550,Marisol Holloway,@Holloway4Congress,R,House,NC,NC-01,False,141,0.3120567375886525
C0551,Jocelyn Abernathy,@JocelynAbernathy2022,D,House,NC,NC-02,False,281,0.24199288256227758
C0552,Elena Winterbourne,@EWinterbourneOfficial,R,House,NC,NC-02,False,40,0.45
C0553,Gideon Thackeray,@GideonThackeray2022,R,House,NC,NC-03,True,78,0.1794871794871795
C0554,Tobias Ostrander,@TOstrander,D,House,NC,NC-04,False,251,0.2749003984063745
C0555,Henrietta Xiong,@XiongForCongress,R,House,NC,NC-04,False,116,0.04310344827586207
C0556,Bettina Falkner,@BettinaFalkner2022,D,House,NC,NC-05,True,121,0.2892561983471074
C0557,Celeste Oglesby,@CelesteOglesby2022,R,House,NC,NC-05,False,39,0.07692307692307693
C0558,Celeste Meriwether,@CelesteMeriwether2022,D,House,NC,NC-06,False,80,0.3375
C0559,Hattie Yarborough,@HattieYarborough2022,R,House,NC,NC-06,True,89,0.2247191011235955
C0560,Colton Kettering,@CKetteringOfficial,D,House,NC,NC-07,False,212,0.30660377358490565
C0561,Renata Yancey,@RenataYancey2022,R,House,NC,NC-07,False,111,0.38738738738738737
C0562,Sterling Ravenscroft,@SRavenscroft2022,R,House,NC,NC-08,True,286,0.14685314685314685
C0563,Ivan Winterbourne,@IWinterbourne2022,D,House,NC,NC-09,False,230,0.26521739130434785
C0564,Farrah Pemberton,@FPembertonOfficial,R,House,NC,NC-09,False,71,0.23943661971830985
C0565,Henrietta Jankowski,@HJankowski2022,D,House,NC,NC-10,True,83,0.13253012048192772
C0566,Rosalind Villanueva,@Villanueva4Congress,R,House,NC,NC-10,False,97,0.17525773195876287
C0567,Maeve Villanueva,@VillanuevaForCongress,D,House,NC,NC-11,False,177,0.011299435028248588
C0568,Walker Oglesby,@WOglesbyOfficial,R,House,NC,NC-11,False,41,0.14634146341463414
C0569,Elena Ashford,@EAshford2022,D,House,NC,NC-12,False,185,0.24864864864864866
C0570,Bettina Zielinski,@BettinaZielinski2022,R,House,NC,NC-12,True,37,0.1891891891891892
C0571,Ivan Barrows,@IBarrowsOfficial,D,House,NC,NC-13,True,107,0.056074766355140186
C0572,Noemi Dunmore,@NDunmore,R,House,NC,NC-13,False,147,0.2108843537414966
C0573,Henrietta Whitlock,@HenriettaWhitlock2022,D,House,ND,ND-AL,False,116,0.21551724137931033
C0574,Ulysses Rutledge,@URutledgeOfficial,R,House,ND,ND-AL,True,159,0.4779874213836478
C0575,Vivienne Prescott,@ViviennePrescott2022,D,House,OH,OH-01,True,72,0.2638888888888889
C0576,Nolan Dunmore,@NolanDunmore2022,R,House,OH,OH-01,False,297,0.5387205387205387
C0577,Cassidy Goodwin,@GoodwinForCongress,D,House,OH,OH-02,False,137,0.08759124087591241
C0578,Anders Meriwether,@AMeriwether2022,R,House,OH,OH-02,True,80,0.15
C0579,Bettina Thackeray,@BThackeray2022,D,House,OH,OH-03,True,73,0.4246575342465753
C0580,Colton Jankowski,@CJankowski,R,House,OH,OH-03,False,64,0.046875
C0581,Farrah Jankowski,@FJankowski2022,D,House,OH,OH-04,True,97,0.17525773195876287
C0582,Celeste Xiong,@CelesteXiong2022,R,House,OH,OH-04,False,78,0.5769230769230769
C0583,Silas Rutledge,@SRutledge,D,House,OH,OH-05,True,80,0.1125
C0584,Anders Tremblay,@ATremblay,R,House,OH,OH-05,False,68,0.27941176470588236
C0585,Renata Jessup,@RenataJessup2022,D,House,OH,OH-06,False,125,0.368
C0586,Rosalind Falkner,@RFalknerOfficial,R,House,OH,OH-06,False,37,0.24324324324324326
C0587,Deshawn Solberg,@DeshawnSolberg2022,D,House,OH,OH-07,False,151,0.2847682119205298
C0588,Marisol Xiong,@MarisolXiong2022,R,House,OH,OH-07,True,177,0.5254237288135594
C0589,Quentin Rutledge,@QuentinRutledge2022,D,House,OH,OH-08,False,43,0.16279069767441862
C0590,Wendell Ravenscroft,@Ravenscroft4Congress,R,House,OH,OH-08,True,132,0.03787878787878788
C0591,Petra Oglesby,@PetraOglesby2022,D,House,OH,OH-09,False,52,0.15384615384615385
C0592,Nolan Holloway,@NHollowayOfficial,R,House,OH,OH-09,True,87,0.27586206896551724
C0593,Gustavo Goodwin,@GGoodwinOfficial,I,House,OH,OH-09,False,118,0.576271186440678
C0594,Lucille Yarborough,@LYarborough2022,D,House,OH,OH-10,False,108,0.3333333333333333
C0595,Thea Wexford,@Wexford4Congress,R,House,OH,OH-10,True,41,0.0975609756097561
C0596,Anders Tunstall,@ATunstall2022,D,House,OH,OH-11,False,140,0.2357142857142857
C0597,Renata Palafox,@Palafox4Congress,R,House,OH,OH-11,True,25,0.52
C0598,Emmett Ravenscroft,@ERavenscroftOfficial,D,House,OH,OH-12,False,37,0.21621621621621623
C0599,Lavinia Kowalczyk,@LKowalczyk,R,House,OH,OH-12,True,40,0.475
C0600,Simone Whitlock,@SWhitlock,D,House,OH,OH-13,False,151,0.271523178807947
C0601,Elena Oglesby,@EOglesbyOfficial,R,House,OH,OH-13,False,57,0.22807017543859648
C0602,Nolan Northcutt,@NNorthcuttOfficial,D,House,OH,OH-14,True,90,0.16666666666666666
C0603,Ingrid Alcott,@IngridAlcott2022,R,House,OH,OH-14,False,62,0.14516129032258066
C0604,Tallulah Whitlock,@TallulahWhitlock2022,D,House,OH,OH-15,True,41,0.17073170731707318
C0605,Kendall Rutledge,@KendallRutledge2022,R,House,OH,OH-15,False,92,0.13043478260869565
C0606,Silas Calloway,@SCalloway2022,I,House,OH,OH-15,False,54,0.3888888888888889
C0607,Kendall Underhill,@KendallUnderhill2022,D,House,OK,OK-01,True,142,0.13380281690140844
C0608,Quentin Ravenscroft,@QRavenscroft,R,House,OK,OK-01,False,211,0.061611374407582936
C0609,Ulysses Zielinski,@UlyssesZielinski2022,R,House,OK,OK-02,True,101,0.22772277227722773
C0610,Emmett Sandoval,@EmmettSandoval2022,D,House,OK,OK-03,True,53,0.4339622641509434
C0611,Henrietta Barrows,@HenriettaBarrows2022,R,House,OK,OK-03,False,179,0.33519553072625696
C0612,Wendell Ivester,@WendellIvester2022,D,House,OK,OK-04,False,165,0.21818181818181817
C0613,Opal Sandoval,@OpalSandoval2022,R,House,OK,OK-04,True,52,0.38461538461538464
C0614,Lavinia Solberg,@LaviniaSolberg2022,D,House,OK,OK-05,False,191,0.18848167539267016
C0615,Lavinia Goodwin,@LGoodwin,R,House,OK,OK-05,False,69,0.4492753623188406
C0616,Dexter Jessup,@DexterJessup2022,D,House,OR,OR-01,True,116,0.13793103448275862
C0617,Avery Rutledge,@AveryRutledge2022,R,House,OR,OR-01,False,120,0.3
C0618,Emmett Quimby,@EQuimbyOfficial,D,House,OR,OR-02,False,87,0.022988505747126436
C0619,Junia Lindqvist,@JuniaLindqvist2022,R,House,OR,OR-02,True,198,0.3333333333333333
C0620,Paloma Stanfield,@PStanfield2022,D,House,OR,OR-03,False,83,0.0963855421686747
C0621,Nolan Delacroix,@Delacroix4Congress,R,House,OR,OR-03,False,88,0.4659090909090909
C0622,Grant Sandoval,@GSandovalOfficial,R,House,OR,OR-04,True,105,0.3333333333333333
C0623,Marcus Ravenscroft,@MarcusRavenscroft2022,D,House,OR,OR-05,True,88,0.125
C0624,Lavinia Xiong,@LaviniaXiong2022,R,House,OR,OR-05,False,25,0.56
C0625,York Holloway,@YHollowayOfficial,D,House,OR,OR-06,False,92,0.3695652173913043
C0626,Renata Okafor,@RenataOkafor2022,R,House,OR,OR-06,True,150,0.14666666666666667
C0627,Ingrid Jessup,@IngridJessup2022,R,House,PA,PA-01,True,88,0.2159090909090909
C0628,Tallulah Vandermeer,@TallulahVandermeer2022,D,House,PA,PA-02,False,92,0.358695652173913
C0629,Mordecai Falkner,@MFalkner2022,R,House,PA,PA-02,True,69,0.2898550724637681
C0630,Nadia Wexford,@WexfordForCongress,D,House,PA,PA-03,False,67,0.5970149253731343
C0631,Tallulah Calloway,@TCalloway,R,House,PA,PA-03,True,141,0.40425531914893614
C0632,Jordan Okafor,@JOkafor2022,D,House,PA,PA-04,False,50,0.2
C0633,Silas Ravenscroft,@SilasRavenscroft2022,R,House,PA,PA-04,True,138,0.2608695652173913
C0634,Lorenzo Stanfield,@LStanfield,D,House,PA,PA-05,True,105,0.5619047619047619
C0635,Anders Lockhart,@ALockhart2022,R,House,PA,PA-05,False,149,0.28859060402684567
C0636,Dexter Palafox,@DexterPalafox2022,D,House,PA,PA-06,True,129,0.13178294573643412
C0637,Opal Zielinski,@OpalZielinski2022,R,House,PA,PA-06,False,148,0.0945945945945946
C0638,Deshawn Umbridge,@DUmbridgeOfficial,I,House,PA,PA-06,False,112,0.3482142857142857
C0639,Gideon Lockhart,@Lockhart4Congress,D,House,PA,PA-07,True,96,0.3854166666666667
C0640,Farrah Vasquez-Reed,@FarrahVasquezReed2022,R,House,PA,PA-07,False,94,0.43617021276595747
C0641,Simone Goodwin,@SGoodwinOfficial,R,House,PA,PA-08,True,95,0.05263157894736842
C0642,Priya Oglesby,@PriyaOglesby2022,D,House,PA,PA-09,True,66,0.19696969696969696
C0643,Tamika Hargrove,@TamikaHargrove2022,R,House,PA,PA-09,False,92,0.3804347826086957
C0644,Lavinia Vandermeer,@LVandermeer2022,D,House,PA,PA-10,True,98,0.14285714285714285
C0645,Marcus Oglesby,@MOglesby,R,House,PA,PA-10,False,90,0.15555555555555556
C0646,Lorenzo Palafox,@LorenzoPalafox2022,D,House,PA,PA-11,False,42,0.023809523809523808
C0647,Deshawn Yancey,@DYancey2022,R,House,PA,PA-11,True,59,0.7457627118644068
C0648,Anders Palafox,@APalafoxOfficial,D,House,PA,PA-12,False,103,0.17475728155339806
C0649,Farrah Sandoval,@FSandoval2022,R,House,PA,PA-12,True,123,0.3902439024390244
C0650,Kip Solberg,@KSolberg2022,D,House,PA,PA-13,False,109,0.1743119266055046
C0651,Avery Solberg,@AverySolberg2022,R,House,PA,PA-13,True,55,0.509090909090909
C0652,Grant Ivester,@GIvesterOfficial,D,House,PA,PA-14,False,348,0.3505747126436782
C0653,Pete Umbridge,@PeteUmbridge2022,R,House,PA,PA-14,False,51,0.27450980392156865
C0654,Deshawn Tremblay,@DTremblay,D,House,PA,PA-15,False,48,0.22916666666666666
C0655,Ignatius Ravenscroft,@IgnatiusRavenscroft2022,R,House,PA,PA-15,True,193,0.5854922279792746
C0656,Grant Ibarra,@GrantIbarra2022,D,House,PA,PA-16,True,96,0.041666666666666664
C0657,Maeve Hargrove,@MHargroveOfficial,R,House,PA,PA-16,False,145,0.2689655172413793
C0658,Avery Pemberton,@AveryPemberton2022,D,House,PA,PA-17,True,83,0.2891566265060241
C0659,Farrah Tunstall,@FTunstall2022,D,House,RI,RI-01,False,33,0.15151515151515152
C0660,Nadia Holloway,@NHolloway,R,House,RI,RI-01,False,171,0.2573099415204678
C0661,Dexter Dunmore,@DexterDunmore2022,R,House,RI,RI-02,True,135,0.16296296296296298
C0662,Colton Vasquez-Reed,@ColtonVasquezReed2022,D,House,SC,SC-01,False,143,0.11888111888111888
C0663,Tamika Nakamura,@TNakamuraOfficial,R,House,SC,SC-01,False,236,0.4322033898305085
C0664,Flora Thackeray,@FThackerayOfficial,R,House,SC,SC-02,False,86,0.13953488372093023
C0665,Quincy Abernathy,@QuincyAbernathy2022,D,House,SC,SC-03,False,83,0.25301204819277107
C0666,Boyd Marchetti,@Marchetti4Congress,R,House,SC,SC-03,False,101,0.16831683168316833
C0667,Mordecai Nakamura,@MordecaiNakamura2022,D,House,SC,SC-04,True,76,0.40789473684210525
C0668,Lucille Eastwood,@LEastwood2022,R,House,SC,SC-04,False,149,0.1342281879194631
C0669,Sterling Ellingson,@Ellingson4Congress,I,House,SC,SC-04,False,97,0.030927835051546393
C0670,Ramona Marchetti,@RamonaMarchetti2022,D,House,SC,SC-05,False,76,0.11842105263157894
C0671,Emmett Jankowski,@EmmettJankowski2022,R,House,SC,SC-05,True,199,0.27638190954773867
C0672,Boyd Thackeray,@BoydThackeray2022,D,House,SC,SC-06,False,30,0.3333333333333333
C0673,Paloma Oglesby,@POglesbyOfficial,R,House,SC,SC-06,True,136,0.3602941176470588
C0674,Yolanda Tremblay,@YolandaTremblay2022,I,House,SC,SC-06,False,106,0.27358490566037735
C0675,Tobias Winterbourne,@TobiasWinterbourne2022,D,House,SC,SC-07,False,91,0.17582417582417584
C0676,Petra Tremblay,@TremblayForCongress,R,House,SC,SC-07,True,183,0.09289617486338798
C0677,Boyd Zielinski,@BZielinskiOfficial,D,House,SD,SD-AL,False,293,0.04436860068259386
C0678,Ignatius Vasquez-Reed,@IgnatiusVasquezReed2022,R,House,SD,SD-AL,False,150,0.08666666666666667
C0679,Ximena Vandermeer,@XVandermeer2022,D,House,TN,TN-01,False,298,0.21140939597315436
C0680,Ignatius Tunstall,@ITunstallOfficial,R,House,TN,TN-01,False,40,0.15
C0681,Paloma Villanueva,@PalomaVillanueva2022,D,House,TN,TN-02,True,124,0.23387096774193547
C0682,Yolanda Calloway,@YCalloway2022,R,House,TN,TN-02,False,106,0.27358490566037735
C0683,Maeve Solberg,@MaeveSolberg2022,D,House,TN,TN-03,False,106,0.20754716981132076
C0684,Harlan Umbridge,@HarlanUmbridge2022,R,House,TN,TN-03,True,205,0.16585365853658537
C0685,Lorenzo Granger,@LorenzoGranger2022,I,House,TN,TN-03,False,138,0.4492753623188406
C0686,Thea Prescott,@TPrescott,D,House,TN,TN-04,False,134,0.23134328358208955
C0687,Opal Ibarra,@OpalIbarra2022,R,House,TN,TN-04,True,113,0.4336283185840708
C0688,Jordan Winterbourne,@JordanWinterbourne2022,D,House,TN,TN-05,True,141,0.2624113475177305
C0689,Renata Zablocki,@RZablocki,R,House,TN,TN-05,False,123,0.2032520325203252
C0690,Grant Jessup,@GrantJessup2022,D,House,TN,TN-06,True,144,0.2777777777777778
C0691,Vivienne Winterbourne,@Winterbourne4Congress,R,House,TN,TN-06,False,38,0.21052631578947367
C0692,Maeve Northcutt,@MNorthcutt2022,D,House,TN,TN-07,False,41,0.07317073170731707
C0693,Lavinia Palafox,@LPalafox,R,House,TN,TN-07,True,75,0.22666666666666666
C0694,Ingrid Ellingson,@IEllingson2022,D,House,TN,TN-08,False,65,0.07692307692307693
C0695,Nadia Sandoval,@NSandoval,R,House,TN,TN-08,True,124,0.5161290322580645
C0696,Vivienne Lindqvist,@VivienneLindqvist2022,D,House,TN,TN-09,True,50,0.5
C0697,Omar Ellingson,@OEllingson2022,R,House,TN,TN-09,False,189,0.328042328042328
C0698,Yolanda Lockhart,@YLockhart2022,D,House,TX,TX-01,True,104,0.25
C0699,Sterling Crowder,@SCrowderOfficial,R,House,TX,TX-01,False,121,0.30578512396694213
C0700,Renata Alcott,@RAlcott,D,House,TX,TX-02,False,147,0.1564625850340136
C0701,Zelda Ashford,@ZeldaAshford2022,R,House,TX,TX-02,True,83,0.2891566265060241
C0702,Uriel Goodwin,@UGoodwin2022,D,House,TX,TX-03,False,73,0.1232876712328767
C0703,Kendall Villanueva,@KendallVillanueva2022,R,House,TX,TX-03,False,70,0.08571428571428572
C0704,Ezra Vandermeer,@EzraVandermeer2022,D,House,TX,TX-04,True,76,0.2236842105263158
C0705,Tobias Prescott,@TobiasPrescott2022,R,House,TX,TX-04,False,175,0.21142857142857144
C0706,Ezra Winterbourne,@EWinterbourne2022,D,House,TX,TX-05,False,99,0.23232323232323232
C0707,Pete Whitlock,@PeteWhitlock2022,R,House,TX,TX-05,True,49,0.30612244897959184
C0708,Thea Bickford,@TheaBickford2022,D,House,TX,TX-06,True,73,0.5205479452054794
C0709,Wendell Renwick,@WRenwickOfficial,R,House,TX,TX-06,False,100,0.22
C0710,Lavinia Lindqvist,@LaviniaLindqvist2022,D,House,TX,TX-07,True,189,0.24338624338624337
C0711,Ivan Solberg,@ISolbergOfficial,R,House,TX,TX-07,False,118,0.13559322033898305
C0712,Simone Pemberton,@SimonePemberton2022,D,House,TX,TX-08,False,121,0.17355371900826447
C0713,Omar Yancey,@OmarYancey2022,R,House,TX,TX-08,True,70,0.18571428571428572
C0714,Osric Underhill,@OUnderhillOfficial,D,House,TX,TX-09,False,79,0.4050632911392405
C0715,Gustavo Palafox,@GustavoPalafox2022,R,House,TX,TX-09,True,145,0.33793103448275863
C0716,Zelda Ravenscroft,@ZeldaRavenscroft2022,D,House,TX,TX-10,True,56,0.03571428571428571
C0717,Zelda Holloway,@ZeldaHolloway2022,R,House,TX,TX-10,False,50,0.26
C0718,Ulysses Umbridge,@UUmbridgeOfficial,D,House,TX,TX-11,True,30,0.4
C0719,Jordan Meriwether,@JordanMeriwether2022,D,House,TX,TX-12,False,52,0.4423076923076923
C0720,Celeste Sandoval,@CelesteSandoval2022,R,House,TX,TX-12,True,213,0.14553990610328638
C0721,Marisol Thackeray,@MarisolThackeray2022,D,House,TX,TX-13,False,148,0.36486486486486486
C0722,Opal Umbridge,@OpalUmbridge2022,R,House,TX,TX-13,True,116,0.39655172413793105
C0723,Marisol Crowder,@MCrowder2022,D,House,TX,TX-14,True,77,0.4675324675324675
C0724,Ingrid Winterbourne,@IngridWinterbourne2022,R,House,TX,TX-14,False,65,0.38461538461538464
C0725,Yolanda Quimby,@YolandaQuimby2022,D,House,TX,TX-15,True,98,0.5408163265306123
C0726,Gideon Fairbanks,@GFairbanksOfficial,R,House,TX,TX-15,False,59,0.22033898305084745
C0727,Jordan Dunmore,@JDunmore,I,House,TX,TX-15,False,160,0.175
C0728,Kendall Kettering,@KetteringForCongress,D,House,TX,TX-16,False,234,0.23504273504273504
C0729,Tallulah Rutledge,@TRutledgeOfficial,R,House,TX,TX-16,True,273,0.43956043956043955
C0730,Emmett Hargrove,@EmmettHargrove2022,D,House,TX,TX-17,True,97,0.25773195876288657
C0731,Farrah Jessup,@FarrahJessup2022,R,House,TX,TX-17,False,218,0.013761467889908258
C0732,Marisol Alcott,@MarisolAlcott2022,I,House,TX,TX-17,False,32,0.46875
C0733,Nadia Umbridge,@NUmbridge2022,D,House,TX,TX-18,False,127,0.2755905511811024
C0734,Maeve Calloway,@MCallowayOfficial,R,House,TX,TX-18,True,82,0.2804878048780488
C0735,Deshawn Wexford,@DWexford,D,House,TX,TX-19,False,100,0.2
C0736,Rosalind Northcutt,@NorthcuttHQ,R,House,TX,TX-19,False,75,0.41333333333333333
C0737,Gideon Vandermeer,@GideonVandermeer2022,D,House,TX,TX-20,False,87,0.12643678160919541
C0738,Ulysses Alcott,@UlyssesAlcott2022,R,House,TX,TX-20,True,148,0.5405405405405406
C0739,Simone Quimby,@SQuimby2022,R,House,TX,TX-21,True,52,0.1346153846153846
C0740,Lorenzo Bramble,@LBrambleOfficial,D,House,TX,TX-22,True,191,0.12041884816753927
C0741,Omar Stanfield,@OmarStanfield2022,R,House,TX,TX-22,False,237,0.11814345991561181
C0742,Tamika Xiong,@TXiong2022,D,House,TX,TX-23,False,80,0.675
C0743,Tamika Underhill,@TamikaUnderhill2022,R,House,TX,TX-23,True,112,0.36607142857142855
C0744,Farrah Hargrove,@FHargrove,R,House,TX,TX-24,True,169,0.14201183431952663
C0745,Emmett Umbridge,@EmmettUmbridge2022,D,House,TX,TX-25,False,143,0.0979020979020979
C0746,Vera Ivester,@VIvester2022,R,House,TX,TX-25,False,65,0.24615384615384617
C0747,Boyd Renwick,@RenwickForCongress,D,House,TX,TX-26,False,54,0.4444444444444444
C0748,Quincy Okafor,@QOkafor2022,R,House,TX,TX-26,True,108,0.32407407407407407
C0749,Wendell Lindqvist,@WendellLindqvist2022,D,House,TX,TX-27,False,84,0.4880952380952381
C0750,Vivienne Calloway,@VivienneCalloway2022,R,House,TX,TX-27,False,186,0.1827956989247312
C0751,Pete Ellingson,@PeteEllingson2022,D,House,TX,TX-28,False,50,0.46
C0752,Avery Ashford,@AveryAshford2022,R,House,TX,TX-28,True,161,0.13043478260869565
C0753,Mordecai Kettering,@MordecaiKettering2022,D,House,TX,TX-29,True,57,0.17543859649122806
C0754,Marcus Stanfield,@MStanfieldOfficial,R,House,TX,TX-29,False,74,0.2702702702702703
C0755,Tobias Yarborough,@Yarborough4Congress,D,House,TX,TX-30,True,120,0.14166666666666666
C0756,Quentin Yarborough,@QYarboroughOfficial,R,House,TX,TX-30,False,44,0.22727272727272727
C0757,Ingrid Prescott,@IngridPrescott2022,D,House,TX,TX-31,False,99,0.2828282828282828
C0758,Elena Goodwin,@EGoodwinOfficial,R,House,TX,TX-31,True,71,0.2676056338028169
C0759,Tobias Crowder,@TCrowder2022,R,House,TX,TX-32,True,72,0.3472222222222222
C0760,Thea Okafor,@TheaOkafor2022,D,House,TX,TX-33,True,170,0.31176470588235294
C0761,Ramona Stanfield,@RStanfield,R,House,TX,TX-33,False,163,0.4294478527607362
C0762,Petra Vandermeer,@PetraVandermeer2022,D,House,TX,TX-34,False,139,0.14388489208633093
C0763,Lavinia Underhill,@LaviniaUnderhill2022,R,House,TX,TX-34,True,133,0.15037593984962405
C0764,Ingrid Abernathy,@IAbernathy,D,House,TX,TX-35,True,284,0.20774647887323944
C0765,Renata Winterbourne,@RWinterbourne,R,House,TX,TX-35,False,86,0.47674418604651164
C0766,Uriel Crowder,@UCrowder2022,D,House,TX,TX-36,True,123,0.4146341463414634
C0767,Gideon Dunmore,@GDunmore,R,House,TX,TX-36,False,110,0.09090909090909091
C0768,Vera Fairbanks,@VeraFairbanks2022,D,House,TX,TX-37,False,213,0.09389671361502347
C0769,Avery Winterbourne,@AWinterbourne2022,R,House,TX,TX-37,True,176,0.20454545454545456
C0770,Mordecai Ivester,@MordecaiIvester2022,D,House,TX,TX-38,False,44,0.22727272727272727
C0771,Lavinia Oglesby,@LaviniaOglesby2022,R,House,TX,TX-38,True,73,0.2191780821917808
C0772,Paloma Sandoval,@PalomaSandoval2022,D,House,UT,UT-01,True,405,0.2691358024691358
C0773,Anders Solberg,@AndersSolberg2022,R,House,UT,UT-01,False,148,0.04054054054054054
C0774,Gideon Crowder,@GideonCrowder2022,R,House,UT,UT-02,False,105,0.4
C0775,Simone Yarborough,@SYarborough,D,House,UT,UT-03,True,186,0.13440860215053763
C0776,Wendell Abernathy,@WAbernathy,R,House,UT,UT-03,False,53,0.3584905660377358
C0777,Ramona Ostrander,@ROstrander2022,D,House,UT,UT-04,True,154,0.09090909090909091
C0778,Jordan Quintanilla,@JordanQuintanilla2022,R,House,UT,UT-04,False,125,0.128
C0779,Quincy Tunstall,@QTunstall2022,D,House,VT,VT-AL,True,263,0.1520912547528517
C0780,Vera Crowder,@VCrowderOfficial,R,House,VT,VT-AL,False,159,0.2389937106918239
C0781,Mordecai Yancey,@MYancey,D,House,VA,VA-01,False,75,0.41333333333333333
C0782,Hattie Umbridge,@HattieUmbridge2022,R,House,VA,VA-01,True,97,0.27835051546391754
C0783,Gideon Jankowski,@GideonJankowski2022,D,House,VA,VA-02,False,131,0.24427480916030533
C0784,Boyd Delacroix,@BDelacroix,R,House,VA,VA-02,True,111,0.5045045045045045
C0785,Cassidy Oglesby,@CassidyOglesby2022,D,House,VA,VA-04,False,221,0.2669683257918552
C0786,Jordan Villanueva,@JVillanuevaOfficial,R,House,VA,VA-04,True,165,0.3575757575757576
C0787,Nadia Eastwood,@NadiaEastwood2022,D,House,VA,VA-05,True,67,0.23880597014925373
C0788,Opal Renwick,@OpalRenwick2022,R,House,VA,VA-05,False,80,0.2375
C0789,Dexter Umbridge,@DUmbridge2022,D,House,VA,VA-06,True,85,0.25882352941176473
C0790,Lucille Quintanilla,@LQuintanillaOfficial,R,House,VA,VA-06,False,89,0.3258426966292135
C0791,Thea Bramble,@TheaBramble2022,D,House,VA,VA-07,False,69,0.2318840579710145
C0792,Kip Winterbourne,@KWinterbourne,R,House,VA,VA-07,True,140,0.2642857142857143
C0793,Noemi Quimby,@NQuimby,D,House,VA,VA-08,False,102,0.27450980392156865
C0794,York Fairbanks,@YFairbanks2022,R,House,VA,VA-08,False,88,0.23863636363636365
C0795,Uriel Tunstall,@UTunstall,D,House,VA,VA-09,False,70,0.07142857142857142
C0796,Simone Quintanilla,@SQuintanilla,R,House,VA,VA-09,False,106,0.32075471698113206
C0797,Marisol Whitlock,@MarisolWhitlock2022,D,House,VA,VA-10,False,54,0.5740740740740741
C0798,Marisol Okafor,@MOkaforOfficial,R,House,VA,VA-10,True,24,0.041666666666666664
C0799,Marisol Solberg,@MSolbergOfficial,D,House,VA,VA-11,True,143,0.08391608391608392
C0800,Quentin Ashford,@QuentinAshford2022,R,House,VA,VA-11,False,69,0.21739130434782608
C0801,Grant Wexford,@GWexford,D,House,WA,WA-01,True,228,0.22807017543859648
C0802,Ezra Marchetti,@EzraMarchetti2022,R,House,WA,WA-01,False,85,0.011764705882352941
C0803,Quentin Zablocki,@QZablocki,D,House,WA,WA-02,False,94,0.0425531914893617
C0804,Renata Wexford,@RWexford2022,R,House,WA,WA-02,True,372,0.3333333333333333
C0805,Anders Bramble,@AndersBramble2022,I,House,WA,WA-02,False,44,0.38636363636363635
C0806,Opal Quimby,@OQuimbyOfficial,D,House,WA,WA-03,False,49,0.14285714285714285
C0807,Celeste Jankowski,@CJankowski2022,R,House,WA,WA-03,True,96,0.041666666666666664
C0808,Ivan Vandermeer,@IVandermeer2022,D,House,WA,WA-04,False,93,0.3655913978494624
C0809,Lucille Kettering,@LucilleKettering2022,R,House,WA,WA-04,False,69,0.37681159420289856
C0810,Elena Yarborough,@ElenaYarborough2022,I,House,WA,WA-04,False,50,0.1
C0811,Ivan Holloway,@HollowayForCongress,D,House,WA,WA-05,False,165,0.4
C0812,Thea Quintanilla,@TheaQuintanilla2022,D,House,WA,WA-06,False,221,0.08144796380090498
C0813,Zelda Goodwin,@ZGoodwin,R,House,WA,WA-06,True,31,0.1935483870967742
C0814,Lavinia Whitlock,@LWhitlockOfficial,I,House,WA,WA-06,False,66,0.22727272727272727
C0815,Tamika Winterbourne,@TWinterbourne,D,House,WA,WA-07,False,115,0.2956521739130435
C0816,Lavinia Alcott,@LAlcottOfficial,R,House,WA,WA-07,True,78,0.0
C0817,Maeve Xiong,@MaeveXiong2022,D,House,WA,WA-08,True,363,0.09917355371900827
C0818,Petra Granger,@PetraGranger2022,D,House,WA,WA-09,False,122,0.4344262295081967
C0819,Quentin Okafor,@QuentinOkafor2022,R,House,WA,WA-09,True,65,0.09230769230769231
C0820,Yolanda Lindqvist,@YLindqvist2022,D,House,WA,WA-10,True,52,0.28846153846153844
C0821,Colton Marchetti,@ColtonMarchetti2022,R,House,WA,WA-10,False,263,0.21673003802281368
C0822,Quentin Kowalczyk,@QuentinKowalczyk2022,D,House,WV,WV-01,True,63,0.31746031746031744
C0823,Yolanda Bramble,@YBramble2022,R,House,WV,WV-01,False,249,0.5301204819277109
C0824,Marcus Crowder,@MarcusCrowder2022,D,House,WV,WV-02,False,107,0.14953271028037382
C0825,Zelda Falkner,@ZFalknerOfficial,R,House,WV,WV-02,True,68,0.3235294117647059
C0826,York Nakamura,@YNakamura,D,House,WI,WI-01,False,40,0.175
C0827,Quincy Palafox,@QuincyPalafox2022,R,House,WI,WI-01,False,136,0.6544117647058824
C0828,Priya Tunstall,@PriyaTunstall2022,D,House,WI,WI-02,False,154,0.2597402597402597
C0829,Dexter Xiong,@DexterXiong2022,R,House,WI,WI-02,True,117,0.23076923076923078
C0830,Ezra Ostrander,@Ostrander4Congress,D,House,WI,WI-03,True,64,0.3125
C0831,York Vandermeer,@YorkVandermeer2022,D,House,WI,WI-04,False,82,0.524390243902439
C0832,Kip Bramble,@KBramble2022,R,House,WI,WI-04,True,109,0.027522935779816515
C0833,Jordan Eastwood,@JEastwood,D,House,WI,WI-05,True,48,0.16666666666666666
C0834,Ramona Okafor,@RamonaOkafor2022,R,House,WI,WI-05,False,58,0.2413793103448276
C0835,Bettina Calloway,@BCalloway,D,House,WI,WI-06,False,59,0.6101694915254238
C0836,Delphine Eastwood,@DEastwoodOfficial,R,House,WI,WI-06,False,226,0.41150442477876104
C0837,Priya Northcutt,@PNorthcuttOfficial,R,House,WI,WI-07,True,172,0.22674418604651161
C0838,Sterling Thackeray,@SterlingThackeray2022,D,House,WI,WI-08,False,29,0.6206896551724138
C0839,Lucille Bickford,@LBickford2022,R,House,WI,WI-08,True,88,0.5113636363636364
C0840,Junia Goodwin,@JuniaGoodwin2022,D,House,WY,WY-AL,False,53,0.660377358490566
C0841,Boyd Ivester,@BIvesterOfficial,R,House,WY,WY-AL,False,292,0.0273972602739726
C0842,Lucille Zablocki,@LucilleZablocki2022,D,Senate,AL,AL-Sen,False,96,0.17708333333333334
C0843,Nolan Calloway,@NolanCalloway2022,R,Senate,AL,AL-Sen,True,48,0.1875
C0844,Boyd Underhill,@BUnderhillOfficial,D,Senate,AK,AK-Sen,True,133,0.24060150375939848
C0845,Boyd Barrows,@BoydBarrows2022,R,Senate,AK,AK-Sen,False,125,0.432
C0846,Marisol Vandermeer,@MVandermeerOfficial,I,Senate,AK,AK-Sen,False,140,0.42142857142857143
C0847,Zelda Meriwether,@ZMeriwether2022,D,Senate,AR,AR-Sen,False,125,0.216
C0848,Kendall Ivester,@Ivester4Senate,R,Senate,AR,AR-Sen,True,115,0.17391304347826086
C0849,Simone Wexford,@SWexford,D,Senate,CO,CO-Sen,True,72,0.09722222222222222
C0850,Kendall Prescott,@PrescottForSenate,R,Senate,CO,CO-Sen,False,118,0.5
C0851,Junia Jessup,@Jessup4Senate,D,Senate,DE,DE-Sen,False,53,0.16981132075471697
C0852,Celeste Northcutt,@Northcutt4Senate,R,Senate,DE,DE-Sen,True,67,0.3283582089552239
C0853,Marisol Pemberton,@MPembertonOfficial,D,Senate,GA,GA-Sen,False,76,0.14473684210526316
C0854,Nolan Kowalczyk,@NolanKowalczyk2022,R,Senate,GA,GA-Sen,False,74,0.22972972972972974
C0855,Jordan Crowder,@Crowder4Senate,D,Senate,ID,ID-Sen,False,59,0.22033898305084745
C0856,Anders Holloway,@AndersHolloway2022,R,Senate,ID,ID-Sen,False,56,0.17857142857142858
C0857,Avery Eastwood,@AveryEastwood2022,D,Senate,IL,IL-Sen,False,178,0.15168539325842698
C0858,Emmett Goodwin,@EGoodwin2022,R,Senate,IL,IL-Sen,True,63,0.25396825396825395
C0859,Yolanda Tunstall,@TunstallForSenate,D,Senate,IA,IA-Sen,True,100,0.39
C0860,Marisol Kowalczyk,@Kowalczyk4Senate,R,Senate,IA,IA-Sen,False,139,0.1223021582733813
C0861,Priya Marchetti,@PriyaMarchetti2022,D,Senate,KS,KS-Sen,False,191,0.08900523560209424
C0862,Uriel Ashford,@AshfordForSenate,R,Senate,KS,KS-Sen,False,278,0.1223021582733813
C0863,Quincy Winterbourne,@WinterbourneForSenate,D,Senate,KY,KY-Sen,False,70,0.05714285714285714
C0864,Silas Bramble,@Bramble4Senate,R,Senate,KY,KY-Sen,False,159,0.13836477987421383
C0865,Gustavo Oglesby,@GOglesby,D,Senate,LA,LA-Sen,True,419,0.4988066825775656
C0866,Lucille Barrows,@LucilleBarrows2022,R,Senate,LA,LA-Sen,False,64,0.296875
C0867,Junia Stanfield,@JStanfield2022,D,Senate,ME,ME-Sen,False,44,0.36363636363636365
C0868,Renata Pemberton,@RPemberton,R,Senate,ME,ME-Sen,True,65,0.6461538461538462
C0869,Yolanda Fairbanks,@FairbanksForSenate,D,Senate,MA,MA-Sen,True,139,0.09352517985611511
C0870,Henrietta Meriwether,@HenriettaMeriwether2022,R,Senate,MA,MA-Sen,False,69,0.37681159420289856
C0871,Marcus Ashford,@MAshford2022,D,Senate,MI,MI-Sen,True,242,0.47520661157024796
C0872,Ivan Ellingson,@Ellingson4Senate,R,Senate,MI,MI-Sen,False,220,0.3409090909090909
C0873,Walker Delacroix,@WalkerDelacroix2022,D,Senate,MN,MN-Sen,True,148,0.5
C0874,Lavinia Rutledge,@LRutledge2022,R,Senate,MN,MN-Sen,False,66,0.6060606060606061
C0875,Uriel Ibarra,@Ibarra4Senate,I,Senate,MN,MN-Sen,False,49,0.061224489795918366
C0876,Cormac Yarborough,@CormacYarborough2022,D,Senate,MS,MS-Sen,False,189,0.4021164021164021
C0877,Colton Nakamura,@CNakamura2022,R,Senate,MS,MS-Sen,False,42,0.5
C0878,Anders Sandoval,@AndersSandoval2022,D,Senate,MT,MT-Sen,True,106,0.29245283018867924
C0879,Renata Ivester,@RIvester2022,R,Senate,MT,MT-Sen,False,52,0.4230769230769231
C0880,Simone Calloway,@CallowayForSenate,D,Senate,NE,NE-Sen,False,223,0.08968609865470852
C0881,Gideon Umbridge,@GideonUmbridge2022,R,Senate,NE,NE-Sen,False,100,0.14
C0882,Grant Jankowski,@GrantJankowski2022,D,Senate,NH,NH-Sen,True,57,0.3508771929824561
C0883,Pete Northcutt,@NorthcuttForSenate,R,Senate,NH,NH-Sen,False,94,0.20212765957446807
C0884,Jocelyn Ostrander,@JocelynOstrander2022,D,Senate,NJ,NJ-Sen,True,187,0.2994652406417112
C0885,Sterling Granger,@SterlingGranger2022,R,Senate,NJ,NJ-Sen,False,155,0.05806451612903226
C0886,Ramona Quintanilla,@RQuintanilla,D,Senate,NM,NM-Sen,True,55,0.2
C0887,Lavinia Vasquez-Reed,@LaviniaVasquezReed2022,R,Senate,NM,NM-Sen,False,192,0.13541666666666666
C0888,Thea Ivester,@TIvester,I,Senate,NM,NM-Sen,False,73,0.3150684931506849
C0889,Deshawn Eastwood,@EastwoodForSenate,D,Senate,NC,NC-Sen,False,132,0.29545454545454547
C0890,Colton Tunstall,@Tunstall4Senate,R,Senate,NC,NC-Sen,False,162,0.2839506172839506
C0891,Omar Goodwin,@OGoodwin2022,D,Senate,OK,OK-Sen,False,73,0.1506849315068493
C0892,Marisol Bickford,@MarisolBickford2022,R,Senate,OK,OK-Sen,False,129,0.3488372093023256
C0893,Harlan Delacroix,@HarlanDelacroix2022,D,Senate,OR,OR-Sen,False,64,0.28125
C0894,Nolan Winterbourne,@NolanWinterbourne2022,R,Senate,OR,OR-Sen,False,137,0.17518248175182483
C0895,Omar Lockhart,@Lockhart4Senate,D,Senate,RI,RI-Sen,False,158,0.24050632911392406
C0896,Anders Northcutt,@ANorthcutt2022,R,Senate,RI,RI-Sen,True,180,0.044444444444444446
C0897,Tallulah Oglesby,@OglesbyForSenate,D,Senate,SC,SC-Sen,False,144,0.19444444444444445
C0898,Kip Underhill,@KipUnderhill2022,R,Senate,SC,SC-Sen,False,59,0.2033898305084746
C0899,Kendall Oglesby,@KendallOglesby2022,D,Senate,SD,SD-Sen,False,54,0.12962962962962962
C0900,Zelda Rutledge,@RutledgeForSenate,R,Senate,SD,SD-Sen,True,174,0.14367816091954022
C0901,Cassidy Zablocki,@CassidyZablocki2022,D,Senate,TN,TN-Sen,False,135,0.1037037037037037
C0902,Colton Quintanilla,@CQuintanilla,R,Senate,TN,TN-Sen,True,149,0.33557046979865773
C0903,Ivan Kettering,@KetteringForSenate,D,Senate,TX,TX-Sen,True,124,0.25
C0904,Delphine Vandermeer,@DVandermeer,R,Senate,TX,TX-Sen,False,83,0.4819277108433735
C0905,Opal Ashford,@OpalAshford2022,D,Senate,VA,VA-Sen,True,85,0.3176470588235294
C0906,Wendell Falkner,@WFalkner2022,R,Senate,VA,VA-Sen,False,169,0.30177514792899407
C0907,Vera Ostrander,@VOstrander,D,Senate,WV,WV-Sen,True,73,0.1232876712328767
C0908,Celeste Prescott,@CelestePrescott2022,R,Senate,WV,WV-Sen,False,134,0.12686567164179105
C0909,Opal Kettering,@Kettering4Senate,D,Senate,WY,WY-Sen,True,153,0.0915032679738562
C0910,Tobias Vasquez-Reed,@TobiasVasquezReed2022,R,Senate,WY,WY-Sen,False,89,0.42696629213483145
