candidate_id,candidate_name,handle,party,chamber,state,district,incumbent,n_tweets,share_retweets,mean_distance_to_field
C0001,Sterling Kowalczyk,@KowalczykHQ,D,House,AL,AL-01,False,35,0.2285714285714285,1.0000643391771016
C0002,Ingrid Lindqvist,@ILindqvist2022,R,House,AL,AL-01,True,201,0.4079601990049751,0.9972109780597544
C0003,Gideon Wexford,@GideonWexford2022,D,House,AL,AL-02,False,133,0.1654135338345864,1.0017649933186166
C0004,Colton Solberg,@SolbergHQ,R,House,AL,AL-02,False,118,0.4830508474576271,0.995680123336704
C0005,Jocelyn Lockhart,@JLockhartOfficial,D,House,AL,AL-03,True,107,0.3738317757009345,1.0061653555151997
C0006,Jordan Umbridge,@UmbridgeHQ,R,House,AL,AL-03,False,81,0.1851851851851851,0.9940810643439311
C0007,Maeve Ibarra,@IbarraHQ,D,House,AL,AL-04,True,85,0.5411764705882353,1.0026292920621052
C0008,Vivienne Whitlock,@VWhitlockOfficial,R,House,AL,AL-04,False,74,0.2702702702702703,0.9965491993156301
C0009,Jocelyn Whitlock,@JocelynWhitlock2022,D,House,AL,AL-05,True,91,0.1648351648351648,1.0025430530808845
C0010,Junia Yancey,@YanceyHQ,R,House,AL,AL-05,False,64,0.296875,0.9936637875919891
C0011,Dexter Crowder,@CrowderForCongress,D,House,AL,AL-06,True,201,0.2985074626865671,1.002705276367997
C0012,Grant Crowder,@CrowderHQ,R,House,AL,AL-06,False,103,0.5242718446601942,0.9938170099657633
C0013,Junia Sandoval,@SandovalForCongress,D,House,AL,AL-07,True,53,0.2452830188679245,1.0045144179435612
C0014,Colton Dunmore,@ColtonDunmore2022,R,House,AL,AL-07,False,145,0.2275862068965517,0.9979739738707244
C0015,Elena Kettering,@KetteringHQ,D,House,AK,AK-AL,True,184,0.5434782608695652,1.008693320253142
C0016,Lorenzo Falkner,@Falkner4Congress,R,House,AK,AK-AL,False,47,0.425531914893617,0.9992542461053237
C0017,Kip Kowalczyk,@KipKowalczyk2022,D,House,AZ,AZ-01,True,210,0.5523809523809524,1.0120796022172398
C0018,Tamika Eastwood,@TEastwoodOfficial,R,House,AZ,AZ-01,False,32,0.25,0.9987183789230122
C0019,Grant Nakamura,@NakamuraHQ,D,House,AZ,AZ-02,True,43,0.4186046511627907,1.0080101006493238
C0020,Omar Lindqvist,@OLindqvistOfficial,R,House,AZ,AZ-02,False,169,0.2958579881656805,0.9985866001663575
C0021,Petra Ivester,@Ivester4Congress,I,House,AZ,AZ-02,False,185,0.4216216216216216,0.9947638222865396
C0022,Emmett Barrows,@EBarrows,D,House,AZ,AZ-03,False,52,0.3461538461538461,1.0004501912247596
C0023,Henrietta Prescott,@HenriettaPrescott2022,R,House,AZ,AZ-03,False,96,0.1145833333333333,0.9984866790403131
C0024,Ulysses Tunstall,@TunstallForCongress,D,House,AZ,AZ-04,True,111,0.1531531531531531,1.0049737497770574
C0025,Gustavo Eastwood,@GEastwood,R,House,AZ,AZ-04,False,28,0.1428571428571428,0.9961385329158526
C0026,Mordecai Underhill,@MordecaiUnderhill2022,D,House,AZ,AZ-05,False,99,0.3737373737373737,1.0070865235029085
C0027,Junia Meriwether,@JMeriwether,D,House,AZ,AZ-06,False,80,0.375,1.0112416211297413
C0028,Osric Sandoval,@OsricSandoval2022,R,House,AZ,AZ-06,True,94,0.2553191489361702,1.000375976465214
C0029,Ximena Lockhart,@LockhartHQ,D,House,AZ,AZ-07,True,142,0.2676056338028169,1.0047348972522367
C0030,Yolanda Zablocki,@ZablockiHQ,R,House,AZ,AZ-07,False,122,0.2377049180327868,0.9983705050693858
C0031,Ivan Vasquez-Reed,@IVasquezReedOfficial,D,House,AZ,AZ-08,True,66,0.1818181818181818,1.0069705638100157
C0032,Ignatius Quimby,@QuimbyForCongress,D,House,AZ,AZ-09,False,62,0.4193548387096774,0.9989569315075455
C0033,Jordan Kettering,@JKetteringOfficial,R,House,AZ,AZ-09,False,106,0.0943396226415094,0.9963869199811237
C0034,Lavinia Villanueva,@LaviniaVillanueva2022,D,House,AR,AR-01,True,188,0.0531914893617021,1.0087835424190394
C0035,York Whitlock,@YorkWhitlock2022,R,House,AR,AR-01,False,77,0.1428571428571428,1.0016852759006727
C0036,Tobias Goodwin,@TGoodwin2022,D,House,AR,AR-02,False,249,0.1767068273092369,0.999501575416448
C0037,York Jessup,@YJessup2022,R,House,AR,AR-02,False,53,0.1698113207547169,0.9990362464563649
C0038,Renata Solberg,@RSolberg2022,D,House,AR,AR-03,False,117,0.3504273504273504,1.004291528434675
C0039,Quincy Villanueva,@VillanuevaHQ,R,House,AR,AR-03,True,55,0.3636363636363636,0.9999874000022723
C0040,Delphine Holloway,@DelphineHolloway2022,D,House,AR,AR-04,False,163,0.2331288343558282,1.0036693673524806
C0041,Simone Stanfield,@StanfieldHQ,R,House,AR,AR-04,True,69,0.0144927536231884,0.9954757520602102
C0042,Tamika Villanueva,@TVillanueva,D,House,CA,CA-01,True,46,0.3043478260869565,1.0061650602373424
C0043,Henrietta Solberg,@HSolberg,R,House,CA,CA-01,False,161,0.4472049689440994,0.9968004220882258
C0044,Henrietta Sandoval,@HenriettaSandoval2022,D,House,CA,CA-02,False,122,0.040983606557377,1.003308502658294
C0045,Osric Abernathy,@OAbernathyOfficial,R,House,CA,CA-02,True,52,0.0769230769230769,0.9983531728083348
C0046,Quentin Prescott,@QuentinPrescott2022,R,House,CA,CA-03,False,284,0.2605633802816901,0.9944131251799532
C0047,Lucille Renwick,@LucilleRenwick2022,D,House,CA,CA-04,True,118,0.3305084745762712,1.0031717201582968
C0048,Harlan Falkner,@FalknerHQ,R,House,CA,CA-04,False,77,0.0519480519480519,0.9977548955367106
C0049,Maeve Lockhart,@MaeveLockhart2022,D,House,CA,CA-05,True,59,0.1186440677966101,1.0032029511610998
C0050,Opal Ivester,@IvesterHQ,R,House,CA,CA-05,False,254,0.2559055118110236,0.9991890831036572
C0051,Quincy Renwick,@RenwickHQ,D,House,CA,CA-06,False,103,0.3203883495145631,1.0041354060696412
C0052,Osric Kowalczyk,@OKowalczykOfficial,D,House,CA,CA-07,False,50,0.12,1.006551305227883
C0053,Tallulah Zielinski,@TallulahZielinski2022,R,House,CA,CA-07,False,34,0.2352941176470588,0.9971012207678464
C0054,Ignatius Abernathy,@IAbernathy2022,D,House,CA,CA-08,False,164,0.2134146341463414,0.9996026249238976
C0055,Flora Palafox,@PalafoxHQ,R,House,CA,CA-08,True,155,0.5096774193548387,0.9952878012955788
C0056,Deshawn Calloway,@Calloway4Congress,D,House,CA,CA-09,False,95,0.431578947368421,1.008429413199132
C0057,Cormac Ibarra,@IbarraForCongress,R,House,CA,CA-09,True,112,0.2142857142857142,0.9963481986664253
C0058,Tobias Ivester,@TIvesterOfficial,I,House,CA,CA-09,False,75,0.3066666666666666,0.9955690609299664
C0059,Russell Lockhart,@RussellLockhart2022,R,House,CA,CA-10,True,130,0.5846153846153846,0.9968127699308478
C0060,Rosalind Winterbourne,@WinterbourneHQ,D,House,CA,CA-11,False,84,0.2023809523809523,1.0029003342960527
C0061,Priya Meriwether,@PMeriwether,D,House,CA,CA-12,False,146,0.0753424657534246,0.9995949668625593
C0062,Renata Calloway,@CallowayHQ,R,House,CA,CA-12,True,246,0.532520325203252,0.9905863422692636
C0063,Tobias Underhill,@TUnderhill2022,D,House,CA,CA-13,False,138,0.1231884057971014,1.0057028986258583
C0064,Yolanda Solberg,@YSolberg2022,R,House,CA,CA-13,True,181,0.2596685082872928,1.0024920543673457
C0065,Tallulah Sandoval,@SandovalHQ,D,House,CA,CA-14,True,99,0.5151515151515151,1.00919561077594
C0066,Pete Ibarra,@PeteIbarra2022,R,House,CA,CA-14,False,87,0.2528735632183908,1.003848453494135
C0067,Maeve Barrows,@MaeveBarrows2022,D,House,CA,CA-15,True,63,0.1904761904761904,1.0071434600150055
C0068,Bettina Jessup,@BettinaJessup2022,R,House,CA,CA-15,False,125,0.096,0.9969051727120879
C0069,Rosalind Sandoval,@RosalindSandoval2022,D,House,CA,CA-16,False,119,0.1764705882352941,1.0027696436206486
C0070,York Sandoval,@YorkSandoval2022,R,House,CA,CA-16,True,84,0.119047619047619,1.0000206024998668
C0071,Lavinia Bickford,@LaviniaBickford2022,D,House,CA,CA-17,False,79,0.4050632911392405,1.0057133339064008
C0072,Pete Meriwether,@MeriwetherHQ,R,House,CA,CA-17,True,208,0.1586538461538461,0.9964715116956838
C0073,Ulysses Abernathy,@UlyssesAbernathy2022,D,House,CA,CA-18,True,104,0.173076923076923,1.0034448879044917
C0074,Vera Thackeray,@ThackerayHQ,R,House,CA,CA-18,False,92,0.2717391304347826,0.999478145253892
C0075,Gustavo Bramble,@Bramble4Congress,D,House,CA,CA-19,False,109,0.128440366972477,1.003476835876127
C0076,Flora Bramble,@BrambleForCongress,R,House,CA,CA-19,True,66,0.1515151515151515,0.9993158822593287
C0077,Deshawn Kowalczyk,@DeshawnKowalczyk2022,D,House,CA,CA-20,True,97,0.1030927835051546,1.005736392522857
C0078,Silas Barrows,@SBarrowsOfficial,R,House,CA,CA-20,False,107,0.0747663551401869,1.0016301454189487
C0079,Junia Jankowski,@JankowskiForCongress,D,House,CA,CA-21,False,76,0.5131578947368421,1.0112348989959086
C0080,Quentin Eastwood,@QuentinEastwood2022,R,House,CA,CA-21,False,54,0.3888888888888889,1.0047930932176763
C0081,Grant Delacroix,@GrantDelacroix2022,D,House,CA,CA-22,False,86,0.1395348837209302,1.011044635587305
C0082,Cassidy Rutledge,@RutledgeHQ,R,House,CA,CA-22,True,34,0.4117647058823529,1.0022919615313093
C0083,Quincy Goodwin,@QGoodwin,D,House,CA,CA-23,True,62,0.4354838709677419,1.0013972342020891
C0084,Jocelyn Crowder,@JCrowder2022,R,House,CA,CA-23,False,100,0.3,0.9992462803177199
C0085,Tallulah Underhill,@TUnderhillOfficial,D,House,CA,CA-24,False,41,0.1219512195121951,1.0043701982368798
C0086,Boyd Alcott,@AlcottForCongress,R,House,CA,CA-24,True,75,0.2133333333333333,0.9975438523842423
C0087,Colton Alcott,@AlcottHQ,D,House,CA,CA-25,False,86,0.2325581395348837,1.00538006162589
C0088,Hattie Underhill,@Underhill4Congress,R,House,CA,CA-25,False,43,0.0,1.001203405842637
C0089,Lorenzo Quintanilla,@Quintanilla4Congress,D,House,CA,CA-26,False,79,0.050632911392405,0.9991713854311299
C0090,Marcus Nakamura,@MarcusNakamura2022,R,House,CA,CA-26,False,157,0.1019108280254777,0.9969871669948195
C0091,Noemi Yarborough,@YarboroughHQ,D,House,CA,CA-27,True,98,0.1938775510204081,1.0046708237915416
C0092,Marisol Stanfield,@MStanfield,R,House,CA,CA-27,False,242,0.2892561983471074,0.994650825500191
C0093,Lorenzo Nakamura,@NakamuraForCongress,D,House,CA,CA-28,False,112,0.375,1.007417833234571
C0094,Tallulah Palafox,@TallulahPalafox2022,R,House,CA,CA-28,True,55,0.1272727272727272,0.9965477967340473
C0095,Tamika Vandermeer,@VandermeerForCongress,D,House,CA,CA-29,True,61,0.3934426229508196,1.0011682062834244
C0096,Paloma Wexford,@PWexford,R,House,CA,CA-29,False,209,0.3301435406698564,0.9947011243383707
C0097,Renata Marchetti,@MarchettiHQ,D,House,CA,CA-30,True,123,0.1463414634146341,0.9945776456781481
C0098,Noemi Vasquez-Reed,@NVasquezReed2022,R,House,CA,CA-30,False,67,0.4328358208955223,0.9954810649568199
C0099,Russell Xiong,@RussellXiong2022,D,House,CA,CA-31,True,51,0.2352941176470588,1.008878914041485
C0100,Celeste Crowder,@CCrowderOfficial,R,House,CA,CA-31,False,120,0.1916666666666666,0.9985350319490914
C0101,Maeve Tunstall,@TunstallHQ,D,House,CA,CA-32,True,18,0.0,1.0019685564827403
C0102,Anders Okafor,@OkaforHQ,D,House,CA,CA-33,True,124,0.5161290322580645,1.0061312225145091
C0103,Nadia Quintanilla,@QuintanillaHQ,R,House,CA,CA-33,False,99,0.4444444444444444,0.9975030554216471
C0104,Grant Vandermeer,@GVandermeer2022,D,House,CA,CA-34,False,96,0.34375,1.0021887492669763
C0105,Farrah Stanfield,@StanfieldForCongress,D,House,CA,CA-35,False,88,0.1931818181818181,1.0080400588948766
C0106,Kendall Zablocki,@KZablockiOfficial,R,House,CA,CA-35,True,101,0.3762376237623762,1.0018614727817459
C0107,Omar Pemberton,@PembertonForCongress,D,House,CA,CA-36,True,66,0.2878787878787879,0.9960657847123726
C0108,Colton Lockhart,@LockhartForCongress,D,House,CA,CA-37,False,77,0.1298701298701298,0.9985537023846255
C0109,Harlan Rutledge,@HRutledge,R,House,CA,CA-37,True,115,0.4434782608695652,0.9996730588351851
C0110,Maeve Sandoval,@MaeveSandoval2022,D,House,CA,CA-38,False,70,0.2857142857142857,1.0065280637726197
C0111,Tobias Rutledge,@RutledgeForCongress,D,House,CA,CA-39,False,68,0.3088235294117647,1.0071164902914698
C0112,Ingrid Lockhart,@ILockhart2022,R,House,CA,CA-39,True,150,0.16,0.9965516975164092
C0113,Kip Holloway,@KHollowayOfficial,D,House,CA,CA-40,False,44,0.1590909090909091,1.0040726642596953
C0114,Dexter Fairbanks,@FairbanksForCongress,R,House,CA,CA-40,False,93,0.3870967741935484,0.9961897972413425
C0115,Zelda Marchetti,@ZMarchetti,D,House,CA,CA-41,True,131,0.3511450381679389,1.0114290414433529
C0116,Walker Palafox,@PalafoxForCongress,R,House,CA,CA-41,False,84,0.0952380952380952,1.000645181982016
C0117,York Delacroix,@DelacroixForCongress,D,House,CA,CA-42,True,219,0.5342465753424658,1.011004051458651
C0118,Kendall Barrows,@KBarrows,R,House,CA,CA-42,False,108,0.5092592592592593,0.9907929378893433
C0119,Kip Thackeray,@Thackeray4Congress,D,House,CA,CA-43,False,61,0.4098360655737705,1.001578236539118
C0120,Russell Yarborough,@RussellYarborough2022,R,House,CA,CA-43,True,175,0.28,0.9919568393691397
C0121,Walker Quimby,@QuimbyHQ,D,House,CA,CA-44,True,38,0.3684210526315789,1.005707193919092
C0122,Sterling Okafor,@SterlingOkafor2022,R,House,CA,CA-44,False,78,0.3717948717948718,0.9955620718581552
C0123,Opal Granger,@GrangerHQ,D,House,CA,CA-45,False,101,0.0396039603960396,0.9948469333121388
C0124,Cormac Lindqvist,@LindqvistHQ,R,House,CA,CA-45,False,78,0.2564102564102564,0.99575902157149
C0125,Marcus Whitlock,@MarcusWhitlock2022,D,House,CA,CA-46,False,53,0.0943396226415094,1.0044280479072007
C0126,Quentin Stanfield,@QStanfield,R,House,CA,CA-46,False,234,0.2606837606837607,0.998122424047498
C0127,Nolan Umbridge,@UmbridgeForCongress,D,House,CA,CA-47,False,80,0.1875,1.000501975602473
C0128,Vera Bramble,@VBramble,R,House,CA,CA-47,True,77,0.0649350649350649,0.9960684956175637
C0129,Cormac Quintanilla,@CormacQuintanilla2022,R,House,CA,CA-48,False,46,0.4130434782608695,0.9960149382003749
C0130,Petra Bramble,@PetraBramble2022,R,House,CA,CA-49,True,115,0.5826086956521739,0.9932850611019953
C0131,Opal Okafor,@OOkafor,D,House,CA,CA-50,True,83,0.1325301204819277,1.0088144259788987
C0132,Flora Xiong,@XiongHQ,R,House,CA,CA-50,False,71,0.2676056338028169,0.9935991920719416
C0133,Tallulah Granger,@TGranger2022,D,House,CA,CA-51,False,100,0.18,1.0010763292362923
C0134,Cassidy Renwick,@CRenwick,R,House,CA,CA-51,True,91,0.3076923076923077,0.9920076375325303
C0135,Ivan Kowalczyk,@IvanKowalczyk2022,D,House,CA,CA-52,False,52,0.1923076923076923,1.0029541936991473
C0136,Lucille Rutledge,@LRutledge,R,House,CA,CA-52,True,101,0.3465346534653465,0.9916773960845264
C0137,Opal Barrows,@OpalBarrows2022,R,House,CO,CO-01,False,67,0.1641791044776119,0.9989806788000988
C0138,Noemi Lockhart,@NLockhart,I,House,CO,CO-01,False,40,0.15,1.0055958516243004
C0139,Ivan Delacroix,@DelacroixHQ,D,House,CO,CO-02,False,98,0.2857142857142857,1.011898924809703
C0140,Colton Crowder,@Crowder4Congress,R,House,CO,CO-02,True,166,0.253012048192771,0.9920829087368047
C0141,Nadia Solberg,@SolbergForCongress,D,House,CO,CO-03,False,124,0.2983870967741935,1.0115736951392886
C0142,Paloma Lockhart,@PalomaLockhart2022,R,House,CO,CO-03,True,105,0.6,0.9906497630826959
C0143,Grant Umbridge,@GUmbridgeOfficial,D,House,CO,CO-04,False,102,0.3039215686274509,1.0049505571950046
C0144,Celeste Yancey,@CelesteYancey2022,R,House,CO,CO-04,True,51,0.4901960784313725,0.9944642213239118
C0145,Ignatius Oglesby,@OglesbyHQ,D,House,CO,CO-05,False,128,0.03125,1.0011371919346794
C0146,Quentin Zielinski,@ZielinskiForCongress,R,House,CO,CO-05,False,76,0.131578947368421,0.9957849763100558
C0147,Russell Stanfield,@RStanfield2022,D,House,CO,CO-06,False,51,0.3725490196078431,1.0008640998094198
C0148,Ingrid Meriwether,@IngridMeriwether2022,R,House,CO,CO-06,False,84,0.1666666666666666,0.9973937242282744
C0149,Jordan Bickford,@JBickford2022,I,House,CO,CO-06,False,71,0.0704225352112676,0.9977826559220018
C0150,Yolanda Thackeray,@ThackerayForCongress,D,House,CO,CO-07,True,59,0.1186440677966101,1.0027691956438376
C0151,Lorenzo Renwick,@Renwick4Congress,R,House,CO,CO-07,False,109,0.055045871559633,0.9977239609387304
C0152,Flora Pemberton,@FloraPemberton2022,D,House,CO,CO-08,False,138,0.3768115942028985,1.0001653650368645
C0153,Lorenzo Umbridge,@Umbridge4Congress,R,House,CO,CO-08,True,144,0.125,0.9973984665725218
C0154,Marisol Barrows,@MBarrows2022,D,House,CT,CT-01,True,131,0.4809160305343511,1.01280629449747
C0155,Cormac Ivester,@CIvesterOfficial,R,House,CT,CT-01,False,75,0.2133333333333333,0.9941505741662809
C0156,Lavinia Lockhart,@LaviniaLockhart2022,D,House,CT,CT-02,True,137,0.2408759124087591,1.0050012492286742
C0157,Bettina Yarborough,@BYarborough2022,R,House,CT,CT-02,False,162,0.1604938271604938,0.9970728853533267
C0158,Gideon Granger,@GrangerForCongress,D,House,CT,CT-03,False,86,0.1627906976744186,1.0106034257238763
C0159,Ximena Jessup,@Jessup4Congress,R,House,CT,CT-03,True,139,0.1942446043165467,0.9984093625312604
C0160,Gideon Jessup,@JessupHQ,D,House,CT,CT-04,True,79,0.4683544303797468,1.006888472066894
C0161,Uriel Quimby,@UQuimby,R,House,CT,CT-04,False,87,0.1379310344827586,1.0018025154937964
C0162,Mordecai Fairbanks,@MFairbanksOfficial,D,House,CT,CT-05,False,124,0.3629032258064516,1.0100773946548547
C0163,Nadia Tremblay,@NadiaTremblay2022,R,House,CT,CT-05,True,101,0.5841584158415841,0.9911805441299681
C0164,Colton Rutledge,@Rutledge4Congress,D,House,DE,DE-AL,False,91,0.1538461538461538,1.0115929170505296
C0165,Priya Jessup,@PJessup2022,R,House,DE,DE-AL,True,60,0.1666666666666666,1.0011131236933974
C0166,Ramona Calloway,@RCallowayOfficial,D,House,FL,FL-01,False,83,0.144578313253012,1.010013569125643
C0167,Avery Goodwin,@AveryGoodwin2022,R,House,FL,FL-01,False,21,0.238095238095238,1.002090447980359
C0168,Omar Fairbanks,@FairbanksHQ,D,House,FL,FL-02,True,162,0.2592592592592592,1.003125838615456
C0169,Nadia Falkner,@NFalkner,R,House,FL,FL-02,False,96,0.2708333333333333,0.9946332055353897
C0170,Junia Delacroix,@JDelacroix,D,House,FL,FL-03,True,68,0.1470588235294117,1.003812625142656
C0171,Yolanda Vandermeer,@YolandaVandermeer2022,R,House,FL,FL-03,False,91,0.1978021978021978,1.0004876850747122
C0172,Henrietta Granger,@HGrangerOfficial,D,House,FL,FL-04,True,203,0.1625615763546798,1.0048553751560998
C0173,Lucille Ellingson,@LucilleEllingson2022,R,House,FL,FL-04,False,173,0.1156069364161849,0.9944433276638436
C0174,Nadia Dunmore,@NDunmoreOfficial,D,House,FL,FL-05,False,69,0.4057971014492754,1.0068440546296136
C0175,Bettina Winterbourne,@WinterbourneForCongress,R,House,FL,FL-05,True,192,0.203125,0.9904463891321007
C0176,Kip Palafox,@KPalafoxOfficial,D,House,FL,FL-06,True,109,0.1834862385321101,1.0026974895443375
C0177,Flora Ellingson,@EllingsonHQ,R,House,FL,FL-06,False,71,0.0422535211267605,1.0059731686638747
C0178,Kendall Alcott,@KendallAlcott2022,R,House,FL,FL-07,False,272,0.4264705882352941,0.9979369313826809
C0179,York Barrows,@YorkBarrows2022,D,House,FL,FL-08,False,70,0.0285714285714285,1.0051616030914554
C0180,Renata Abernathy,@AbernathyHQ,R,House,FL,FL-08,True,79,0.4936708860759494,0.9942332678432253
C0181,Osric Renwick,@OsricRenwick2022,D,House,FL,FL-09,True,70,0.1,0.9969850187561359
C0182,Ulysses Kowalczyk,@UlyssesKowalczyk2022,R,House,FL,FL-09,False,140,0.1642857142857142,0.994761852594306
C0183,Priya Ivester,@PriyaIvester2022,D,House,FL,FL-10,True,33,0.1515151515151515,1.0006243687367233
C0184,Kendall Dunmore,@KDunmore2022,D,House,FL,FL-11,False,202,0.3267326732673267,1.005095346964616
C0185,Renata Granger,@Granger4Congress,R,House,FL,FL-11,True,182,0.2142857142857142,0.9952203820250489
C0186,Hattie Ibarra,@HIbarra2022,D,House,FL,FL-12,False,125,0.312,1.005862703220146
C0187,Ezra Ibarra,@EzraIbarra2022,R,House,FL,FL-12,True,205,0.2048780487804878,0.9995979433421379
C0188,Russell Calloway,@RCalloway2022,D,House,FL,FL-13,True,146,0.3424657534246575,1.0123926448447438
C0189,Ignatius Underhill,@IgnatiusUnderhill2022,R,House,FL,FL-13,False,113,0.504424778761062,0.999516637175959
C0190,Colton Palafox,@ColtonPalafox2022,D,House,FL,FL-14,True,74,0.1891891891891892,1.0031060874411373
C0191,Kendall Hargrove,@KHargrove,R,House,FL,FL-14,False,115,0.2956521739130435,0.995978716480844
C0192,Lucille Solberg,@LucilleSolberg2022,D,House,FL,FL-15,True,110,0.3363636363636363,1.009518017876087
C0193,Harlan Zablocki,@HZablocki,R,House,FL,FL-15,False,146,0.0547945205479452,0.99663551166332
C0194,Emmett Ibarra,@EIbarraOfficial,D,House,FL,FL-16,True,103,0.2912621359223301,1.0079752886572275
C0195,Noemi Nakamura,@Nakamura4Congress,R,House,FL,FL-16,False,78,0.1025641025641025,1.0010837901087197
C0196,Zelda Jessup,@JessupForCongress,D,House,FL,FL-17,True,174,0.6609195402298851,1.0076836929323352
C0197,Gideon Whitlock,@WhitlockHQ,R,House,FL,FL-17,False,542,0.5461254612546126,0.9958764035666501
C0198,Thea Renwick,@TheaRenwick2022,D,House,FL,FL-18,True,127,0.3858267716535433,1.0074632459312958
C0199,Russell Crowder,@RCrowder,R,House,FL,FL-18,False,46,0.4130434782608695,0.9937459806256677
C0200,Harlan Sandoval,@Sandoval4Congress,D,House,FL,FL-19,True,171,0.1461988304093567,1.001849487638057
C0201,Noemi Yancey,@YanceyForCongress,R,House,FL,FL-19,False,80,0.475,0.9956797280005397
C0202,Wendell Kowalczyk,@KowalczykForCongress,D,House,FL,FL-20,True,118,0.0508474576271186,1.0002437135386986
C0203,Russell Quintanilla,@RussellQuintanilla2022,R,House,FL,FL-20,False,115,0.2347826086956521,0.9985793356462638
C0204,Lucille Xiong,@LXiongOfficial,D,House,FL,FL-21,True,64,0.15625,0.9962388424112316
C0205,Gideon Barrows,@BarrowsForCongress,R,House,FL,FL-21,False,35,0.2,0.9943690580967761
C0206,Harlan Meriwether,@HarlanMeriwether2022,I,House,FL,FL-21,False,43,0.3720930232558139,1.000086220777395
C0207,York Oglesby,@Oglesby4Congress,D,House,FL,FL-22,True,136,0.2647058823529412,1.0107387313379586
C0208,Noemi Underhill,@UnderhillHQ,R,House,FL,FL-22,False,150,0.2866666666666667,0.9963331170775614
C0209,Gustavo Abernathy,@GAbernathy,D,House,FL,FL-23,False,41,0.4146341463414634,1.0057700681299917
C0210,Nolan Granger,@NolanGranger2022,R,House,FL,FL-23,True,147,0.4285714285714285,0.9912763775259376
C0211,Jocelyn Marchetti,@MarchettiForCongress,D,House,FL,FL-24,False,137,0.2554744525547445,1.011911271555805
C0212,Priya Yarborough,@PriyaYarborough2022,R,House,FL,FL-24,True,84,0.0476190476190476,0.9985068032530452
C0213,Vera Underhill,@VUnderhill,D,House,FL,FL-25,False,76,0.1710526315789473,0.9974401361824659
C0214,Marisol Nakamura,@MarisolNakamura2022,R,House,FL,FL-25,True,210,0.1857142857142857,0.9937618878643523
C0215,Flora Sandoval,@FSandoval,D,House,FL,FL-26,True,90,0.3333333333333333,1.0049834011628307
C0216,Ignatius Bramble,@BrambleHQ,R,House,FL,FL-26,False,113,0.4336283185840708,0.9920749080599508
C0217,Lucille Tremblay,@LucilleTremblay2022,D,House,FL,FL-27,False,102,0.1568627450980392,1.0125962677876716
C0218,Elena Prescott,@Prescott4Congress,R,House,FL,FL-27,True,150,0.0533333333333333,1.0053735657770884
C0219,Omar Nakamura,@OmarNakamura2022,D,House,FL,FL-28,True,46,0.1304347826086956,1.0014507443180944
C0220,Lavinia Winterbourne,@LaviniaWinterbourne2022,R,House,FL,FL-28,False,108,0.3518518518518518,0.9965350435594547
C0221,Flora Villanueva,@FloraVillanueva2022,D,House,GA,GA-01,True,40,0.275,0.9997135246076642
C0222,Uriel Thackeray,@UrielThackeray2022,R,House,GA,GA-01,False,159,0.3962264150943396,0.9933030300879557
C0223,Sterling Zablocki,@SZablocki,D,House,GA,GA-02,True,83,0.5060240963855421,1.0106103796214483
C0224,Rosalind Palafox,@RPalafox,R,House,GA,GA-02,False,191,0.1832460732984293,1.0026614919582832
C0225,Nadia Ravenscroft,@RavenscroftForCongress,D,House,GA,GA-03,True,38,0.5,1.0103352819875242
C0226,Priya Vasquez-Reed,@PriyaVasquezReed2022,R,House,GA,GA-03,False,86,0.4534883720930232,0.9920028168742322
C0227,Colton Whitlock,@WhitlockForCongress,D,House,GA,GA-04,False,99,0.5151515151515151,1.0113602820041352
C0228,Uriel Hargrove,@UrielHargrove2022,R,House,GA,GA-04,False,262,0.3969465648854962,0.992612020226878
C0229,Marcus Kettering,@Kettering4Congress,D,House,GA,GA-05,True,85,0.388235294117647,1.0014090727313008
C0230,Tobias Okafor,@Okafor4Congress,R,House,GA,GA-05,False,106,0.3490566037735849,0.9937788753924666
C0231,Paloma Abernathy,@Abernathy4Congress,D,House,GA,GA-06,True,72,0.0277777777777777,1.0018746506245553
C0232,Celeste Granger,@CGranger,R,House,GA,GA-06,False,71,0.1971830985915492,0.9991321197025441
C0233,Nolan Ellingson,@EllingsonForCongress,D,House,GA,GA-07,False,146,0.4931506849315068,1.0131287285308528
C0234,Petra Zablocki,@ZablockiForCongress,R,House,GA,GA-07,False,197,0.1421319796954314,1.0003352511912162
C0235,Vera Northcutt,@VeraNorthcutt2022,D,House,GA,GA-08,False,72,0.2638888888888889,1.0061953858097166
C0236,Ivan Tunstall,@ITunstall2022,R,House,GA,GA-08,False,74,0.4594594594594595,0.9950022261369823
C0237,Marisol Hargrove,@HargroveHQ,D,House,GA,GA-09,False,126,0.1269841269841269,1.0074226378435556
C0238,Ezra Kowalczyk,@EKowalczykOfficial,R,House,GA,GA-09,False,193,0.4248704663212435,0.994919597390574
C0239,Uriel Northcutt,@UNorthcutt,D,House,GA,GA-10,True,74,0.081081081081081,0.996724855632456
C0240,Gustavo Wexford,@WexfordHQ,R,House,GA,GA-10,False,135,0.2814814814814815,0.9962485684242053
C0241,Marisol Lindqvist,@MarisolLindqvist2022,R,House,GA,GA-11,True,80,0.675,0.9969223818464567
C0242,Quincy Kowalczyk,@QuincyKowalczyk2022,D,House,GA,GA-12,True,249,0.180722891566265,0.9969354785313156
C0243,Yolanda Goodwin,@YGoodwin,R,House,GA,GA-12,False,125,0.136,0.9980717545332954
C0244,Tallulah Northcutt,@TallulahNorthcutt2022,D,House,GA,GA-13,False,142,0.1971830985915492,1.008356443906433
C0245,Emmett Lockhart,@EmmettLockhart2022,R,House,GA,GA-13,True,211,0.2464454976303317,0.989859520572113
C0246,Cormac Meriwether,@CormacMeriwether2022,D,House,GA,GA-14,True,76,0.1447368421052631,1.0117726024914704
C0247,Maeve Dunmore,@DunmoreHQ,R,House,GA,GA-14,False,460,0.3456521739130435,0.994140379118428
C0248,Wendell Yancey,@WYancey2022,D,House,HI,HI-01,False,117,0.2564102564102564,1.0120600723770166
C0249,York Eastwood,@YorkEastwood2022,R,House,HI,HI-01,True,41,0.1463414634146341,1.0011303032944674
C0250,Quincy Nakamura,@QuincyNakamura2022,D,House,HI,HI-02,True,48,0.5833333333333334,1.0113875392860472
C0251,Yolanda Oglesby,@YolandaOglesby2022,R,House,HI,HI-02,False,110,0.1,1.0023762996364358
C0252,Wendell Alcott,@WendellAlcott2022,D,House,ID,ID-01,False,105,0.1333333333333333,1.0031616991859882
C0253,Osric Meriwether,@OsricMeriwether2022,R,House,ID,ID-01,True,56,0.25,1.0007056815849225
C0254,Priya Whitlock,@PriyaWhitlock2022,D,House,ID,ID-02,False,160,0.075,1.0061026596410976
C0255,Nolan Prescott,@PrescottHQ,R,House,ID,ID-02,False,76,0.4342105263157895,0.9989148999563449
C0256,Colton Ostrander,@OstranderForCongress,D,House,IL,IL-01,True,38,0.1578947368421052,0.9939980734354735
C0257,Uriel Fairbanks,@UFairbanksOfficial,R,House,IL,IL-01,False,72,0.75,0.9913272260428603
C0258,Flora Oglesby,@FOglesby2022,R,House,IL,IL-02,False,32,0.46875,1.002099353245143
C0259,Emmett Zablocki,@EmmettZablocki2022,D,House,IL,IL-03,False,94,0.1382978723404255,1.000325935760433
C0260,Hattie Whitlock,@HattieWhitlock2022,R,House,IL,IL-03,True,83,0.6024096385542169,0.995457727897559
C0261,Opal Underhill,@OpalUnderhill2022,D,House,IL,IL-04,True,77,0.3766233766233766,1.0002968260602798
C0262,Vera Solberg,@VeraSolberg2022,R,House,IL,IL-04,False,174,0.3505747126436782,1.002993190615573
C0263,Opal Nakamura,@OpalNakamura2022,D,House,IL,IL-05,False,130,0.4923076923076923,1.0084370106680831
C0264,Uriel Oglesby,@UrielOglesby2022,R,House,IL,IL-05,True,99,0.404040404040404,0.9956407485019184
C0265,Hattie Jessup,@HattieJessup2022,D,House,IL,IL-06,False,215,0.6465116279069767,1.0113072417653262
C0266,York Goodwin,@YorkGoodwin2022,R,House,IL,IL-06,True,100,0.19,0.9936018559204731
C0267,Marisol Quintanilla,@MQuintanillaOfficial,D,House,IL,IL-07,False,46,0.217391304347826,1.0074520092761925
C0268,Paloma Eastwood,@PalomaEastwood2022,R,House,IL,IL-07,True,85,0.4117647058823529,0.9932667881078563
C0269,Jordan Falkner,@JFalkner,I,House,IL,IL-07,False,153,0.2156862745098039,0.9981454887912439
C0270,Cassidy Nakamura,@CassidyNakamura2022,D,House,IL,IL-08,True,54,0.4629629629629629,1.0100426771211903
C0271,Tallulah Pemberton,@TallulahPemberton2022,R,House,IL,IL-08,False,256,0.34375,0.9959073441984763
C0272,Junia Vasquez-Reed,@JVasquezReedOfficial,D,House,IL,IL-09,True,113,0.1946902654867256,1.0037228782859593
C0273,Ramona Yarborough,@RYarboroughOfficial,R,House,IL,IL-09,False,66,0.3787878787878788,0.9941588941805566
C0274,Deshawn Granger,@DeshawnGranger2022,D,House,IL,IL-10,False,96,0.15625,1.0061689181994125
C0275,Kip Ashford,@KAshford2022,R,House,IL,IL-10,True,97,0.5154639175257731,0.998599962943751
C0276,Emmett Oglesby,@OglesbyForCongress,D,House,IL,IL-11,False,25,0.04,0.9992852239180557
C0277,Bettina Okafor,@BettinaOkafor2022,R,House,IL,IL-11,True,128,0.109375,0.9959516839125047
C0278,York Marchetti,@YMarchettiOfficial,R,House,IL,IL-12,True,36,0.25,1.0030063605941377
C0279,Kip Granger,@KipGranger2022,D,House,IL,IL-13,True,184,0.125,1.007713049046273
C0280,Celeste Bickford,@CelesteBickford2022,R,House,IL,IL-13,False,63,0.0634920634920634,1.0013103704636122
C0281,Deshawn Crowder,@DCrowder,D,House,IL,IL-14,True,100,0.31,1.0083211905452316
C0282,Emmett Pemberton,@PembertonHQ,R,House,IL,IL-14,False,29,0.3103448275862069,0.9987254678534428
C0283,Cassidy Granger,@CassidyGranger2022,D,House,IL,IL-15,False,44,0.3181818181818182,1.006655550448013
C0284,Farrah Solberg,@FarrahSolberg2022,R,House,IL,IL-15,False,244,0.3688524590163934,0.9972387646631194
C0285,Vivienne Villanueva,@VVillanueva,D,House,IL,IL-16,True,56,0.0535714285714285,0.9994946080686231
C0286,Kendall Whitlock,@KendallWhitlock2022,R,House,IL,IL-16,False,118,0.1610169491525423,0.99281887665006
C0287,Lavinia Bramble,@LaviniaBramble2022,D,House,IL,IL-17,True,94,0.3404255319148936,0.9948824934839492
C0288,Harlan Kowalczyk,@HarlanKowalczyk2022,R,House,IL,IL-17,False,69,0.072463768115942,0.9994517827795212
C0289,Grant Thackeray,@GrantThackeray2022,R,House,IN,IN-01,True,83,0.3734939759036144,0.9972563160501692
C0290,Lorenzo Ellingson,@LEllingson,D,House,IN,IN-02,False,92,0.1413043478260869,1.0054378075395245
C0291,Jocelyn Meriwether,@Meriwether4Congress,D,House,IN,IN-03,False,161,0.1304347826086956,1.0019499061300357
C0292,Jordan Goodwin,@GoodwinHQ,D,House,IN,IN-04,False,97,0.2371134020618556,1.000917665113267
C0293,Wendell Vandermeer,@WVandermeerOfficial,R,House,IN,IN-04,True,72,0.1111111111111111,0.996386018824844
C0294,Harlan Solberg,@HarlanSolberg2022,D,House,IN,IN-05,True,124,0.4677419354838709,1.0055679405136857
C0295,Vivienne Ellingson,@VivienneEllingson2022,R,House,IN,IN-05,False,123,0.2113821138211382,0.9964649029593443
C0296,Cassidy Meriwether,@MeriwetherForCongress,D,House,IN,IN-06,False,68,0.2058823529411764,1.0038653291888804
C0297,Grant Tunstall,@GrantTunstall2022,R,House,IN,IN-06,False,50,0.14,0.9978030287451128
C0298,Marisol Jessup,@MJessup,D,House,IN,IN-07,False,115,0.0347826086956521,0.9958080433229649
C0299,Tobias Quimby,@TQuimby2022,R,House,IN,IN-07,False,49,0.1224489795918367,0.996162341373117
C0300,Harlan Jessup,@HarlanJessup2022,D,House,IN,IN-08,False,172,0.4069767441860465,1.0101415172031056
C0301,Farrah Crowder,@FCrowder,R,House,IN,IN-08,True,214,0.1822429906542056,0.997546287826601
C0302,Anders Stanfield,@AStanfield,D,House,IN,IN-09,False,168,0.1309523809523809,1.0045745635705308
C0303,Uriel Stanfield,@UrielStanfield2022,R,House,IN,IN-09,True,86,0.1046511627906976,0.9997292403523367
C0304,Osric Whitlock,@OWhitlockOfficial,D,House,IA,IA-01,False,45,0.1777777777777777,1.0031267041060963
C0305,Ramona Ashford,@Ashford4Congress,R,House,IA,IA-01,True,147,0.3945578231292517,0.9941475325121506
C0306,Elena Ibarra,@ElenaIbarra2022,D,House,IA,IA-02,True,55,0.0909090909090909,0.9976737462052583
C0307,Tamika Sandoval,@TamikaSandoval2022,R,House,IA,IA-02,False,123,0.6422764227642277,0.9934533350560146
C0308,Wendell Pemberton,@WendellPemberton2022,D,House,IA,IA-03,True,46,0.108695652173913,1.0012633443590835
C0309,Celeste Zablocki,@CelesteZablocki2022,R,House,IA,IA-03,False,42,0.3095238095238095,0.9953245105606611
C0310,Renata Falkner,@RFalkner2022,D,House,IA,IA-04,True,134,0.3805970149253731,1.0099955835626844
C0311,Lucille Nakamura,@LNakamura,R,House,IA,IA-04,False,174,0.1896551724137931,0.9972274174112469
C0312,Henrietta Ravenscroft,@HRavenscroft2022,I,House,IA,IA-04,False,42,0.6666666666666666,1.0057982951161093
C0313,Silas Holloway,@HollowayHQ,D,House,KS,KS-01,False,50,0.3,1.0028161531503799
C0314,Lucille Ashford,@AshfordHQ,R,House,KS,KS-01,True,62,0.2419354838709677,0.999421138139353
C0315,Marisol Marchetti,@MMarchettiOfficial,I,House,KS,KS-01,False,63,0.1746031746031746,1.0026605411387155
C0316,Yolanda Bickford,@BickfordHQ,R,House,KS,KS-02,True,111,0.2882882882882883,0.9969656746501623
C0317,Boyd Vandermeer,@BoydVandermeer2022,I,House,KS,KS-02,False,185,0.1243243243243243,0.9928422818528372
C0318,Noemi Hargrove,@HargroveForCongress,R,House,KS,KS-03,True,135,0.1925925925925926,0.9944688475772758
C0319,Nadia Thackeray,@NadiaThackeray2022,D,House,KS,KS-04,True,72,0.0694444444444444,1.004669224298103
C0320,Ingrid Northcutt,@NorthcuttForCongress,R,House,KS,KS-04,False,112,0.3839285714285714,1.0029278888516322
C0321,Nolan Crowder,@NCrowder,D,House,KY,KY-01,False,159,0.1949685534591195,1.0028498867806193
C0322,Zelda Oglesby,@ZeldaOglesby2022,R,House,KY,KY-01,False,112,0.5357142857142857,0.9992127999067417
C0323,Tobias Zielinski,@TZielinskiOfficial,D,House,KY,KY-02,True,161,0.3167701863354037,1.0022904424893513
C0324,Rosalind Oglesby,@RosalindOglesby2022,R,House,KY,KY-02,False,22,0.3181818181818182,1.0017920231106328
C0325,Russell Falkner,@RussellFalkner2022,D,House,KY,KY-03,True,88,0.2613636363636363,1.010689752064465
C0326,Emmett Vasquez-Reed,@VasquezReed4Congress,R,House,KY,KY-03,False,74,0.081081081081081,1.0019540740292063
C0327,Vivienne Eastwood,@EastwoodForCongress,R,House,KY,KY-04,True,73,0.4246575342465753,0.9939678887243408
C0328,Elena Pemberton,@EPembertonOfficial,D,House,KY,KY-05,False,114,0.2456140350877192,1.0050406551858797
C0329,Nadia Quimby,@NadiaQuimby2022,R,House,KY,KY-05,False,61,0.6229508196721312,0.9941278090329809
C0330,Henrietta Pemberton,@HenriettaPemberton2022,D,House,KY,KY-06,False,245,0.436734693877551,1.0122677126724633
C0331,Tamika Jankowski,@JankowskiHQ,R,House,KY,KY-06,True,149,0.3154362416107382,1.0001739230247695
C0332,Uriel Xiong,@Xiong4Congress,R,House,LA,LA-01,False,55,0.4363636363636363,0.9929970864744067
C0333,Jordan Prescott,@JPrescott,D,House,LA,LA-02,True,128,0.203125,1.000006578916835
C0334,Kip Zielinski,@KipZielinski2022,R,House,LA,LA-02,False,53,0.0943396226415094,0.9952527686855731
C0335,Rosalind Whitlock,@Whitlock4Congress,D,House,LA,LA-03,True,79,0.2531645569620253,1.0082017874284057
C0336,Quincy Marchetti,@QuincyMarchetti2022,R,House,LA,LA-03,False,79,0.3164556962025316,0.9961412322073968
C0337,Opal Prescott,@OpalPrescott2022,D,House,LA,LA-04,True,91,0.3296703296703296,1.0071029300397627
C0338,Kip Rutledge,@KipRutledge2022,R,House,LA,LA-04,False,75,0.2666666666666666,1.000563671621646
C0339,Cassidy Dunmore,@CDunmore,D,House,LA,LA-05,True,87,0.4022988505747126,1.0010742147535583
C0340,Silas Granger,@SilasGranger2022,R,House,LA,LA-05,False,34,0.0294117647058823,1.0001418862989189
C0341,Vera Vasquez-Reed,@VasquezReedForCongress,D,House,LA,LA-06,False,69,0.2028985507246377,1.010278323139393
C0342,Yolanda Wexford,@YWexfordOfficial,R,House,LA,LA-06,True,232,0.2456896551724137,0.9977174562111886
C0343,Bettina Oglesby,@BettinaOglesby2022,D,House,ME,ME-01,False,112,0.1517857142857142,1.0087846161764413
C0344,Elena Villanueva,@ElenaVillanueva2022,R,House,ME,ME-02,True,80,0.4375,0.9939661312668499
C0345,Harlan Holloway,@HHolloway2022,D,House,MD,MD-01,False,55,0.3454545454545454,1.0007048614733511
C0346,Ivan Oglesby,@IvanOglesby2022,R,House,MD,MD-01,True,84,0.238095238095238,0.9923718021329055
C0347,Nolan Alcott,@NAlcott,D,House,MD,MD-02,False,107,0.2710280373831775,0.9991441443448473
C0348,York Calloway,@YorkCalloway2022,R,House,MD,MD-02,True,103,0.1650485436893204,0.9944126432078374
C0349,Elena Yancey,@EYanceyOfficial,D,House,MD,MD-03,True,104,0.3461538461538461,1.0086242535037702
C0350,Dexter Barrows,@DexterBarrows2022,R,House,MD,MD-03,False,51,0.196078431372549,0.9953468256198158
C0351,Sterling Jankowski,@SJankowski,D,House,MD,MD-04,False,71,0.7323943661971831,1.005278723864868
C0352,Ivan Lindqvist,@Lindqvist4Congress,R,House,MD,MD-04,False,246,0.2439024390243902,0.9928512864114617
C0353,Rosalind Tremblay,@Tremblay4Congress,R,House,MD,MD-05,True,89,0.1573033707865168,0.9939341280659708
C0354,Walker Renwick,@WalkerRenwick2022,D,House,MD,MD-06,True,86,0.1162790697674418,1.0041069556773887
C0355,Petra Delacroix,@PDelacroixOfficial,D,House,MD,MD-07,False,100,0.42,1.001128840422992
C0356,Noemi Renwick,@NRenwick2022,R,House,MD,MD-07,True,85,0.4352941176470588,0.9940979593296024
C0357,Grant Zablocki,@GZablockiOfficial,D,House,MD,MD-08,False,109,0.2018348623853211,1.005920672825215
C0358,Deshawn Barrows,@DBarrowsOfficial,R,House,MD,MD-08,False,161,0.2919254658385093,0.9937364211914981
C0359,Dexter Ostrander,@DOstrander,D,House,MA,MA-01,True,127,0.1417322834645669,1.0000428902699514
C0360,Uriel Okafor,@UrielOkafor2022,R,House,MA,MA-01,False,57,0.2456140350877192,0.9982138072934813
C0361,Petra Palafox,@PetraPalafox2022,D,House,MA,MA-02,True,27,0.0,1.0046220056472257
C0362,Junia Granger,@JGrangerOfficial,R,House,MA,MA-02,False,175,0.2171428571428571,0.9936479660496653
C0363,Celeste Delacroix,@CelesteDelacroix2022,D,House,MA,MA-03,False,501,0.1976047904191616,1.0050781078570528
C0364,Dexter Quintanilla,@QuintanillaForCongress,R,House,MA,MA-03,False,160,0.06875,0.9940892893364423
C0365,Zelda Yarborough,@ZYarboroughOfficial,D,House,MA,MA-04,True,35,0.1428571428571428,1.0031465457885667
C0366,Celeste Marchetti,@CMarchetti,R,House,MA,MA-04,False,151,0.4635761589403973,1.003189684722259
C0367,Russell Ivester,@IvesterForCongress,D,House,MA,MA-05,False,119,0.134453781512605,1.0066343935014337
C0368,Lavinia Jessup,@LJessup2022,R,House,MA,MA-05,True,141,0.2695035460992908,0.9920900388026036
C0369,Maeve Ostrander,@OstranderHQ,D,House,MA,MA-06,False,233,0.2746781115879828,1.0087626779596028
C0370,Kendall Eastwood,@KendallEastwood2022,R,House,MA,MA-06,True,209,0.215311004784689,0.9954435517363963
C0371,Jocelyn Rutledge,@JocelynRutledge2022,I,House,MA,MA-06,False,110,0.2818181818181818,0.999424078247555
C0372,Cassidy Winterbourne,@CassidyWinterbourne2022,D,House,MA,MA-07,True,42,0.0952380952380952,1.0069729900040905
C0373,Maeve Ivester,@MIvester,R,House,MA,MA-07,False,83,0.1325301204819277,0.9985899112162631
C0374,Jocelyn Goodwin,@JGoodwin,D,House,MA,MA-08,False,158,0.1012658227848101,0.9993004506941857
C0375,Lorenzo Fairbanks,@LFairbanks,R,House,MA,MA-08,True,121,0.4710743801652892,0.9937217683380998
C0376,Farrah Bramble,@FBramble2022,D,House,MA,MA-09,False,93,0.0967741935483871,0.9993283798433098
C0377,Rosalind Vandermeer,@VandermeerHQ,R,House,MA,MA-09,False,80,0.3,1.0004567755155536
C0378,Maeve Prescott,@MaevePrescott2022,R,House,MI,MI-01,True,157,0.3312101910828025,0.9937180539241628
C0379,Farrah Northcutt,@FarrahNorthcutt2022,D,House,MI,MI-02,False,125,0.288,1.0072109255131518
C0380,Walker Barrows,@BarrowsHQ,R,House,MI,MI-02,True,122,0.1885245901639344,0.9974503274869635
C0381,Ulysses Goodwin,@UGoodwin,D,House,MI,MI-03,False,84,0.1904761904761904,1.0027263642528907
C0382,Lorenzo Thackeray,@LThackeray,R,House,MI,MI-03,True,193,0.5233160621761658,0.9924011542754291
C0383,Delphine Alcott,@DelphineAlcott2022,D,House,MI,MI-04,True,106,0.0943396226415094,1.0025824639379444
C0384,Delphine Okafor,@DelphineOkafor2022,R,House,MI,MI-04,False,60,0.3833333333333333,0.9914697991738805
C0385,Omar Bramble,@OmarBramble2022,D,House,MI,MI-05,False,68,0.5,1.0145106131122357
C0386,Harlan Vandermeer,@Vandermeer4Congress,R,House,MI,MI-05,True,31,0.1935483870967742,1.0025135851128013
C0387,Dexter Ashford,@DexterAshford2022,R,House,MI,MI-06,True,111,0.2342342342342342,0.999737214320946
C0388,Mordecai Villanueva,@MordecaiVillanueva2022,I,House,MI,MI-06,False,46,0.1304347826086956,0.9984912515435046
C0389,Zelda Quintanilla,@ZeldaQuintanilla2022,D,House,MI,MI-07,True,54,0.5185185185185185,1.00665008938474
C0390,Paloma Nakamura,@PalomaNakamura2022,R,House,MI,MI-07,False,95,0.2736842105263158,1.00054368208648
C0391,Ignatius Dunmore,@Dunmore4Congress,D,House,MI,MI-08,True,157,0.3949044585987261,1.007871521681693
C0392,Colton Yancey,@CYanceyOfficial,R,House,MI,MI-08,False,168,0.1904761904761904,0.993360957417611
C0393,Kip Stanfield,@Stanfield4Congress,D,House,MI,MI-09,True,36,0.3055555555555556,0.9993658980314568
C0394,Celeste Underhill,@CUnderhill,R,House,MI,MI-09,False,266,0.4473684210526316,0.9975135575227608
C0395,Ramona Jessup,@RamonaJessup2022,D,House,MI,MI-10,False,83,0.0963855421686747,1.0002196951264806
C0396,Emmett Zielinski,@EZielinski,R,House,MI,MI-10,True,136,0.2573529411764705,0.9982420363775765
C0397,Petra Vasquez-Reed,@PetraVasquezReed2022,D,House,MI,MI-11,False,80,0.375,1.0082124016288043
C0398,Hattie Xiong,@HXiongOfficial,R,House,MI,MI-11,True,40,0.05,1.0043860573593095
C0399,Quincy Bickford,@BickfordForCongress,D,House,MI,MI-12,False,148,0.1621621621621621,0.9983582965582304
C0400,Priya Quintanilla,@PQuintanilla2022,R,House,MI,MI-12,False,66,0.4242424242424242,0.9962537776348158
C0401,Flora Fairbanks,@FloraFairbanks2022,R,House,MI,MI-13,False,227,0.066079295154185,0.9969175528041769
C0402,Deshawn Jankowski,@DeshawnJankowski2022,D,House,MN,MN-01,True,137,0.0875912408759124,1.0032545774724007
C0403,Nolan Tunstall,@NolanTunstall2022,R,House,MN,MN-01,False,88,0.3181818181818182,0.9943815927627752
C0404,Bettina Vandermeer,@BettinaVandermeer2022,D,House,MN,MN-02,False,128,0.5234375,1.0014304248439476
C0405,Gustavo Jessup,@GustavoJessup2022,R,House,MN,MN-02,False,180,0.1777777777777777,0.99664818202991
C0406,Silas Nakamura,@SNakamura2022,D,House,MN,MN-03,True,71,0.2816901408450704,1.0099046397980371
C0407,Quentin Fairbanks,@Fairbanks4Congress,R,House,MN,MN-03,False,158,0.1772151898734177,0.9997869972595539
C0408,Harlan Whitlock,@HarlanWhitlock2022,D,House,MN,MN-04,True,46,0.0,1.0082019592570253
C0409,Lavinia Zablocki,@LZablocki2022,R,House,MN,MN-04,False,85,0.1058823529411764,0.9971994837865911
C0410,Marcus Ivester,@MIvesterOfficial,D,House,MN,MN-05,False,101,0.2475247524752475,1.0055000785722208
C0411,Vera Goodwin,@VeraGoodwin2022,R,House,MN,MN-05,True,113,0.4513274336283185,1.0020324901099804
C0412,Ivan Bickford,@IBickford,D,House,MN,MN-06,True,208,0.3701923076923077,0.9950593696232533
C0413,Boyd Vasquez-Reed,@VasquezReedHQ,R,House,MN,MN-06,False,67,0.2686567164179104,0.9971371446523831
C0414,Walker Ashford,@WalkerAshford2022,D,House,MN,MN-07,True,275,0.2036363636363636,1.0041142131655807
C0415,Ingrid Yancey,@IYancey,R,House,MN,MN-07,False,200,0.065,1.0002674232527633
C0416,Ezra Zielinski,@EZielinskiOfficial,D,House,MN,MN-08,True,67,0.4626865671641791,1.0025556353383018
C0417,Dexter Northcutt,@DexterNorthcutt2022,R,House,MN,MN-08,False,71,0.323943661971831,0.9996311946537199
C0418,Anders Granger,@AGrangerOfficial,D,House,MS,MS-01,False,81,0.1728395061728395,1.0041653627792355
C0419,Pete Underhill,@PUnderhill,R,House,MS,MS-01,True,91,0.3736263736263736,0.9963957910069644
C0420,Yolanda Ashford,@AshfordForCongress,D,House,MS,MS-02,True,178,0.2584269662921348,1.0056359927541603
C0421,Boyd Goodwin,@Goodwin4Congress,R,House,MS,MS-02,False,44,0.2045454545454545,0.9972737519326144
C0422,Avery Fairbanks,@AveryFairbanks2022,D,House,MS,MS-03,True,90,0.2,1.0028079893006137
C0423,Omar Abernathy,@OmarAbernathy2022,R,House,MS,MS-03,False,146,0.0547945205479452,0.9951207229706487
C0424,Walker Dunmore,@DunmoreForCongress,D,House,MS,MS-04,False,56,0.0357142857142857,0.9993542212230463
C0425,Tobias Tremblay,@TremblayHQ,R,House,MS,MS-04,False,81,0.4814814814814814,0.9938377948356469
C0426,Junia Ostrander,@JuniaOstrander2022,D,House,MO,MO-01,False,88,0.2954545454545454,1.0044814341718566
C0427,Lorenzo Quimby,@LorenzoQuimby2022,R,House,MO,MO-01,True,126,0.0476190476190476,0.996934481143327
C0428,Bettina Rutledge,@BettinaRutledge2022,D,House,MO,MO-02,True,316,0.3164556962025316,1.0057274529606801
C0429,Omar Ravenscroft,@OmarRavenscroft2022,R,House,MO,MO-02,False,90,0.0666666666666666,1.0017157449245577
C0430,Junia Zablocki,@JuniaZablocki2022,I,House,MO,MO-02,False,392,0.5663265306122449,0.9942207632363923
C0431,Cassidy Vandermeer,@CVandermeerOfficial,D,House,MO,MO-03,False,226,0.1548672566371681,1.0017693546073725
C0432,Osric Goodwin,@OsricGoodwin2022,R,House,MO,MO-03,False,86,0.3604651162790697,0.9926456655571093
C0433,Ezra Yarborough,@YarboroughForCongress,D,House,MO,MO-04,False,48,0.2291666666666666,1.0017123158944627
C0434,Vera Abernathy,@VAbernathy2022,R,House,MO,MO-04,True,88,0.6590909090909091,0.9919420144954681
C0435,Sterling Calloway,@SCalloway,D,House,MO,MO-05,False,219,0.6118721461187214,1.0100656860956567
C0436,Thea Abernathy,@TAbernathy,R,House,MO,MO-05,False,180,0.2277777777777777,1.0002447323749406
C0437,Cassidy Kettering,@CKettering2022,D,House,MO,MO-06,False,103,0.3495145631067961,1.0025140780532198
C0438,Tamika Lindqvist,@TamikaLindqvist2022,R,House,MO,MO-06,False,108,0.2222222222222222,0.998812784226003
C0439,Ingrid Bickford,@Bickford4Congress,D,House,MO,MO-07,True,158,0.2151898734177215,1.0088337202124735
C0440,Hattie Yancey,@Yancey4Congress,R,House,MO,MO-07,False,237,0.1350210970464135,1.0009422651985775
C0441,Ximena Jankowski,@Jankowski4Congress,D,House,MO,MO-08,True,164,0.5304878048780488,1.0104998071213964
C0442,Uriel Alcott,@UAlcott,R,House,MO,MO-08,False,137,0.2262773722627737,0.995259209019099
C0443,Petra Goodwin,@PetraGoodwin2022,D,House,MT,MT-01,False,171,0.2280701754385964,1.0065845029176739
C0444,Uriel Rutledge,@URutledge,R,House,MT,MT-01,True,343,0.151603498542274,0.9969482718357403
C0445,Gideon Goodwin,@GGoodwin,I,House,MT,MT-01,False,90,0.1777777777777777,1.0044319209822528
C0446,Simone Umbridge,@SUmbridge2022,D,House,MT,MT-02,False,118,0.1694915254237288,0.9977535105803063
C0447,Hattie Quintanilla,@HQuintanilla2022,R,House,MT,MT-02,False,250,0.28,0.9895326705782452
C0448,Flora Okafor,@FOkafor,D,House,NE,NE-01,False,93,0.0967741935483871,1.0071404022759256
C0449,Ulysses Calloway,@UlyssesCalloway2022,R,House,NE,NE-01,True,55,0.3454545454545454,0.9986846650087706
C0450,Nadia Bramble,@NBramble2022,D,House,NE,NE-02,False,315,0.0952380952380952,0.9988165151977967
C0451,Marisol Quimby,@MQuimbyOfficial,R,House,NE,NE-02,True,96,0.28125,0.9992800028952197
C0452,Lucille Zielinski,@ZielinskiHQ,D,House,NE,NE-03,True,95,0.3052631578947368,0.9987831921921084
C0453,Omar Yarborough,@OYarborough,R,House,NE,NE-03,False,199,0.4673366834170854,0.9963798712331893
C0454,Nolan Stanfield,@NolanStanfield2022,D,House,NV,NV-01,False,139,0.2661870503597122,1.0085602591768503
C0455,Deshawn Bramble,@DBrambleOfficial,R,House,NV,NV-01,True,98,0.3877551020408163,0.998147357523814
C0456,Uriel Umbridge,@UrielUmbridge2022,D,House,NV,NV-02,True,392,0.4081632653061224,1.0094747941039701
C0457,Marcus Jankowski,@MarcusJankowski2022,R,House,NV,NV-02,False,107,0.02803738317757,0.9988961478750847
C0458,Avery Bickford,@AveryBickford2022,D,House,NV,NV-03,True,82,0.2804878048780488,1.0097636648046633
C0459,Lorenzo Solberg,@LSolbergOfficial,R,House,NV,NV-03,False,107,0.3271028037383177,0.9922227024617174
C0460,Walker Winterbourne,@WalkerWinterbourne2022,I,House,NV,NV-03,False,166,0.0301204819277108,0.9949648319864299
C0461,Russell Vandermeer,@RVandermeerOfficial,D,House,NV,NV-04,True,137,0.437956204379562,1.0072682021171522
C0462,Nolan Vasquez-Reed,@NolanVasquezReed2022,R,House,NV,NV-04,False,69,0.3623188405797101,1.0025965779400114
C0463,Ulysses Ashford,@UAshford2022,D,House,NH,NH-01,True,110,0.3272727272727272,1.001869207702878
C0464,Cormac Northcutt,@CormacNorthcutt2022,R,House,NH,NH-01,False,85,0.2588235294117647,0.9963522867693728
C0465,Flora Barrows,@FBarrowsOfficial,D,House,NH,NH-02,False,131,0.5267175572519084,1.006429610602482
C0466,Gideon Falkner,@FalknerForCongress,R,House,NH,NH-02,True,163,0.2392638036809816,1.0015282557953096
C0467,Omar Oglesby,@OmarOglesby2022,D,House,NJ,NJ-01,False,103,0.0970873786407767,0.9991333094407605
C0468,Tamika Bramble,@TamikaBramble2022,R,House,NJ,NJ-01,True,194,0.0979381443298969,0.9996306635970571
C0469,Nadia Okafor,@NadiaOkafor2022,D,House,NJ,NJ-02,True,91,0.3406593406593406,1.0064397021476836
C0470,Ximena Renwick,@XRenwick,R,House,NJ,NJ-02,False,76,0.1710526315789473,0.9974607581319787
C0471,Vivienne Barrows,@VBarrowsOfficial,D,House,NJ,NJ-03,True,186,0.053763440860215,0.9977432554319631
C0472,Jocelyn Eastwood,@EastwoodHQ,R,House,NJ,NJ-03,False,168,0.3035714285714285,0.9965506242181636
C0473,Lavinia Ellingson,@LaviniaEllingson2022,D,House,NJ,NJ-04,True,303,0.1056105610561056,1.0066667370886897
C0474,Renata Kowalczyk,@RenataKowalczyk2022,R,House,NJ,NJ-04,False,17,0.4117647058823529,0.9974070284421243
C0475,Kendall Quimby,@KQuimby2022,D,House,NJ,NJ-05,False,84,0.4166666666666667,1.008256496893151
C0476,Osric Calloway,@CallowayForCongress,R,House,NJ,NJ-05,False,75,0.2533333333333333,0.9945649246968468
C0477,Jordan Zielinski,@Zielinski4Congress,D,House,NJ,NJ-06,False,94,0.2340425531914893,1.005540747442102
C0478,Kendall Crowder,@KCrowder,R,House,NJ,NJ-06,True,121,0.1818181818181818,1.0034293598571964
C0479,Nadia Zielinski,@NadiaZielinski2022,D,House,NJ,NJ-07,False,134,0.4626865671641791,1.009751047413883
C0480,Lorenzo Ivester,@LIvester2022,R,House,NJ,NJ-07,False,87,0.1149425287356321,0.9976800997946826
C0481,Pete Lindqvist,@PLindqvistOfficial,D,House,NJ,NJ-08,False,120,0.0583333333333333,1.0011470075330384
C0482,Silas Okafor,@SOkaforOfficial,R,House,NJ,NJ-08,False,118,0.3983050847457627,0.9942107496465836
C0483,York Tunstall,@YTunstall2022,D,House,NJ,NJ-09,True,46,0.0217391304347826,1.0005493788950233
C0484,Ramona Lockhart,@RamonaLockhart2022,R,House,NJ,NJ-09,False,77,0.5454545454545454,0.9941625221729201
C0485,Zelda Crowder,@ZeldaCrowder2022,D,House,NJ,NJ-10,True,284,0.2147887323943662,1.0107671998319951
C0486,Noemi Ivester,@NoemiIvester2022,R,House,NJ,NJ-10,False,77,0.1038961038961039,0.9961061183493635
C0487,Noemi Ravenscroft,@RavenscroftHQ,D,House,NJ,NJ-11,True,92,0.2826086956521739,0.996783793172432
C0488,Simone Rutledge,@SimoneRutledge2022,R,House,NJ,NJ-11,False,111,0.1891891891891892,0.993136711985502
C0489,Harlan Nakamura,@HNakamuraOfficial,D,House,NJ,NJ-12,False,102,0.0686274509803921,1.0029726241537902
C0490,Quincy Northcutt,@Northcutt4Congress,R,House,NJ,NJ-12,False,183,0.4590163934426229,0.9942922949519353
C0491,Nolan Villanueva,@NVillanueva,D,House,NM,NM-01,False,70,0.2,1.0051562798148064
C0492,Flora Dunmore,@FDunmore,R,House,NM,NM-01,True,258,0.3875968992248062,0.9980243659745061
C0493,Pete Barrows,@PeteBarrows2022,D,House,NM,NM-02,False,45,0.4888888888888889,1.0078111779410177
C0494,Ramona Eastwood,@Eastwood4Congress,R,House,NM,NM-02,True,69,0.1014492753623188,0.9945537941049813
C0495,Harlan Ibarra,@HarlanIbarra2022,D,House,NM,NM-03,False,194,0.5103092783505154,1.0108418888862345
C0496,Ignatius Sandoval,@IgnatiusSandoval2022,R,House,NM,NM-03,True,95,0.1789473684210526,1.0012282801325474
C0497,Zelda Nakamura,@ZeldaNakamura2022,I,House,NM,NM-03,False,131,0.2519083969465648,0.9953432932943979
C0498,Anders Abernathy,@AbernathyForCongress,D,House,NY,NY-01,False,142,0.1126760563380281,0.9975135214380257
C0499,Wendell Bickford,@WendellBickford2022,D,House,NY,NY-02,True,312,0.2916666666666667,1.007600415359251
C0500,Paloma Kowalczyk,@PalomaKowalczyk2022,R,House,NY,NY-02,False,109,0.1834862385321101,0.9969933672749481
C0501,Junia Quimby,@JuniaQuimby2022,D,House,NY,NY-03,True,116,0.6982758620689655,1.0126621593611154
C0502,York Jankowski,@YJankowskiOfficial,R,House,NY,NY-03,False,210,0.3380952380952381,0.9923037737795392
C0503,Colton Jessup,@CJessup,R,House,NY,NY-04,True,96,0.1875,0.9963876245796943
C0504,Elena Meriwether,@ElenaMeriwether2022,D,House,NY,NY-05,False,55,0.4363636363636363,1.0068030431168158
C0505,Ignatius Solberg,@IgnatiusSolberg2022,R,House,NY,NY-05,True,156,0.1282051282051282,1.0012500755679496
C0506,Opal Thackeray,@OThackeray,I,House,NY,NY-05,False,163,0.1349693251533742,1.0047000145670821
C0507,Harlan Lockhart,@HarlanLockhart2022,D,House,NY,NY-06,False,28,0.1785714285714285,1.0054738898006506
C0508,Petra Meriwether,@PetraMeriwether2022,R,House,NY,NY-06,True,97,0.0927835051546391,0.99996865876827
C0509,Deshawn Lockhart,@DeshawnLockhart2022,D,House,NY,NY-07,True,66,0.106060606060606,1.0035995572425351
C0510,Celeste Fairbanks,@CelesteFairbanks2022,R,House,NY,NY-07,False,62,0.2741935483870967,0.9949198562312198
C0511,Farrah Thackeray,@FarrahThackeray2022,D,House,NY,NY-08,False,299,0.2876254180602006,1.0025793924741955
C0512,Quentin Yancey,@QYancey,R,House,NY,NY-08,False,139,0.2805755395683453,0.9955671665407612
C0513,Tamika Bickford,@TamikaBickford2022,D,House,NY,NY-09,False,39,0.2051282051282051,1.0014648434313231
C0514,Nadia Lindqvist,@LindqvistForCongress,R,House,NY,NY-09,True,110,0.2,0.9967114422151806
C0515,York Bramble,@YorkBramble2022,D,House,NY,NY-10,True,46,0.391304347826087,1.0061184270467787
C0516,Osric Tunstall,@OsricTunstall2022,R,House,NY,NY-10,False,71,0.0704225352112676,0.9971131136494362
C0517,Lucille Underhill,@UnderhillForCongress,D,House,NY,NY-11,False,108,0.4444444444444444,1.0073893071254283
C0518,Quincy Sandoval,@QuincySandoval2022,R,House,NY,NY-11,True,229,0.1091703056768559,0.9977882290394743
C0519,Renata Ibarra,@Ibarra4Congress,D,House,NY,NY-12,False,90,0.2111111111111111,0.9983586965780958
C0520,Marisol Yarborough,@MarisolYarborough2022,R,House,NY,NY-12,False,135,0.2740740740740741,0.9933420407032805
C0521,Ingrid Crowder,@ICrowder2022,D,House,NY,NY-13,True,136,0.0661764705882353,1.006587258480812
C0522,Zelda Thackeray,@ZeldaThackeray2022,R,House,NY,NY-13,False,133,0.2932330827067669,0.996877079170798
C0523,Sterling Whitlock,@SterlingWhitlock2022,D,House,NY,NY-14,False,68,0.4117647058823529,1.0045814259654935
C0524,Ignatius Lindqvist,@IgnatiusLindqvist2022,R,House,NY,NY-14,True,81,0.0864197530864197,0.9997784372666405
C0525,Paloma Goodwin,@PalomaGoodwin2022,D,House,NY,NY-15,False,43,0.3488372093023256,1.007342417273191
C0526,Zelda Jankowski,@ZeldaJankowski2022,R,House,NY,NY-15,True,143,0.1958041958041958,0.9967252582197528
C0527,Sterling Nakamura,@SterlingNakamura2022,D,House,NY,NY-16,False,206,0.0776699029126213,0.9998266283493095
C0528,Tallulah Jessup,@TJessupOfficial,R,House,NY,NY-16,True,70,0.3142857142857143,0.998382991098349
C0529,Gustavo Umbridge,@GUmbridge2022,D,House,NY,NY-17,False,94,0.0319148936170212,1.0051904065704533
C0530,Gideon Yarborough,@GYarborough,R,House,NY,NY-17,True,159,0.1257861635220125,1.0000337977085754
C0531,Petra Yancey,@PYancey,D,House,NY,NY-18,True,87,0.1839080459770115,1.002603051656666
C0532,Emmett Solberg,@EmmettSolberg2022,R,House,NY,NY-18,False,37,0.6486486486486487,0.9996375316908898
C0533,Pete Dunmore,@PDunmoreOfficial,D,House,NY,NY-19,False,263,0.2889733840304182,1.00986016993871
C0534,Vera Falkner,@VeraFalkner2022,R,House,NY,NY-19,False,189,0.5238095238095238,0.9920733962672178
C0535,Elena Bramble,@ElenaBramble2022,D,House,NY,NY-20,True,123,0.2439024390243902,1.0113617729192559
C0536,Ulysses Ostrander,@UlyssesOstrander2022,R,House,NY,NY-20,False,124,0.1693548387096774,0.9941644894490119
C0537,Henrietta Lockhart,@HLockhart2022,D,House,NY,NY-21,False,80,0.0625,1.0095667410927938
C0538,Ximena Bramble,@XimenaBramble2022,R,House,NY,NY-21,True,33,0.0303030303030303,0.9983725354619889
C0539,Russell Okafor,@OkaforForCongress,D,House,NY,NY-22,False,75,0.1466666666666666,1.0057016896559545
C0540,Cassidy Alcott,@CAlcott,R,House,NY,NY-22,True,71,0.352112676056338,0.9979496714405814
C0541,Omar Xiong,@OXiong2022,D,House,NY,NY-23,False,158,0.2658227848101265,1.0035573525122061
C0542,Uriel Falkner,@UrielFalkner2022,R,House,NY,NY-23,True,114,0.4736842105263157,0.9925535113075582
C0543,Flora Tunstall,@FTunstallOfficial,D,House,NY,NY-24,True,48,0.375,1.006571492483767
C0544,Ivan Pemberton,@IPembertonOfficial,R,House,NY,NY-24,False,48,0.2291666666666666,0.9951894010789506
C0545,Ezra Tunstall,@Tunstall4Congress,D,House,NY,NY-25,True,48,0.1041666666666666,1.003751299392326
C0546,Deshawn Kettering,@DeshawnKettering2022,R,House,NY,NY-25,False,152,0.0131578947368421,0.9986702214456388
C0547,Celeste Holloway,@CelesteHolloway2022,D,House,NY,NY-26,False,100,0.28,1.007584368001706
C0548,Gustavo Underhill,@GUnderhill2022,R,House,NY,NY-26,True,130,0.1692307692307692,0.9992930515494958
C0549,Petra Ibarra,@PetraIbarra2022,D,House,NC,NC-01,True,59,0.3559322033898305,1.007419303370746
C0550,Marisol Holloway,@Holloway4Congress,R,House,NC,NC-01,False,141,0.3120567375886525,0.9959908409762557
C0551,Jocelyn Abernathy,@JocelynAbernathy2022,D,House,NC,NC-02,False,281,0.2419928825622775,1.0065082838991941
C0552,Elena Winterbourne,@EWinterbourneOfficial,R,House,NC,NC-02,False,40,0.45,0.9960869275233146
C0553,Gideon Thackeray,@GideonThackeray2022,R,House,NC,NC-03,True,78,0.1794871794871795,0.9977319992162877
C0554,Tobias Ostrander,@TOstrander,D,House,NC,NC-04,False,251,0.2749003984063745,1.0062153758980152
C0555,Henrietta Xiong,@XiongForCongress,R,House,NC,NC-04,False,116,0.043103448275862,0.9985285805549942
C0556,Bettina Falkner,@BettinaFalkner2022,D,House,NC,NC-05,True,121,0.2892561983471074,1.003771861313215
C0557,Celeste Oglesby,@CelesteOglesby2022,R,House,NC,NC-05,False,39,0.0769230769230769,0.9976892620866348
C0558,Celeste Meriwether,@CelesteMeriwether2022,D,House,NC,NC-06,False,80,0.3375,1.0057579314301612
C0559,Hattie Yarborough,@HattieYarborough2022,R,House,NC,NC-06,True,89,0.2247191011235955,0.9926896885220227
C0560,Colton Kettering,@CKetteringOfficial,D,House,NC,NC-07,False,212,0.3066037735849056,1.0102445438699985
C0561,Renata Yancey,@RenataYancey2022,R,House,NC,NC-07,False,111,0.3873873873873873,1.0007042987269028
C0562,Sterling Ravenscroft,@SRavenscroft2022,R,House,NC,NC-08,True,286,0.1468531468531468,0.9947539857278539
C0563,Ivan Winterbourne,@IWinterbourne2022,D,House,NC,NC-09,False,230,0.2652173913043478,1.0064096782513134
C0564,Farrah Pemberton,@FPembertonOfficial,R,House,NC,NC-09,False,71,0.2394366197183098,0.9973371529347586
C0565,Henrietta Jankowski,@HJankowski2022,D,House,NC,NC-10,True,83,0.1325301204819277,0.9993394090114656
C0566,Rosalind Villanueva,@Villanueva4Congress,R,House,NC,NC-10,False,97,0.1752577319587628,1.000071061368359
C0567,Maeve Villanueva,@VillanuevaForCongress,D,House,NC,NC-11,False,177,0.0112994350282485,1.0060687526751433
C0568,Walker Oglesby,@WOglesbyOfficial,R,House,NC,NC-11,False,41,0.1463414634146341,0.9990160130850875
C0569,Elena Ashford,@EAshford2022,D,House,NC,NC-12,False,185,0.2486486486486486,1.001680441266867
C0570,Bettina Zielinski,@BettinaZielinski2022,R,House,NC,NC-12,True,37,0.1891891891891892,1.001292846782938
C0571,Ivan Barrows,@IBarrowsOfficial,D,House,NC,NC-13,True,107,0.0560747663551401,1.0035168368794096
C0572,Noemi Dunmore,@NDunmore,R,House,NC,NC-13,False,147,0.2108843537414966,1.0000912181086625
C0573,Henrietta Whitlock,@HenriettaWhitlock2022,D,House,ND,ND-AL,False,116,0.2155172413793103,1.0054818649022292
C0574,Ulysses Rutledge,@URutledgeOfficial,R,House,ND,ND-AL,True,159,0.4779874213836478,0.9934380718124814
C0575,Vivienne Prescott,@ViviennePrescott2022,D,House,OH,OH-01,True,72,0.2638888888888889,1.0088168435928215
C0576,Nolan Dunmore,@NolanDunmore2022,R,House,OH,OH-01,False,297,0.5387205387205387,0.992688763838327
C0577,Cassidy Goodwin,@GoodwinForCongress,D,House,OH,OH-02,False,137,0.0875912408759124,1.0030917057378006
C0578,Anders Meriwether,@AMeriwether2022,R,House,OH,OH-02,True,80,0.15,1.0004033806270096
C0579,Bettina Thackeray,@BThackeray2022,D,House,OH,OH-03,True,73,0.4246575342465753,1.0084571235396624
C0580,Colton Jankowski,@CJankowski,R,House,OH,OH-03,False,64,0.046875,1.0022204625136177
C0581,Farrah Jankowski,@FJankowski2022,D,House,OH,OH-04,True,97,0.1752577319587628,1.0050468460625448
C0582,Celeste Xiong,@CelesteXiong2022,R,House,OH,OH-04,False,78,0.5769230769230769,0.9923195084754407
C0583,Silas Rutledge,@SRutledge,D,House,OH,OH-05,True,80,0.1125,1.0088822321477375
C0584,Anders Tremblay,@ATremblay,R,House,OH,OH-05,False,68,0.2794117647058823,0.9968571599581482
C0585,Renata Jessup,@RenataJessup2022,D,House,OH,OH-06,False,125,0.368,1.0053405352524754
C0586,Rosalind Falkner,@RFalknerOfficial,R,House,OH,OH-06,False,37,0.2432432432432432,0.9990726581074371
C0587,Deshawn Solberg,@DeshawnSolberg2022,D,House,OH,OH-07,False,151,0.2847682119205298,1.00765104989218
C0588,Marisol Xiong,@MarisolXiong2022,R,House,OH,OH-07,True,177,0.5254237288135594,0.9974339761307026
C0589,Quentin Rutledge,@QuentinRutledge2022,D,House,OH,OH-08,False,43,0.1627906976744186,1.0098792207271636
C0590,Wendell Ravenscroft,@Ravenscroft4Congress,R,House,OH,OH-08,True,132,0.0378787878787878,1.0012812186018534
C0591,Petra Oglesby,@PetraOglesby2022,D,House,OH,OH-09,False,52,0.1538461538461538,1.0124521904218566
C0592,Nolan Holloway,@NHollowayOfficial,R,House,OH,OH-09,True,87,0.2758620689655172,0.9949830464257591
C0593,Gustavo Goodwin,@GGoodwinOfficial,I,House,OH,OH-09,False,118,0.576271186440678,0.9909535037855807
C0594,Lucille Yarborough,@LYarborough2022,D,House,OH,OH-10,False,108,0.3333333333333333,1.0074619460389773
C0595,Thea Wexford,@Wexford4Congress,R,House,OH,OH-10,True,41,0.0975609756097561,0.998659121196738
C0596,Anders Tunstall,@ATunstall2022,D,House,OH,OH-11,False,140,0.2357142857142857,1.0047193551980949
C0597,Renata Palafox,@Palafox4Congress,R,House,OH,OH-11,True,25,0.52,1.004933232976751
C0598,Emmett Ravenscroft,@ERavenscroftOfficial,D,House,OH,OH-12,False,37,0.2162162162162162,1.006341088420052
C0599,Lavinia Kowalczyk,@LKowalczyk,R,House,OH,OH-12,True,40,0.475,0.9987571721434191
C0600,Simone Whitlock,@SWhitlock,D,House,OH,OH-13,False,151,0.271523178807947,1.0102253353231505
C0601,Elena Oglesby,@EOglesbyOfficial,R,House,OH,OH-13,False,57,0.2280701754385964,0.9989053928617097
C0602,Nolan Northcutt,@NNorthcuttOfficial,D,House,OH,OH-14,True,90,0.1666666666666666,1.0103543346630295
C0603,Ingrid Alcott,@IngridAlcott2022,R,House,OH,OH-14,False,62,0.1451612903225806,0.9975840382820965
C0604,Tallulah Whitlock,@TallulahWhitlock2022,D,House,OH,OH-15,True,41,0.1707317073170731,1.0012481992857993
C0605,Kendall Rutledge,@KendallRutledge2022,R,House,OH,OH-15,False,92,0.1304347826086956,0.9988093837632379
C0606,Silas Calloway,@SCalloway2022,I,House,OH,OH-15,False,54,0.3888888888888889,1.0059935547208798
C0607,Kendall Underhill,@KendallUnderhill2022,D,House,OK,OK-01,True,142,0.1338028169014084,1.0065111152718296
C0608,Quentin Ravenscroft,@QRavenscroft,R,House,OK,OK-01,False,211,0.0616113744075829,1.0000612491066112
C0609,Ulysses Zielinski,@UlyssesZielinski2022,R,House,OK,OK-02,True,101,0.2277227722772277,0.9978040391357602
C0610,Emmett Sandoval,@EmmettSandoval2022,D,House,OK,OK-03,True,53,0.4339622641509434,1.009012912905669
C0611,Henrietta Barrows,@HenriettaBarrows2022,R,House,OK,OK-03,False,179,0.3351955307262569,0.9935612836884342
C0612,Wendell Ivester,@WendellIvester2022,D,House,OK,OK-04,False,165,0.2181818181818181,1.002792706787186
C0613,Opal Sandoval,@OpalSandoval2022,R,House,OK,OK-04,True,52,0.3846153846153846,0.9902015743404807
C0614,Lavinia Solberg,@LaviniaSolberg2022,D,House,OK,OK-05,False,191,0.1884816753926701,1.0068010949780062
C0615,Lavinia Goodwin,@LGoodwin,R,House,OK,OK-05,False,69,0.4492753623188406,0.9934068067875776
C0616,Dexter Jessup,@DexterJessup2022,D,House,OR,OR-01,True,116,0.1379310344827586,1.0087343216599267
C0617,Avery Rutledge,@AveryRutledge2022,R,House,OR,OR-01,False,120,0.3,0.9944858451776477
C0618,Emmett Quimby,@EQuimbyOfficial,D,House,OR,OR-02,False,87,0.0229885057471264,1.0016740137408298
C0619,Junia Lindqvist,@JuniaLindqvist2022,R,House,OR,OR-02,True,198,0.3333333333333333,1.000515717537872
C0620,Paloma Stanfield,@PStanfield2022,D,House,OR,OR-03,False,83,0.0963855421686747,0.9954542126036481
C0621,Nolan Delacroix,@Delacroix4Congress,R,House,OR,OR-03,False,88,0.4659090909090909,1.003250849909857
C0622,Grant Sandoval,@GSandovalOfficial,R,House,OR,OR-04,True,105,0.3333333333333333,0.9974239606302385
C0623,Marcus Ravenscroft,@MarcusRavenscroft2022,D,House,OR,OR-05,True,88,0.125,1.0010724904530808
C0624,Lavinia Xiong,@LaviniaXiong2022,R,House,OR,OR-05,False,25,0.56,0.996711362797778
C0625,York Holloway,@YHollowayOfficial,D,House,OR,OR-06,False,92,0.3695652173913043,1.0096390646822673
C0626,Renata Okafor,@RenataOkafor2022,R,House,OR,OR-06,True,150,0.1466666666666666,0.9973520543755712
C0627,Ingrid Jessup,@IngridJessup2022,R,House,PA,PA-01,True,88,0.2159090909090909,0.9955113400022035
C0628,Tallulah Vandermeer,@TallulahVandermeer2022,D,House,PA,PA-02,False,92,0.358695652173913,1.009727999475647
C0629,Mordecai Falkner,@MFalkner2022,R,House,PA,PA-02,True,69,0.2898550724637681,0.996073052861887
C0630,Nadia Wexford,@WexfordForCongress,D,House,PA,PA-03,False,67,0.5970149253731343,1.011466005981979
C0631,Tallulah Calloway,@TCalloway,R,House,PA,PA-03,True,141,0.4042553191489361,1.0000682679283779
C0632,Jordan Okafor,@JOkafor2022,D,House,PA,PA-04,False,50,0.2,1.0060520730288085
C0633,Silas Ravenscroft,@SilasRavenscroft2022,R,House,PA,PA-04,True,138,0.2608695652173913,0.9957261231096113
C0634,Lorenzo Stanfield,@LStanfield,D,House,PA,PA-05,True,105,0.5619047619047619,1.0059206702667163
C0635,Anders Lockhart,@ALockhart2022,R,House,PA,PA-05,False,149,0.2885906040268456,0.9993737822071956
C0636,Dexter Palafox,@DexterPalafox2022,D,House,PA,PA-06,True,129,0.1317829457364341,1.0082585002691367
C0637,Opal Zielinski,@OpalZielinski2022,R,House,PA,PA-06,False,148,0.0945945945945946,0.9959129628568024
C0638,Deshawn Umbridge,@DUmbridgeOfficial,I,House,PA,PA-06,False,112,0.3482142857142857,1.0037773974798505
C0639,Gideon Lockhart,@Lockhart4Congress,D,House,PA,PA-07,True,96,0.3854166666666667,1.0040391381214115
C0640,Farrah Vasquez-Reed,@FarrahVasquezReed2022,R,House,PA,PA-07,False,94,0.4361702127659574,0.9969352487569885
C0641,Simone Goodwin,@SGoodwinOfficial,R,House,PA,PA-08,True,95,0.0526315789473684,0.9989940239891855
C0642,Priya Oglesby,@PriyaOglesby2022,D,House,PA,PA-09,True,66,0.1969696969696969,1.0030862278619914
C0643,Tamika Hargrove,@TamikaHargrove2022,R,House,PA,PA-09,False,92,0.3804347826086957,1.003490633109779
C0644,Lavinia Vandermeer,@LVandermeer2022,D,House,PA,PA-10,True,98,0.1428571428571428,1.0108475535357284
C0645,Marcus Oglesby,@MOglesby,R,House,PA,PA-10,False,90,0.1555555555555555,0.9932235247576783
C0646,Lorenzo Palafox,@LorenzoPalafox2022,D,House,PA,PA-11,False,42,0.0238095238095238,0.9960859933017868
C0647,Deshawn Yancey,@DYancey2022,R,House,PA,PA-11,True,59,0.7457627118644068,0.9922889067998273
C0648,Anders Palafox,@APalafoxOfficial,D,House,PA,PA-12,False,103,0.174757281553398,1.0049837897786875
C0649,Farrah Sandoval,@FSandoval2022,R,House,PA,PA-12,True,123,0.3902439024390244,0.9952010953683609
C0650,Kip Solberg,@KSolberg2022,D,House,PA,PA-13,False,109,0.1743119266055046,1.0066643841460816
C0651,Avery Solberg,@AverySolberg2022,R,House,PA,PA-13,True,55,0.509090909090909,0.9965426907105606
C0652,Grant Ivester,@GIvesterOfficial,D,House,PA,PA-14,False,348,0.3505747126436782,1.0100936023519702
C0653,Pete Umbridge,@PeteUmbridge2022,R,House,PA,PA-14,False,51,0.2745098039215686,0.9928920889039384
C0654,Deshawn Tremblay,@DTremblay,D,House,PA,PA-15,False,48,0.2291666666666666,1.0059308058429794
C0655,Ignatius Ravenscroft,@IgnatiusRavenscroft2022,R,House,PA,PA-15,True,193,0.5854922279792746,0.9904281251996707
C0656,Grant Ibarra,@GrantIbarra2022,D,House,PA,PA-16,True,96,0.0416666666666666,0.9967273504984632
C0657,Maeve Hargrove,@MHargroveOfficial,R,House,PA,PA-16,False,145,0.2689655172413793,0.9963083295244717
C0658,Avery Pemberton,@AveryPemberton2022,D,House,PA,PA-17,True,83,0.2891566265060241,1.0084250170539706
C0659,Farrah Tunstall,@FTunstall2022,D,House,RI,RI-01,False,33,0.1515151515151515,1.0007518431160716
C0660,Nadia Holloway,@NHolloway,R,House,RI,RI-01,False,171,0.2573099415204678,0.9946105614566331
C0661,Dexter Dunmore,@DexterDunmore2022,R,House,RI,RI-02,True,135,0.1629629629629629,0.9979106264464895
C0662,Colton Vasquez-Reed,@ColtonVasquezReed2022,D,House,SC,SC-01,False,143,0.1188811188811188,1.0062307190439828
C0663,Tamika Nakamura,@TNakamuraOfficial,R,House,SC,SC-01,False,236,0.4322033898305085,0.997195528945009
C0664,Flora Thackeray,@FThackerayOfficial,R,House,SC,SC-02,False,86,0.1395348837209302,1.0014238740128882
C0665,Quincy Abernathy,@QuincyAbernathy2022,D,House,SC,SC-03,False,83,0.253012048192771,1.0100728691454273
C0666,Boyd Marchetti,@Marchetti4Congress,R,House,SC,SC-03,False,101,0.1683168316831683,0.9976727108856435
C0667,Mordecai Nakamura,@MordecaiNakamura2022,D,House,SC,SC-04,True,76,0.4078947368421052,1.0095607301731357
C0668,Lucille Eastwood,@LEastwood2022,R,House,SC,SC-04,False,149,0.1342281879194631,0.9912408717668841
C0669,Sterling Ellingson,@Ellingson4Congress,I,House,SC,SC-04,False,97,0.0309278350515463,0.9988688918571599
C0670,Ramona Marchetti,@RamonaMarchetti2022,D,House,SC,SC-05,False,76,0.1184210526315789,0.997010584830817
C0671,Emmett Jankowski,@EmmettJankowski2022,R,House,SC,SC-05,True,199,0.2763819095477386,0.9985998485610345
C0672,Boyd Thackeray,@BoydThackeray2022,D,House,SC,SC-06,False,30,0.3333333333333333,1.0044887762240422
C0673,Paloma Oglesby,@POglesbyOfficial,R,House,SC,SC-06,True,136,0.3602941176470588,1.0000395991487407
C0674,Yolanda Tremblay,@YolandaTremblay2022,I,House,SC,SC-06,False,106,0.2735849056603773,1.0014789940203348
C0675,Tobias Winterbourne,@TobiasWinterbourne2022,D,House,SC,SC-07,False,91,0.1758241758241758,0.9966935191120271
C0676,Petra Tremblay,@TremblayForCongress,R,House,SC,SC-07,True,183,0.0928961748633879,0.9993675788485752
C0677,Boyd Zielinski,@BZielinskiOfficial,D,House,SD,SD-AL,False,293,0.0443686006825938,1.0001954028996232
C0678,Ignatius Vasquez-Reed,@IgnatiusVasquezReed2022,R,House,SD,SD-AL,False,150,0.0866666666666666,0.9943957521770785
C0679,Ximena Vandermeer,@XVandermeer2022,D,House,TN,TN-01,False,298,0.2114093959731543,1.0056430238562741
C0680,Ignatius Tunstall,@ITunstallOfficial,R,House,TN,TN-01,False,40,0.15,0.9974089476402765
C0681,Paloma Villanueva,@PalomaVillanueva2022,D,House,TN,TN-02,True,124,0.2338709677419354,1.0088092056174274
C0682,Yolanda Calloway,@YCalloway2022,R,House,TN,TN-02,False,106,0.2735849056603773,0.997590933570275
C0683,Maeve Solberg,@MaeveSolberg2022,D,House,TN,TN-03,False,106,0.2075471698113207,0.9999895137112575
C0684,Harlan Umbridge,@HarlanUmbridge2022,R,House,TN,TN-03,True,205,0.1658536585365853,0.9934940014499263
C0685,Lorenzo Granger,@LorenzoGranger2022,I,House,TN,TN-03,False,138,0.4492753623188406,0.996468833900199
C0686,Thea Prescott,@TPrescott,D,House,TN,TN-04,False,134,0.2313432835820895,1.0033782878769657
C0687,Opal Ibarra,@OpalIbarra2022,R,House,TN,TN-04,True,113,0.4336283185840708,0.9947480524208814
C0688,Jordan Winterbourne,@JordanWinterbourne2022,D,House,TN,TN-05,True,141,0.2624113475177305,1.006064301101698
C0689,Renata Zablocki,@RZablocki,R,House,TN,TN-05,False,123,0.2032520325203252,0.9973992886159743
C0690,Grant Jessup,@GrantJessup2022,D,House,TN,TN-06,True,144,0.2777777777777778,1.0026092717825867
C0691,Vivienne Winterbourne,@Winterbourne4Congress,R,House,TN,TN-06,False,38,0.2105263157894736,0.998765442384807
C0692,Maeve Northcutt,@MNorthcutt2022,D,House,TN,TN-07,False,41,0.073170731707317,1.0061934355190787
C0693,Lavinia Palafox,@LPalafox,R,House,TN,TN-07,True,75,0.2266666666666666,0.9923969963829535
C0694,Ingrid Ellingson,@IEllingson2022,D,House,TN,TN-08,False,65,0.0769230769230769,1.0077526490722717
C0695,Nadia Sandoval,@NSandoval,R,House,TN,TN-08,True,124,0.5161290322580645,0.994906051916779
C0696,Vivienne Lindqvist,@VivienneLindqvist2022,D,House,TN,TN-09,True,50,0.5,1.0084931666519088
C0697,Omar Ellingson,@OEllingson2022,R,House,TN,TN-09,False,189,0.328042328042328,0.9888843695312147
C0698,Yolanda Lockhart,@YLockhart2022,D,House,TX,TX-01,True,104,0.25,1.0035295578712122
C0699,Sterling Crowder,@SCrowderOfficial,R,House,TX,TX-01,False,121,0.3057851239669421,0.996952549884849
C0700,Renata Alcott,@RAlcott,D,House,TX,TX-02,False,147,0.1564625850340136,1.0100227211515314
C0701,Zelda Ashford,@ZeldaAshford2022,R,House,TX,TX-02,True,83,0.2891566265060241,0.9976025187730815
C0702,Uriel Goodwin,@UGoodwin2022,D,House,TX,TX-03,False,73,0.1232876712328767,1.0068014106072967
C0703,Kendall Villanueva,@KendallVillanueva2022,R,House,TX,TX-03,False,70,0.0857142857142857,0.9961325877326496
C0704,Ezra Vandermeer,@EzraVandermeer2022,D,House,TX,TX-04,True,76,0.2236842105263158,1.0074262216664784
C0705,Tobias Prescott,@TobiasPrescott2022,R,House,TX,TX-04,False,175,0.2114285714285714,0.994862727649098
C0706,Ezra Winterbourne,@EWinterbourne2022,D,House,TX,TX-05,False,99,0.2323232323232323,1.0070876633357395
C0707,Pete Whitlock,@PeteWhitlock2022,R,House,TX,TX-05,True,49,0.3061224489795918,1.0010491031366078
C0708,Thea Bickford,@TheaBickford2022,D,House,TX,TX-06,True,73,0.5205479452054794,1.005276157423214
C0709,Wendell Renwick,@WRenwickOfficial,R,House,TX,TX-06,False,100,0.22,0.9960509153081475
C0710,Lavinia Lindqvist,@LaviniaLindqvist2022,D,House,TX,TX-07,True,189,0.2433862433862433,1.0055087989993179
C0711,Ivan Solberg,@ISolbergOfficial,R,House,TX,TX-07,False,118,0.135593220338983,0.9980702330963713
C0712,Simone Pemberton,@SimonePemberton2022,D,House,TX,TX-08,False,121,0.1735537190082644,1.002635242546904
C0713,Omar Yancey,@OmarYancey2022,R,House,TX,TX-08,True,70,0.1857142857142857,1.0017683873896654
C0714,Osric Underhill,@OUnderhillOfficial,D,House,TX,TX-09,False,79,0.4050632911392405,1.0066159717967136
C0715,Gustavo Palafox,@GustavoPalafox2022,R,House,TX,TX-09,True,145,0.3379310344827586,0.9932363849286906
C0716,Zelda Ravenscroft,@ZeldaRavenscroft2022,D,House,TX,TX-10,True,56,0.0357142857142857,1.0027496269141851
C0717,Zelda Holloway,@ZeldaHolloway2022,R,House,TX,TX-10,False,50,0.26,0.9983797221492532
C0718,Ulysses Umbridge,@UUmbridgeOfficial,D,House,TX,TX-11,True,30,0.4,0.9975126153969237
C0719,Jordan Meriwether,@JordanMeriwether2022,D,House,TX,TX-12,False,52,0.4423076923076923,1.009134017963856
C0720,Celeste Sandoval,@CelesteSandoval2022,R,House,TX,TX-12,True,213,0.1455399061032863,0.9918084231649689
C0721,Marisol Thackeray,@MarisolThackeray2022,D,House,TX,TX-13,False,148,0.3648648648648648,1.0072016957959264
C0722,Opal Umbridge,@OpalUmbridge2022,R,House,TX,TX-13,True,116,0.396551724137931,0.9942088311655151
C0723,Marisol Crowder,@MCrowder2022,D,House,TX,TX-14,True,77,0.4675324675324675,0.9971615448614133
C0724,Ingrid Winterbourne,@IngridWinterbourne2022,R,House,TX,TX-14,False,65,0.3846153846153846,1.0025096811653684
C0725,Yolanda Quimby,@YolandaQuimby2022,D,House,TX,TX-15,True,98,0.5408163265306123,1.0083961008150355
C0726,Gideon Fairbanks,@GFairbanksOfficial,R,House,TX,TX-15,False,59,0.2203389830508474,0.9952904595668949
C0727,Jordan Dunmore,@JDunmore,I,House,TX,TX-15,False,160,0.175,0.9976138079740663
C0728,Kendall Kettering,@KetteringForCongress,D,House,TX,TX-16,False,234,0.235042735042735,1.00480622634091
C0729,Tallulah Rutledge,@TRutledgeOfficial,R,House,TX,TX-16,True,273,0.4395604395604395,0.9974554040439415
C0730,Emmett Hargrove,@EmmettHargrove2022,D,House,TX,TX-17,True,97,0.2577319587628865,1.0033999811937107
C0731,Farrah Jessup,@FarrahJessup2022,R,House,TX,TX-17,False,218,0.0137614678899082,1.0014316047975187
C0732,Marisol Alcott,@MarisolAlcott2022,I,House,TX,TX-17,False,32,0.46875,1.0019630385961926
C0733,Nadia Umbridge,@NUmbridge2022,D,House,TX,TX-18,False,127,0.2755905511811024,1.003193867161043
C0734,Maeve Calloway,@MCallowayOfficial,R,House,TX,TX-18,True,82,0.2804878048780488,0.9981543665439016
C0735,Deshawn Wexford,@DWexford,D,House,TX,TX-19,False,100,0.2,1.0037770090736933
C0736,Rosalind Northcutt,@NorthcuttHQ,R,House,TX,TX-19,False,75,0.4133333333333333,0.9930294293723401
C0737,Gideon Vandermeer,@GideonVandermeer2022,D,House,TX,TX-20,False,87,0.1264367816091954,1.0001050857532987
C0738,Ulysses Alcott,@UlyssesAlcott2022,R,House,TX,TX-20,True,148,0.5405405405405406,0.9924811626049324
C0739,Simone Quimby,@SQuimby2022,R,House,TX,TX-21,True,52,0.1346153846153846,1.001896511406859
C0740,Lorenzo Bramble,@LBrambleOfficial,D,House,TX,TX-22,True,191,0.1204188481675392,1.00822994366507
C0741,Omar Stanfield,@OmarStanfield2022,R,House,TX,TX-22,False,237,0.1181434599156118,1.0007936661187
C0742,Tamika Xiong,@TXiong2022,D,House,TX,TX-23,False,80,0.675,1.0122627643955933
C0743,Tamika Underhill,@TamikaUnderhill2022,R,House,TX,TX-23,True,112,0.3660714285714285,0.9946314737843999
C0744,Farrah Hargrove,@FHargrove,R,House,TX,TX-24,True,169,0.1420118343195266,0.9965031347447669
C0745,Emmett Umbridge,@EmmettUmbridge2022,D,House,TX,TX-25,False,143,0.0979020979020979,1.0045627881815058
C0746,Vera Ivester,@VIvester2022,R,House,TX,TX-25,False,65,0.2461538461538461,0.9980460410978326
C0747,Boyd Renwick,@RenwickForCongress,D,House,TX,TX-26,False,54,0.4444444444444444,1.003591968547395
C0748,Quincy Okafor,@QOkafor2022,R,House,TX,TX-26,True,108,0.324074074074074,0.994526610338739
C0749,Wendell Lindqvist,@WendellLindqvist2022,D,House,TX,TX-27,False,84,0.4880952380952381,1.0057082171053295
C0750,Vivienne Calloway,@VivienneCalloway2022,R,House,TX,TX-27,False,186,0.1827956989247312,0.9930346758632191
C0751,Pete Ellingson,@PeteEllingson2022,D,House,TX,TX-28,False,50,0.46,1.0103799522176125
C0752,Avery Ashford,@AveryAshford2022,R,House,TX,TX-28,True,161,0.1304347826086956,0.9954543671148172
C0753,Mordecai Kettering,@MordecaiKettering2022,D,House,TX,TX-29,True,57,0.175438596491228,1.0041179415631432
C0754,Marcus Stanfield,@MStanfieldOfficial,R,House,TX,TX-29,False,74,0.2702702702702703,0.99855596273692
C0755,Tobias Yarborough,@Yarborough4Congress,D,House,TX,TX-30,True,120,0.1416666666666666,1.002176453615325
C0756,Quentin Yarborough,@QYarboroughOfficial,R,House,TX,TX-30,False,44,0.2272727272727272,0.9989721697180557
C0757,Ingrid Prescott,@IngridPrescott2022,D,House,TX,TX-31,False,99,0.2828282828282828,1.0093300847706366
C0758,Elena Goodwin,@EGoodwinOfficial,R,House,TX,TX-31,True,71,0.2676056338028169,1.0005830472437451
C0759,Tobias Crowder,@TCrowder2022,R,House,TX,TX-32,True,72,0.3472222222222222,0.9971010091551782
C0760,Thea Okafor,@TheaOkafor2022,D,House,TX,TX-33,True,170,0.3117647058823529,1.0078788471923226
C0761,Ramona Stanfield,@RStanfield,R,House,TX,TX-33,False,163,0.4294478527607362,0.9968352716268453
C0762,Petra Vandermeer,@PetraVandermeer2022,D,House,TX,TX-34,False,139,0.1438848920863309,1.0030153017670103
C0763,Lavinia Underhill,@LaviniaUnderhill2022,R,House,TX,TX-34,True,133,0.150375939849624,0.9899308087605382
C0764,Ingrid Abernathy,@IAbernathy,D,House,TX,TX-35,True,284,0.2077464788732394,1.0017957018655852
C0765,Renata Winterbourne,@RWinterbourne,R,House,TX,TX-35,False,86,0.4767441860465116,0.9917351945142364
C0766,Uriel Crowder,@UCrowder2022,D,House,TX,TX-36,True,123,0.4146341463414634,1.0058186888546994
C0767,Gideon Dunmore,@GDunmore,R,House,TX,TX-36,False,110,0.0909090909090909,1.0025507748409506
C0768,Vera Fairbanks,@VeraFairbanks2022,D,House,TX,TX-37,False,213,0.0938967136150234,1.0026044586392586
C0769,Avery Winterbourne,@AWinterbourne2022,R,House,TX,TX-37,True,176,0.2045454545454545,1.0019196940176243
C0770,Mordecai Ivester,@MordecaiIvester2022,D,House,TX,TX-38,False,44,0.2272727272727272,1.0080873771138148
C0771,Lavinia Oglesby,@LaviniaOglesby2022,R,House,TX,TX-38,True,73,0.2191780821917808,0.999786519755933
C0772,Paloma Sandoval,@PalomaSandoval2022,D,House,UT,UT-01,True,405,0.2691358024691358,1.0069205531999588
C0773,Anders Solberg,@AndersSolberg2022,R,House,UT,UT-01,False,148,0.0405405405405405,0.9984116307263757
C0774,Gideon Crowder,@GideonCrowder2022,R,House,UT,UT-02,False,105,0.4,0.9956620270712319
C0775,Simone Yarborough,@SYarborough,D,House,UT,UT-03,True,186,0.1344086021505376,1.005037666174212
C0776,Wendell Abernathy,@WAbernathy,R,House,UT,UT-03,False,53,0.3584905660377358,0.997458047182909
C0777,Ramona Ostrander,@ROstrander2022,D,House,UT,UT-04,True,154,0.0909090909090909,1.007101893089206
C0778,Jordan Quintanilla,@JordanQuintanilla2022,R,House,UT,UT-04,False,125,0.128,0.9943321480970563
C0779,Quincy Tunstall,@QTunstall2022,D,House,VT,VT-AL,True,263,0.1520912547528517,1.0016608205054136
C0780,Vera Crowder,@VCrowderOfficial,R,House,VT,VT-AL,False,159,0.2389937106918239,0.996010356794634
C0781,Mordecai Yancey,@MYancey,D,House,VA,VA-01,False,75,0.4133333333333333,1.0078091465448928
C0782,Hattie Umbridge,@HattieUmbridge2022,R,House,VA,VA-01,True,97,0.2783505154639175,0.9968767657797694
C0783,Gideon Jankowski,@GideonJankowski2022,D,House,VA,VA-02,False,131,0.2442748091603053,1.0074348910394118
C0784,Boyd Delacroix,@BDelacroix,R,House,VA,VA-02,True,111,0.5045045045045045,0.9948122001643077
C0785,Cassidy Oglesby,@CassidyOglesby2022,D,House,VA,VA-04,False,221,0.2669683257918552,1.0069202914747333
C0786,Jordan Villanueva,@JVillanuevaOfficial,R,House,VA,VA-04,True,165,0.3575757575757576,0.9946592492839156
C0787,Nadia Eastwood,@NadiaEastwood2022,D,House,VA,VA-05,True,67,0.2388059701492537,1.006481496567021
C0788,Opal Renwick,@OpalRenwick2022,R,House,VA,VA-05,False,80,0.2375,0.9955580987498311
C0789,Dexter Umbridge,@DUmbridge2022,D,House,VA,VA-06,True,85,0.2588235294117647,1.0063597741167012
C0790,Lucille Quintanilla,@LQuintanillaOfficial,R,House,VA,VA-06,False,89,0.3258426966292135,0.9997329207066377
C0791,Thea Bramble,@TheaBramble2022,D,House,VA,VA-07,False,69,0.2318840579710145,0.9988124492696957
C0792,Kip Winterbourne,@KWinterbourne,R,House,VA,VA-07,True,140,0.2642857142857143,0.9915681915073336
C0793,Noemi Quimby,@NQuimby,D,House,VA,VA-08,False,102,0.2745098039215686,1.009839972025462
C0794,York Fairbanks,@YFairbanks2022,R,House,VA,VA-08,False,88,0.2386363636363636,0.9982890473978556
C0795,Uriel Tunstall,@UTunstall,D,House,VA,VA-09,False,70,0.0714285714285714,0.9987138192464953
C0796,Simone Quintanilla,@SQuintanilla,R,House,VA,VA-09,False,106,0.320754716981132,0.9973269636888517
C0797,Marisol Whitlock,@MarisolWhitlock2022,D,House,VA,VA-10,False,54,0.5740740740740741,1.0024927710607743
C0798,Marisol Okafor,@MOkaforOfficial,R,House,VA,VA-10,True,24,0.0416666666666666,1.0030010086573293
C0799,Marisol Solberg,@MSolbergOfficial,D,House,VA,VA-11,True,143,0.0839160839160839,1.0057713920255258
C0800,Quentin Ashford,@QuentinAshford2022,R,House,VA,VA-11,False,69,0.217391304347826,0.9956230293168243
C0801,Grant Wexford,@GWexford,D,House,WA,WA-01,True,228,0.2280701754385964,1.0054626920283578
C0802,Ezra Marchetti,@EzraMarchetti2022,R,House,WA,WA-01,False,85,0.0117647058823529,0.9927642633249995
C0803,Quentin Zablocki,@QZablocki,D,House,WA,WA-02,False,94,0.0425531914893617,1.0029802673747437
C0804,Renata Wexford,@RWexford2022,R,House,WA,WA-02,True,372,0.3333333333333333,0.990960760941844
C0805,Anders Bramble,@AndersBramble2022,I,House,WA,WA-02,False,44,0.3863636363636363,1.0012281634861522
C0806,Opal Quimby,@OQuimbyOfficial,D,House,WA,WA-03,False,49,0.1428571428571428,1.000572895414168
C0807,Celeste Jankowski,@CJankowski2022,R,House,WA,WA-03,True,96,0.0416666666666666,1.0017968177496197
C0808,Ivan Vandermeer,@IVandermeer2022,D,House,WA,WA-04,False,93,0.3655913978494624,1.006730406505772
C0809,Lucille Kettering,@LucilleKettering2022,R,House,WA,WA-04,False,69,0.3768115942028985,0.9988473442824285
C0810,Elena Yarborough,@ElenaYarborough2022,I,House,WA,WA-04,False,50,0.1,0.9982453841097583
C0811,Ivan Holloway,@HollowayForCongress,D,House,WA,WA-05,False,165,0.4,1.0087988888286963
C0812,Thea Quintanilla,@TheaQuintanilla2022,D,House,WA,WA-06,False,221,0.0814479638009049,0.9954578815374046
C0813,Zelda Goodwin,@ZGoodwin,R,House,WA,WA-06,True,31,0.1935483870967742,0.9981505166438096
C0814,Lavinia Whitlock,@LWhitlockOfficial,I,House,WA,WA-06,False,66,0.2272727272727272,0.9971832209694557
C0815,Tamika Winterbourne,@TWinterbourne,D,House,WA,WA-07,False,115,0.2956521739130435,0.9983447345132945
C0816,Lavinia Alcott,@LAlcottOfficial,R,House,WA,WA-07,True,78,0.0,0.9982035004773085
C0817,Maeve Xiong,@MaeveXiong2022,D,House,WA,WA-08,True,363,0.0991735537190082,1.0068480664198731
C0818,Petra Granger,@PetraGranger2022,D,House,WA,WA-09,False,122,0.4344262295081967,1.007198450822353
C0819,Quentin Okafor,@QuentinOkafor2022,R,House,WA,WA-09,True,65,0.0923076923076923,1.001135459853284
C0820,Yolanda Lindqvist,@YLindqvist2022,D,House,WA,WA-10,True,52,0.2884615384615384,1.0084508088129638
C0821,Colton Marchetti,@ColtonMarchetti2022,R,House,WA,WA-10,False,263,0.2167300380228136,0.9987376362907407
C0822,Quentin Kowalczyk,@QuentinKowalczyk2022,D,House,WV,WV-01,True,63,0.3174603174603174,1.0058587451544216
C0823,Yolanda Bramble,@YBramble2022,R,House,WV,WV-01,False,249,0.5301204819277109,0.990231377402229
C0824,Marcus Crowder,@MarcusCrowder2022,D,House,WV,WV-02,False,107,0.1495327102803738,1.0003426376618043
C0825,Zelda Falkner,@ZFalknerOfficial,R,House,WV,WV-02,True,68,0.3235294117647059,0.9936590679611941
C0826,York Nakamura,@YNakamura,D,House,WI,WI-01,False,40,0.175,1.0015785181509855
C0827,Quincy Palafox,@QuincyPalafox2022,R,House,WI,WI-01,False,136,0.6544117647058824,0.9902617851053771
C0828,Priya Tunstall,@PriyaTunstall2022,D,House,WI,WI-02,False,154,0.2597402597402597,1.0038806248083274
C0829,Dexter Xiong,@DexterXiong2022,R,House,WI,WI-02,True,117,0.2307692307692307,1.0021342202610735
C0830,Ezra Ostrander,@Ostrander4Congress,D,House,WI,WI-03,True,64,0.3125,1.0091691762771018
C0831,York Vandermeer,@YorkVandermeer2022,D,House,WI,WI-04,False,82,0.524390243902439,1.0097814488612336
C0832,Kip Bramble,@KBramble2022,R,House,WI,WI-04,True,109,0.0275229357798165,0.998299708796766
C0833,Jordan Eastwood,@JEastwood,D,House,WI,WI-05,True,48,0.1666666666666666,1.0042400859185494
C0834,Ramona Okafor,@RamonaOkafor2022,R,House,WI,WI-05,False,58,0.2413793103448276,0.9948079282744979
C0835,Bettina Calloway,@BCalloway,D,House,WI,WI-06,False,59,0.6101694915254238,1.0089098916323056
C0836,Delphine Eastwood,@DEastwoodOfficial,R,House,WI,WI-06,False,226,0.411504424778761,0.9962866925388912
C0837,Priya Northcutt,@PNorthcuttOfficial,R,House,WI,WI-07,True,172,0.2267441860465116,0.99924720255325
C0838,Sterling Thackeray,@SterlingThackeray2022,D,House,WI,WI-08,False,29,0.6206896551724138,1.0124819192044336
C0839,Lucille Bickford,@LBickford2022,R,House,WI,WI-08,True,88,0.5113636363636364,0.9996497197064551
C0840,Junia Goodwin,@JuniaGoodwin2022,D,House,WY,WY-AL,False,53,0.660377358490566,1.008718248020989
C0841,Boyd Ivester,@BIvesterOfficial,R,House,WY,WY-AL,False,292,0.0273972602739726,0.9952857652119441
C0842,Lucille Zablocki,@LucilleZablocki2022,D,Senate,AL,AL-Sen,False,96,0.1770833333333333,1.0065079729726873
C0843,Nolan Calloway,@NolanCalloway2022,R,Senate,AL,AL-Sen,True,48,0.1875,0.9978069154296235
C0844,Boyd Underhill,@BUnderhillOfficial,D,Senate,AK,AK-Sen,True,133,0.2406015037593984,1.011657153505153
C0845,Boyd Barrows,@BoydBarrows2022,R,Senate,AK,AK-Sen,False,125,0.432,0.9969344474228561
C0846,Marisol Vandermeer,@MVandermeerOfficial,I,Senate,AK,AK-Sen,False,140,0.4214285714285714,0.9989785537995759
C0847,Zelda Meriwether,@ZMeriwether2022,D,Senate,AR,AR-Sen,False,125,0.216,1.0055626067573389
C0848,Kendall Ivester,@Ivester4Senate,R,Senate,AR,AR-Sen,True,115,0.1739130434782608,0.9985133523580166
C0849,Simone Wexford,@SWexford,D,Senate,CO,CO-Sen,True,72,0.0972222222222222,1.007976699308332
C0850,Kendall Prescott,@PrescottForSenate,R,Senate,CO,CO-Sen,False,118,0.5,0.992440845440861
C0851,Junia Jessup,@Jessup4Senate,D,Senate,DE,DE-Sen,False,53,0.1698113207547169,0.9989146120293799
C0852,Celeste Northcutt,@Northcutt4Senate,R,Senate,DE,DE-Sen,True,67,0.3283582089552239,0.9961776423979084
C0853,Marisol Pemberton,@MPembertonOfficial,D,Senate,GA,GA-Sen,False,76,0.1447368421052631,1.0045530176877409
C0854,Nolan Kowalczyk,@NolanKowalczyk2022,R,Senate,GA,GA-Sen,False,74,0.2297297297297297,0.9959386784437412
C0855,Jordan Crowder,@Crowder4Senate,D,Senate,ID,ID-Sen,False,59,0.2203389830508474,1.004638380127507
C0856,Anders Holloway,@AndersHolloway2022,R,Senate,ID,ID-Sen,False,56,0.1785714285714285,0.996470209645797
C0857,Avery Eastwood,@AveryEastwood2022,D,Senate,IL,IL-Sen,False,178,0.1516853932584269,0.9993231390049471
C0858,Emmett Goodwin,@EGoodwin2022,R,Senate,IL,IL-Sen,True,63,0.2539682539682539,1.0001028779208347
C0859,Yolanda Tunstall,@TunstallForSenate,D,Senate,IA,IA-Sen,True,100,0.39,1.0085163102769772
C0860,Marisol Kowalczyk,@Kowalczyk4Senate,R,Senate,IA,IA-Sen,False,139,0.1223021582733813,0.9964183506292609
C0861,Priya Marchetti,@PriyaMarchetti2022,D,Senate,KS,KS-Sen,False,191,0.0890052356020942,1.0010329519058299
C0862,Uriel Ashford,@AshfordForSenate,R,Senate,KS,KS-Sen,False,278,0.1223021582733813,0.9933492722507794
C0863,Quincy Winterbourne,@WinterbourneForSenate,D,Senate,KY,KY-Sen,False,70,0.0571428571428571,1.0032881394365756
C0864,Silas Bramble,@Bramble4Senate,R,Senate,KY,KY-Sen,False,159,0.1383647798742138,0.993929051499612
C0865,Gustavo Oglesby,@GOglesby,D,Senate,LA,LA-Sen,True,419,0.4988066825775656,1.008480020552473
C0866,Lucille Barrows,@LucilleBarrows2022,R,Senate,LA,LA-Sen,False,64,0.296875,0.9917062293327404
C0867,Junia Stanfield,@JStanfield2022,D,Senate,ME,ME-Sen,False,44,0.3636363636363636,1.0044885017415195
C0868,Renata Pemberton,@RPemberton,R,Senate,ME,ME-Sen,True,65,0.6461538461538462,0.9950435021815843
C0869,Yolanda Fairbanks,@FairbanksForSenate,D,Senate,MA,MA-Sen,True,139,0.0935251798561151,0.994661607618436
C0870,Henrietta Meriwether,@HenriettaMeriwether2022,R,Senate,MA,MA-Sen,False,69,0.3768115942028985,1.0008615564583527
C0871,Marcus Ashford,@MAshford2022,D,Senate,MI,MI-Sen,True,242,0.4752066115702479,1.0074887286941887
C0872,Ivan Ellingson,@Ellingson4Senate,R,Senate,MI,MI-Sen,False,220,0.3409090909090909,0.9906132613971612
C0873,Walker Delacroix,@WalkerDelacroix2022,D,Senate,MN,MN-Sen,True,148,0.5,1.0134243606874727
C0874,Lavinia Rutledge,@LRutledge2022,R,Senate,MN,MN-Sen,False,66,0.6060606060606061,0.9887766018564097
C0875,Uriel Ibarra,@Ibarra4Senate,I,Senate,MN,MN-Sen,False,49,0.0612244897959183,0.9959913435083843
C0876,Cormac Yarborough,@CormacYarborough2022,D,Senate,MS,MS-Sen,False,189,0.4021164021164021,1.0134603047659188
C0877,Colton Nakamura,@CNakamura2022,R,Senate,MS,MS-Sen,False,42,0.5,0.9967549016073726
C0878,Anders Sandoval,@AndersSandoval2022,D,Senate,MT,MT-Sen,True,106,0.2924528301886792,1.007042028299275
C0879,Renata Ivester,@RIvester2022,R,Senate,MT,MT-Sen,False,52,0.4230769230769231,0.9994924061982061
C0880,Simone Calloway,@CallowayForSenate,D,Senate,NE,NE-Sen,False,223,0.0896860986547085,1.0022597518523546
C0881,Gideon Umbridge,@GideonUmbridge2022,R,Senate,NE,NE-Sen,False,100,0.14,0.9953429912179217
C0882,Grant Jankowski,@GrantJankowski2022,D,Senate,NH,NH-Sen,True,57,0.3508771929824561,1.0089214633260466
C0883,Pete Northcutt,@NorthcuttForSenate,R,Senate,NH,NH-Sen,False,94,0.202127659574468,0.9903143009956573
C0884,Jocelyn Ostrander,@JocelynOstrander2022,D,Senate,NJ,NJ-Sen,True,187,0.2994652406417112,1.0073055926979377
C0885,Sterling Granger,@SterlingGranger2022,R,Senate,NJ,NJ-Sen,False,155,0.0580645161290322,1.006022634327353
C0886,Ramona Quintanilla,@RQuintanilla,D,Senate,NM,NM-Sen,True,55,0.2,0.9991365932789706
C0887,Lavinia Vasquez-Reed,@LaviniaVasquezReed2022,R,Senate,NM,NM-Sen,False,192,0.1354166666666666,0.9961231290149165
C0888,Thea Ivester,@TIvester,I,Senate,NM,NM-Sen,False,73,0.3150684931506849,0.9959473576019767
C0889,Deshawn Eastwood,@EastwoodForSenate,D,Senate,NC,NC-Sen,False,132,0.2954545454545454,1.007553359421228
C0890,Colton Tunstall,@Tunstall4Senate,R,Senate,NC,NC-Sen,False,162,0.2839506172839506,0.9951952661695026
C0891,Omar Goodwin,@OGoodwin2022,D,Senate,OK,OK-Sen,False,73,0.1506849315068493,1.0013418194432735
C0892,Marisol Bickford,@MarisolBickford2022,R,Senate,OK,OK-Sen,False,129,0.3488372093023256,0.9982102440085645
C0893,Harlan Delacroix,@HarlanDelacroix2022,D,Senate,OR,OR-Sen,False,64,0.28125,1.0004526251171784
C0894,Nolan Winterbourne,@NolanWinterbourne2022,R,Senate,OR,OR-Sen,False,137,0.1751824817518248,0.9929029800962293
C0895,Omar Lockhart,@Lockhart4Senate,D,Senate,RI,RI-Sen,False,158,0.240506329113924,1.0064470239489531
C0896,Anders Northcutt,@ANorthcutt2022,R,Senate,RI,RI-Sen,True,180,0.0444444444444444,0.996354325708455
C0897,Tallulah Oglesby,@OglesbyForSenate,D,Senate,SC,SC-Sen,False,144,0.1944444444444444,1.00872659840078
C0898,Kip Underhill,@KipUnderhill2022,R,Senate,SC,SC-Sen,False,59,0.2033898305084746,0.994876388757775
C0899,Kendall Oglesby,@KendallOglesby2022,D,Senate,SD,SD-Sen,False,54,0.1296296296296296,0.9991640426249055
C0900,Zelda Rutledge,@RutledgeForSenate,R,Senate,SD,SD-Sen,True,174,0.1436781609195402,0.9954114890722405
C0901,Cassidy Zablocki,@CassidyZablocki2022,D,Senate,TN,TN-Sen,False,135,0.1037037037037037,1.0012140838141403
C0902,Colton Quintanilla,@CQuintanilla,R,Senate,TN,TN-Sen,True,149,0.3355704697986577,0.9955851158099401
C0903,Ivan Kettering,@KetteringForSenate,D,Senate,TX,TX-Sen,True,124,0.25,1.001531622930312
C0904,Delphine Vandermeer,@DVandermeer,R,Senate,TX,TX-Sen,False,83,0.4819277108433735,0.9918513075340135
C0905,Opal Ashford,@OpalAshford2022,D,Senate,VA,VA-Sen,True,85,0.3176470588235294,1.002825821931713
C0906,Wendell Falkner,@WFalkner2022,R,Senate,VA,VA-Sen,False,169,0.301775147928994,0.9974852818592765
C0907,Vera Ostrander,@VOstrander,D,Senate,WV,WV-Sen,True,73,0.1232876712328767,1.0053437635554445
C0908,Celeste Prescott,@CelestePrescott2022,R,Senate,WV,WV-Sen,False,134,0.126865671641791,0.994541980369621
C0909,Opal Kettering,@Kettering4Senate,D,Senate,WY,WY-Sen,True,153,0.0915032679738562,1.0112912737078958
C0910,Tobias Vasquez-Reed,@TobiasVasquezReed2022,R,Senate,WY,WY-Sen,False,89,0.4269662921348314,0.9953641772037519
