candidate_id,tfidf_partisan_score,w2v_partisan_score,w2v_pc1_style_score
C0001,-0.07409957336199743,0.06234057792676286,-0.029393516194417296
C0002,0.2383160712763778,0.09777262359664592,0.2078653960799869
C0003,-0.35926747147469257,-0.11137516508801386,-0.14959536941924004
C0004,0.28400275820972637,0.17898073331948733,0.3169900514822438
C0005,-0.27120626092531563,-0.1929484778887562,0.13031209439907654
C0006,0.2476797224619187,0.12047284025268214,-0.14418119217330633
C0007,-0.3029320054392678,-0.14632876241743017,0.30451563353722866
C0008,0.23615195048279597,0.029984704629929602,0.04744546160310029
C0009,-0.22055992727705664,-0.09119997777333351,-0.19298342743652755
C0010,0.30553040758193967,0.15572652105862536,0.024633454370494707
C0011,-0.36303949811688363,-0.16871122668299451,-0.06082934815608389
C0012,0.3485773824628144,0.20528844444711525,0.43005131103963434
C0013,-0.2508652301797929,-0.18073763529822198,-0.0897427862131791
C0014,0.27231778647370897,0.08456165941027978,-0.05533514479876528
C0015,-0.24949257627984994,-0.18491393961277744,0.36849988598128414
C0016,0.32479882173529245,0.2604839256532493,0.28878131707156995
C0017,-0.3046496277137445,-0.3378336941529417,0.325890703870801
C0018,0.2936300219580772,0.2096844782548124,0.043974794863384216
C0019,-0.175142466369695,-0.10130385139532645,0.2162709013638143
C0020,0.24437436976274587,0.08878977541850716,0.08573913134146531
C0021,0.19667614926249286,0.033159962538193706,0.21046090633977874
C0022,-0.2421227198921432,-0.1084301875881673,0.023100014118310985
C0023,0.26068274358426613,0.11938504243709995,-0.18812016493581546
C0024,-0.376698367838901,-0.255143756068237,-0.257098768519913
C0025,0.12958030915627142,0.04108604442390203,-0.20618878164313414
C0026,-0.18542847333198317,-0.15050525084864128,0.09566349555731056
C0027,-0.2973821019587215,-0.21743536932645835,0.2046546954945311
C0028,0.26445216697005175,0.10212808654689513,0.012012037478621933
C0029,-0.21402304366515104,-0.0730196150461323,0.017965700459058917
C0030,0.3089576443223761,0.07105865248428891,0.023200693488065485
C0031,-0.3634715184834206,-0.2279678352566665,-0.1452991761101406
C0032,-0.11897869616574669,-0.12479338061443102,0.11963963793614142
C0033,0.2083103148999856,0.08928879139775171,-0.2204184627168301
C0034,-0.29740396181227646,-0.05105054343832413,-0.1752919840606025
C0035,0.2363409345767979,0.08886345382727757,-0.06576829422913358
C0036,-0.25757894590065583,-0.09264542908230851,-0.16491753628257008
C0037,0.22671449837346108,0.21610149644721016,0.029137449709880494
C0038,-0.23804429287773918,-0.17356268925135948,0.1584301005190987
C0039,0.22777761012712147,0.09077023037943917,0.1332420064771242
C0040,-0.3326970761848051,-0.18002434459131872,-0.06942888947377723
C0041,0.17362895247655188,0.3385613394702854,-0.39933264576863114
C0042,-0.28162921424736304,-0.19912794662057662,-0.025768417273644827
C0043,0.2840776318534523,0.13185170306850866,0.21040759989870775
C0044,-0.18178064173304787,-0.10543734937248954,-0.30093126935693226
C0045,0.30564892950423844,0.10716509696764993,-0.22179759388141845
C0046,0.3701692871552957,0.16402971076401615,0.007849005131503143
C0047,-0.3104038872343006,-0.1631287026504412,0.05703610985547256
C0048,0.2956685094546211,0.16534735372491352,-0.2002840970393543
C0049,-0.07512161169700186,-0.025686346253577762,-0.14904362506425825
C0050,0.28777814217352177,0.18603703452931974,0.03172641603830975
C0051,-0.11976045357967237,-0.05613260050389376,0.04188346203315049
C0052,-0.23152789236755472,-0.10459882620997822,-0.13779666104602367
C0053,0.21668813670101747,0.08754404229875898,0.04057813998660134
C0054,-0.2209692326525242,-0.04600115883874284,-0.09491770934571744
C0055,0.3342216585632017,0.14970964179720092,0.36197615665319893
C0056,-0.370371369495599,-0.27586107729296,0.16349520992001346
C0057,0.2999540115981375,0.1387678129543205,0.004392615532195382
C0058,0.10812216434597617,0.013708819650978329,0.14269349265727255
C0059,0.07952824904560366,-0.0007239819195175381,0.43488833944758853
C0060,-0.14143446771689405,-0.104164949616777,-0.14890949990526955
C0061,-0.22708204822483757,-0.09703493080757518,-0.2787762312116539
C0062,0.31343086196886066,0.11941270671817183,0.3583600114479232
C0063,-0.3526884531265082,-0.12416453107707844,-0.22947269020498068
C0064,0.24451082957595413,0.09591226229700213,0.005304021242871444
C0065,-0.21390553338669424,-0.24729988383031573,0.38017719019431373
C0066,0.24142313986232455,0.10380646219474339,0.05576882888804902
C0067,-0.3117343022159807,-0.1998069341438621,-0.17354567039809557
C0068,0.3793003476515143,0.2556376341783184,-0.16463546461358392
C0069,-0.30279458525256286,-0.05811244012980042,-0.17995027560896448
C0070,0.2243692925033239,0.04574714350663576,-0.14183085144812363
C0071,-0.32519301663809896,-0.20014795103755922,0.16477621573519066
C0072,0.28036987995310625,0.09333814010816223,-0.08635304090900052
C0073,-0.24085130606562422,-0.11924241407252846,-0.24618710267416352
C0074,0.23609432467146588,0.09689514837573132,0.09660035402590104
C0075,-0.26385741388135875,-0.05127400066088899,-0.2635013077165389
C0076,0.08371791620104471,0.006454589545731626,-0.13801090078285963
C0077,-0.230344183092494,-0.16591886459142696,-0.24380603437467444
C0078,0.19593318233503476,0.15219417609649968,-0.18013035989159637
C0079,-0.16781133504903906,-0.15217868729517633,0.32918254247888934
C0080,0.10884550744790283,0.06168307442343057,0.1676738254501999
C0081,-0.3574191942148295,-0.26899315082883485,-0.18229231916629482
C0082,0.17750849303575406,0.07198972468939212,0.2570143396740343
C0083,-0.11537143200487622,0.03784083700473385,0.20152743983016128
C0084,0.12949939854036507,0.007952354021150427,0.11786697515227818
C0085,-0.39074262631402057,-0.1918131597776946,-0.2506756061943047
C0086,-0.041186885013843565,0.029990233648995956,-0.0412758322407649
C0087,-0.16879277954985472,-0.07461136040747449,-0.06328188538421983
C0088,0.13725097110534415,0.01821604967722738,-0.5004971351617181
C0089,-0.3013148053592053,-0.044126560793147376,-0.4404510275743059
C0090,0.3856340482388511,0.19410046073230924,-0.1418909390324879
C0091,-0.36543638124422484,-0.22173246130767926,-0.042880010067026325
C0092,0.21526990497663168,0.07674539155770739,0.0952094311468067
C0093,-0.3020307384790553,-0.20028689805223165,0.12011134661697329
C0094,0.1528111725573619,0.045400076250678975,-0.2894353520260807
C0095,-0.08847349482358119,-0.03024689014372866,0.06335271925398211
C0096,0.32162643004093744,0.17752896284067032,0.14236706957635772
C0097,-0.22112531803671961,-0.013026950197917391,-0.2444700278867152
C0098,0.23874035791420822,0.08717758621425489,0.24985360484829242
C0099,-0.2549168616632466,-0.16908459694184402,-0.12976676292856087
C0100,0.34584062143373673,0.25363640530418513,-0.045228799570819565
C0101,-0.12890396808025836,-0.07850695808836708,-0.38260370557968226
C0102,-0.2888545875707004,-0.2423620938132749,0.2636030066901273
C0103,0.25148298275173664,0.09884580490752064,0.22658426984383978
C0104,-0.2725818987577971,-0.1651019649567364,0.08881599451398971
C0105,-0.3626924592051136,-0.28132612549673663,-0.11349415130269579
C0106,0.3515939999911691,0.12520079191237538,0.20752267731346988
C0107,-0.09263281042887545,-0.09119842571694219,-0.10098527687901575
C0108,-0.1269816293598848,-0.01904301333134911,-0.14815173881538643
C0109,0.3680120793129717,0.19167670816253346,0.30577269059225903
C0110,-0.23440642787987007,-0.03827360635363889,0.04012493884068792
C0111,-0.19692105761642706,-0.22091024715252572,0.038507458665840835
C0112,0.3977328022946694,0.25679719602645484,-0.1176333854241356
C0113,-0.024425776804313216,-0.060659007047560574,-0.08056418194578367
C0114,0.2727080995457521,0.10630678662808012,0.15885820726703517
C0115,-0.2740923927467738,-0.10988579037143055,0.09810850661880434
C0116,0.3493381904686421,0.24472949665527846,-0.15983485876680195
C0117,-0.3599867820351044,-0.24528930221985729,0.3031175865652642
C0118,0.21459446184618136,0.0633021552187626,0.3092480676714587
C0119,-0.060400451425986074,-0.005057269272573426,0.17666317074778493
C0120,0.2931684351951803,0.11761179923679028,-0.029476375975845615
C0121,-0.2250169930721303,-0.18225044149843217,0.15285863460467053
C0122,0.24946994722694704,0.1270418541136761,0.11354831525782051
C0123,-0.24269672971391967,-0.014254949556231035,-0.41329868435460904
C0124,0.1159012559519207,0.019697855123953514,-0.06089512283294933
C0125,-0.34370453262353523,-0.2655538629652935,-0.20576097472405977
C0126,0.272858276180319,0.1658634546594443,-0.06920456873735295
C0127,-0.30590497228504565,-0.09392797878528204,-0.15264614807997628
C0128,0.1840317089637739,0.047395446941201846,-0.24648964191175513
C0129,0.1185204505984029,-0.034568920497336585,0.2510438470892826
C0130,0.34246643007151867,0.20232666305742814,0.44752928751583304
C0131,-0.2860045024596746,-0.08483119560111425,-0.17008287179964315
C0132,0.3144356304531784,0.1284873902783878,0.039614958396212006
C0133,-0.3936871463318302,-0.14801405224671133,-0.20242229944821227
C0134,0.30448034631380483,0.15304664261811016,0.0841720926453511
C0135,-0.23218924140426134,-0.06540996231560918,-0.04233664742287429
C0136,0.3486671233953319,0.2186760587708654,0.040508149740950086
C0137,0.07073975425587373,0.02898496719153828,-0.12148471497740684
C0138,-0.3106548305512659,-0.12915528953515662,-0.16091860830285445
C0139,-0.3669866697145066,-0.17556216627851132,0.00331463272974187
C0140,0.2973658307707286,0.1906165013531569,0.05431528329796614
C0141,-0.23396312074885012,-0.20793025313128807,0.007307623163338909
C0142,0.2845980839058635,0.13622401819753824,0.42154569163749206
C0143,-0.17263772781881231,-0.13183582323636892,0.09953793582338168
C0144,0.11927056163051046,0.05369069248379455,0.2683510623776633
C0145,-0.18508317579710573,-0.022997636328490167,-0.2923038264921978
C0146,0.2043465111076536,0.2402700301118934,-0.1315137892366565
C0147,-0.048516454925610825,0.024201203210983856,0.13239171951362746
C0148,0.07802172742705289,0.07442461513206883,-0.16753906835909718
C0149,-0.22363701871673888,0.024522079657040737,-0.2998337916481246
C0150,-0.12263106652548078,-0.04386117425915588,-0.24139570352552114
C0151,0.18085961440716744,0.235752959634506,-0.23364054412146565
C0152,-0.21504143909714607,-0.05338215917062502,0.13152010037425665
C0153,0.2083534139956281,0.054691511682585625,-0.13553729658138045
C0154,-0.23083375736597148,-0.22478283792567263,0.29113326422330227
C0155,0.1327600183646241,0.05617741565562657,-0.09141153096775824
C0156,-0.3071806488009701,-0.15676535821103746,-0.06520075918449685
C0157,0.26457855502494515,0.12725937231117362,-0.0869007480779054
C0158,-0.38451038217165484,-0.17009317430713217,-0.15051142813701873
C0159,0.2579348941928986,0.1533106001947345,-0.015069100677681527
C0160,-0.28987160894515296,-0.2150956125718831,0.28031013719830955
C0161,0.27260537517051653,0.18503176091486442,-0.13584150576531773
C0162,-0.33172972902849307,-0.17833430658805613,0.10487064140037874
C0163,0.3044115260149838,0.13465456084502123,0.42680839369024476
C0164,-0.4690566645232941,-0.31608550595904483,-0.20843980740382442
C0165,0.11201725888400398,0.11807321693227212,-0.14642678512575305
C0166,-0.310961549344297,-0.26979200491666894,-0.215623681687198
C0167,0.1741402623114526,0.276214100454479,-0.034338563770004916
C0168,-0.3072756319314122,-0.16706277597579333,-0.025215989506366773
C0169,0.2854329649500029,0.1528085350319598,0.009708144553878828
C0170,-0.3143632641003572,-0.1487705525610765,-0.19860286038413855
C0171,0.29879390085675006,0.12968417687528574,-0.036983077191291944
C0172,-0.2955292000256415,-0.06766640860638104,-0.18502713941803464
C0173,0.27830915654127686,0.20629616153571842,-0.12882491887904568
C0174,-0.30658688899239234,-0.23085172298127632,0.12232482343223164
C0175,0.1541513736668033,0.1498459626945834,-0.11153682722417171
C0176,-0.3767362438142007,-0.09975550761996152,-0.16473904005453752
C0177,0.13672190876856055,0.009039196859131841,-0.2293332460464112
C0178,0.24463057660898033,0.061394150475061984,0.24090211618454976
C0179,-0.35352306048081195,-0.09932631484663226,-0.36268521799045284
C0180,0.2954742045732864,0.14719343209375216,0.3436184975720126
C0181,-0.19294662413272462,0.03338448065207147,-0.1475985356414348
C0182,0.14831726188916072,0.14959154721442655,-0.1044061816087879
C0183,-0.22948968720518656,-0.11709692069208232,-0.1813754149460744
C0184,-0.3479634249688418,-0.2181213910181976,0.030194947429968654
C0185,0.3134169523840707,0.13104677346397176,-0.027264732312580045
C0186,-0.2579564114766681,-0.12465866771935004,0.112060944606837
C0187,0.35470463748203035,0.271283866838893,-0.011825426216556712
C0188,-0.4041761572553332,-0.2750775179379678,0.034099117809060574
C0189,0.05394106486389021,0.05680218930774262,0.344434705524196
C0190,-0.15679969482462744,-0.16607666583508987,-0.12963910370023815
C0191,0.35037378006927095,0.14595496171845576,0.07910819162227194
C0192,-0.24243114911484745,-0.24335544111850646,0.04471441212628588
C0193,0.2430659890779012,0.19051309752517293,-0.28157710652866164
C0194,-0.27563070438477466,-0.2077273738276466,-0.048810797412328
C0195,0.350547019283383,0.21348760005345355,-0.12618747472291492
C0196,-0.2834892847783877,-0.25238727174222153,0.5369183842860624
C0197,0.21373359320009697,0.05150200814230691,0.3688564304891361
C0198,-0.29997159163116255,-0.20065989274373397,0.08695660715849142
C0199,0.12374631297095169,0.046363446269257216,0.07488797484436438
C0200,-0.2949975852192318,-0.06584054201507714,-0.14172964175978833
C0201,0.1668289626520795,0.09786771376260132,0.30568223611419076
C0202,-0.20796682239192643,-0.06321798760704614,-0.2879891294223507
C0203,0.4302370548116641,0.2993668020716189,0.05744375109682462
C0204,-0.24870007952601694,-0.014050864846986982,-0.30217243033737334
C0205,0.3303580483192327,0.31030918163381366,-0.036129311270315274
C0206,0.10206437834445833,0.18855072215121224,0.1975082523767938
C0207,-0.3606743840867494,-0.20084270983378472,-0.025608579665270064
C0208,0.280283481710754,0.13354417766617077,0.08189291599945366
C0209,-0.22164021678218832,-0.09931965387888844,0.1167805914665085
C0210,0.3251472724095602,0.07766902869581911,0.24108475694577602
C0211,-0.20595382333444887,-0.17922242267255578,-0.029366143729982128
C0212,0.36986032783532,0.370571923516599,-0.2229252295739956
C0213,-0.16432278980329,-0.008862439744114659,-0.17749710080994371
C0214,0.3047129762189225,0.1870598995221063,-0.0575411340920739
C0215,-0.33786467696236366,-0.1928024413546612,0.08692383454096277
C0216,0.27037912672616055,0.14246665521650004,0.2629895757935798
C0217,-0.3313393806410387,-0.18390704153959556,-0.11018514926487812
C0218,0.12567116516638988,0.08010084494455369,-0.23878715234370088
C0219,-0.23412837125082586,-0.053280205057303485,-0.16938909638821212
C0220,0.2948542591474837,0.18240354941235634,0.18643348558940845
C0221,-0.16227252562914035,-0.06257815187304526,-0.03267791506504669
C0222,0.16592310154404877,0.02338925803219588,0.13344267619161557
C0223,-0.24480590320695272,-0.23311774026921186,0.25945232809670676
C0224,0.33060417100467926,0.22644968737119942,-0.09471386068304335
C0225,-0.21900338640464678,-0.16656983401191683,0.3903164607881913
C0226,0.2978524738517255,0.14386258249785672,0.23846215444231203
C0227,-0.3359653480388248,-0.2124566475423013,0.28359745635044264
C0228,0.13136962262322105,0.058177531736387664,0.17779722261219366
C0229,-0.045757872822242474,-0.05176083416922063,0.19848888300514675
C0230,0.3036237272224704,0.2398447155280964,0.11314014469285609
C0231,-0.27788047026662444,-0.12810715396344696,-0.34952222327724675
C0232,0.25704211620367723,0.23190674472054804,-0.05023818843879329
C0233,-0.3134228936541188,-0.2838432678378548,0.32049383993947034
C0234,0.06621796904525322,-0.05664595238184238,-0.15277886029560994
C0235,-0.41861271794273247,-0.2527356250602279,-0.06635705370196374
C0236,0.27271823943373397,0.09621321896427963,0.2928679906009877
C0237,-0.3169942132758591,-0.11890567471270701,-0.2541029125254136
C0238,0.19991433720107382,0.08887747558164792,0.2637339732773659
C0239,-0.2759885764244963,-0.10246923174337996,-0.29489121542111846
C0240,0.357248190479655,0.2167470613953746,0.06537272368879779
C0241,0.2389014289251171,0.06738880146897465,0.5285157287347463
C0242,-0.13945048017628722,0.033095790695266865,-0.09980879129282391
C0243,0.28296508620552907,0.14191188585472045,-0.19670730832071046
C0244,-0.3498491469223827,-0.20144165817996165,-0.022501140730957322
C0245,0.16899312810198072,0.14402700958591297,-0.07656555748007454
C0246,-0.35693194929418975,-0.23793024773924346,-0.2178355887495702
C0247,0.3350126465132037,0.21642970072202788,0.11373503118111367
C0248,-0.3689249304270233,-0.17953287603067491,-0.024068236200696702
C0249,0.19437019939463315,0.027212647354431418,-0.1640167084221466
C0250,-0.2657255006901518,-0.28299532601561717,0.39137665406074174
C0251,0.37621621836305785,0.2615788823111431,-0.1619001293048836
C0252,-0.36491434885245166,-0.16394431802816134,-0.19177136728716224
C0253,0.28576086898738856,0.27552405056453605,0.12475293504494679
C0254,-0.2477778637753907,-0.11325145701266852,-0.2281427178914368
C0255,0.2296788852691145,0.031197493817986654,0.23702118972065447
C0256,-0.1599202679520886,0.05536323741048228,-0.2286591384238796
C0257,0.20516720674675376,0.08961693145996634,0.6476738657487613
C0258,0.2408930509864395,0.09229988848121387,0.37113183036074265
C0259,-0.1368512932935383,-0.08379285047925582,-0.12456948283412839
C0260,0.13944620138707253,0.01625067961151253,0.5142980727927384
C0261,-0.23250504476409697,-0.11859930137287789,0.06064117662442212
C0262,0.18449327048016656,0.06739754035543381,0.06804799430711414
C0263,-0.2542138070779541,-0.2638476673444801,0.25946514667097265
C0264,0.31640743339733174,0.05648233889315275,0.23972985264996277
C0265,-0.31314609430463713,-0.31065217173626875,0.45385006760193464
C0266,0.34640272868850114,0.21661900026131387,-0.02214559074906453
C0267,-0.21408343790785567,-0.15416312367545595,0.07837499553366177
C0268,0.28686632122037814,0.2065261788146045,0.2616819990330223
C0269,0.05966880637523516,0.06373952037968497,-0.2579074059291482
C0270,-0.2722798785761421,-0.2775182877068152,0.27567052052553037
C0271,0.30509949873246134,0.188118655597502,0.16511014124318826
C0272,-0.2732921014949477,-0.18255372282824012,-0.13664431850271191
C0273,0.16799196557622761,0.07038885080055816,0.12805431775750023
C0274,-0.405175126593585,-0.17439179470113866,-0.15355870714838424
C0275,0.12356936806174462,0.006360172363884846,0.350439380939216
C0276,-0.12420828580882963,0.03886959647549516,-0.3023231529662497
C0277,0.2149687029331764,0.12565249507379012,-0.18681526705854037
C0278,0.22036103464689188,0.03370065693400353,0.09847211544111084
C0279,-0.29465506429098554,-0.04399865137657809,-0.1741676414479315
C0280,0.2326300291797884,0.26336167210626155,-0.11069940207083528
C0281,-0.3239961854090919,-0.1696077505027778,-0.059255911819147064
C0282,0.13309302383708935,0.06586453736561595,0.1509689856310337
C0283,-0.3243233277731628,-0.20148947100381406,0.03836284659362114
C0284,0.30589447774804807,0.11301666525524785,0.1100762648067184
C0285,-0.27850936998058234,-0.08174460824553902,-0.36904343123121874
C0286,0.2498393733025638,0.1530638272722533,-0.12396796918549724
C0287,-0.12579113676201253,-0.09400096107756387,-0.01822594243613656
C0288,0.19322024147101108,0.1208475044313422,-0.1257736981327535
C0289,0.20297282788735632,0.163369331576451,0.24061386868528195
C0290,-0.2800188847216772,-0.16202680685054918,-0.15992552830864362
C0291,-0.30676055592379337,-0.13008036845350204,-0.1922924884355255
C0292,-0.2095738859088553,-0.08729505324210837,0.013676788335737608
C0293,0.2647043524889075,0.1276882329310671,-0.1772347902045256
C0294,-0.1647959677496431,-0.22483228010838563,0.23266258584648777
C0295,0.1903863276064973,0.10208285604517083,-0.09578512622128835
C0296,-0.23199254749318193,-0.09443090801854537,-0.16414350627733687
C0297,0.3116553403360094,0.20955991116757847,-0.27018631785521474
C0298,-0.206488916233975,0.10285279363455455,-0.34921137203296887
C0299,0.12548201490823593,0.07843223420655919,-0.2163274255005
C0300,-0.36928408801475715,-0.1923690744033619,0.18513841612717305
C0301,0.2540807048789361,0.087509210993097,-0.1607453165879865
C0302,-0.33609368286647806,-0.16373502451541203,-0.18827296585869846
C0303,0.35619524025622906,0.2216569533144955,-0.09452844779172581
C0304,-0.19051661696795769,-0.16718784593285171,-0.2641939523168796
C0305,0.3651908782062077,0.2025581653282576,0.22066164362098703
C0306,-0.1874868540100984,-0.007023690462186551,-0.2652759407016351
C0307,0.21685722317258052,0.052359934825632476,0.5257085541801114
C0308,-0.22250680429077727,-0.0034038125385033135,-0.23237606235362146
C0309,0.2536461075128225,0.2423872994194323,0.15137110864334755
C0310,-0.36161439256455985,-0.2651304979601101,0.10777098276672217
C0311,0.34902211099158587,0.17969026558851997,-0.11324587894266565
C0312,-0.21141308698255892,-0.3245903536516514,0.45880256844938155
C0313,-0.1892302572046417,-0.12540292804919456,0.019040651246724334
C0314,0.30145234000880566,0.16929748148034623,0.07769071123000484
C0315,-0.23482179551166313,-0.15421164251564223,-0.1456798856846001
C0316,0.3166872311415269,0.28017712099614167,0.05456380652980851
C0317,0.01886883254702549,0.011247132600582811,-0.227071391561851
C0318,0.20051025023714059,0.10563534002886128,-0.03418935289584338
C0319,-0.2638168261957349,-0.19796271262493798,-0.3055107756150896
C0320,0.0683047771026603,-0.010971282767409034,0.12427702566798085
C0321,-0.29016113360261037,-0.160037600507267,-0.1425457761888233
C0322,0.23773685092347469,0.1242036006455375,0.40219610983799275
C0323,-0.3008755239587585,-0.1961304191288075,0.05796127132256391
C0324,0.12565883130309635,0.058152398049846114,0.2319916132590313
C0325,-0.3148473725843785,-0.2647646449804232,-0.03212119669318309
C0326,0.22687824353187283,0.03028672005167143,-0.27862133190190197
C0327,0.17882620166443008,0.09757464675169199,0.20108537529819673
C0328,-0.2782605622338361,-0.14286039277766785,-0.020496882888231104
C0329,0.18676714066602582,0.0812994151872854,0.449519055818849
C0330,-0.2746553667735254,-0.2426222721788808,0.21693885607976413
C0331,0.2589401587069046,0.14972576055286588,0.08557397343162924
C0332,0.29522676360596545,0.13332347922599766,0.3251093237885578
C0333,-0.2766063887570968,-0.10111858479602465,-0.1421662862348943
C0334,0.08219997214967277,0.11707386628158416,-0.3326533587808359
C0335,-0.23355898723247126,-0.2152813154955376,-0.08970353202517395
C0336,0.12778730319108744,0.025131473219504985,0.023751936102704232
C0337,-0.24390563959978792,-0.1626658005531933,0.028123847072483048
C0338,0.33289386095415135,0.21337716816615604,-0.006294998075103837
C0339,-0.09839004297664902,-0.09221677336433798,0.11237863271404117
C0340,0.1782343356926805,0.199953893867782,-0.42032892922670906
C0341,-0.3275937467723163,-0.22610546606240772,-0.0135931495140181
C0342,0.32689043080599767,0.17086054038733117,-0.04598885597409476
C0343,-0.4205232571143251,-0.1850575120334302,-0.16345334483456342
C0344,0.31829224055245525,0.15415381876597567,0.2095204966351842
C0345,-0.1511560553194989,-0.1391028489818385,0.059297799916848505
C0346,0.2578307623833905,0.16240295933832244,-0.1049786153042859
C0347,0.04870183141920325,0.04580521154068923,-0.0026124694395127887
C0348,0.23234010172168776,0.15701105156340536,-0.1848137781871702
C0349,-0.33692486544678674,-0.195792649243398,0.0701242573782722
C0350,0.20447894888240625,0.06311480392948961,-0.11432143708179567
C0351,-0.0628085122915738,-0.1950298521335476,0.6070890882240387
C0352,0.21079864589519082,0.10304268327566833,-0.010922260878558495
C0353,0.16545509628003335,0.18673015684732744,-0.14306291704400614
C0354,-0.33782395013053096,-0.09780388350568284,-0.2773865133911834
C0355,-0.2790403123900811,-0.17780243987359193,0.1399733254011985
C0356,0.24359016723223473,0.12963953422008195,0.287425512839831
C0357,-0.1500839188565986,-0.10429655636047123,-0.04293116527577727
C0358,0.2664951260471616,0.14520335140625573,0.04169951353046876
C0359,-0.1623013957884209,-0.11654838263570119,-0.20606730867090461
C0360,0.29097735496175514,0.146915025369706,-0.08659010639369744
C0361,-0.19332600310635764,-0.159942508137612,-0.3681554702587683
C0362,0.24552763194399482,0.10570372070629187,-0.02463384209746157
C0363,-0.3675331139693023,-0.10335931510479174,-0.09319398896223292
C0364,0.24540040770880386,0.23788447075216024,-0.25934086592830374
C0365,-0.09795372114397106,0.06273959583383186,-0.05665275428467335
C0366,0.17440437674297202,0.1907031418669484,0.34938283153791766
C0367,-0.26049927577877646,-0.09036050504095743,-0.2226720178690393
C0368,0.2578193109561731,0.1377240666851885,0.046012712732289046
C0369,-0.2534834115890798,-0.11183579571604269,0.044387887844290604
C0370,0.21970798137885886,0.13221561805387608,-0.04313568409590642
C0371,0.08548604919541691,0.07785697170650581,0.04533565407098859
C0372,-0.28966661972640895,-0.17876542839896473,-0.2421929706841828
C0373,0.09739241047498327,0.10535674487750628,-0.06824999153717949
C0374,-0.29481230736323105,-0.08658101389136137,-0.33933983199869083
C0375,0.40216699874639567,0.2669407307702778,0.35844997820844576
C0376,-0.1810785368137272,-0.06520200570757044,-0.2680392848776565
C0377,0.23807661773021788,0.18277841466176656,0.10119132863635337
C0378,0.2662563686919854,0.10103178829592944,0.09281637886153504
C0379,-0.3473121176367725,-0.12255039013708732,-0.030810313828173647
C0380,0.31632796453505807,0.21575535597755155,-0.055097951485492624
C0381,-0.2703649587061396,-0.16506741975029188,-0.16933936140455275
C0382,0.2024771489450018,0.10660379988004376,0.3102359577673372
C0383,-0.19360285261073,-0.03663057683625133,-0.25726110145596287
C0384,0.2187926537890424,0.12344947240632827,0.07537930503011335
C0385,-0.3113072325208069,-0.21148956764261093,0.3899308258277731
C0386,0.16072178449757563,0.06278015373761943,-0.025239046437688095
C0387,0.12762197664097824,0.06872284559674435,-0.036498844996918
C0388,0.18823592772037742,0.19620402231746994,-0.14273283510248125
C0389,-0.2716181613807326,-0.2771695820152418,0.31688484953384677
C0390,0.15193691680224866,0.1925693277149208,0.08788975513063185
C0391,-0.2060869396327054,-0.16685457913520912,0.19154146645068512
C0392,0.2817290469448799,0.16040771059820952,-0.02279241128691723
C0393,-0.056321854404627586,-0.0765456735306823,0.09987344316612373
C0394,0.3116997974542076,0.0883263779720526,0.21855104555331745
C0395,-0.05498799038244275,0.11745512149115762,-0.21088073765674648
C0396,0.3601278704152428,0.2924494552289626,0.02878768712509683
C0397,-0.29604823899885174,-0.16710189722154137,0.14417271174172994
C0398,0.1292009074516197,0.04035925900897859,-0.32400449549996946
C0399,-0.2662697859045786,-0.09575555062863499,-0.22153022236027167
C0400,0.25757788664144243,0.16457692248667272,0.28500053529105956
C0401,0.2301555546821069,0.04619562630864522,-0.2677812044150187
C0402,-0.245439288122319,-0.042185811635556736,-0.25966032899471514
C0403,0.29600376486486296,0.1812762956535679,0.22118396535756732
C0404,0.05566244095915951,0.014391122980521608,0.3765274088206502
C0405,0.288347622854715,0.1510218604441776,-0.006990470176958484
C0406,-0.3823732000063919,-0.29504093897956085,-0.01738091936149828
C0407,0.09484267999277426,0.07182889359813324,-0.1516111097854989
C0408,-0.21621276088926253,-0.11589179771385553,-0.19146453257181975
C0409,0.29604749642623457,0.16840155366506213,-0.1533562134198075
C0410,-0.2816761142386507,-0.08060940146374616,-0.12070634250381224
C0411,0.1599619175343413,0.09858633315093275,0.2774777202290317
C0412,-0.05625185217558615,-0.03676603069824468,0.07051209519145994
C0413,0.20159509782101956,0.05281493737055894,-0.0024061934061644754
C0414,-0.34539017162927244,-0.13834352228145697,-0.10041713451377446
C0415,0.3815918876535685,0.2682122118153298,-0.1289350942162291
C0416,-0.07012900322652148,-0.03819647941098567,0.3237099523162619
C0417,0.29554444873905356,0.13922999847303386,0.16003151413634067
C0418,-0.2916223235368094,-0.07599789941014187,-0.22785097300543192
C0419,0.2185521736908416,0.07295910395780689,0.22116659074691125
C0420,-0.25508802212007814,-0.18844701006735048,0.06808404603139412
C0421,0.1227866605430408,0.1008695251082526,-0.07268427917525205
C0422,-0.25849353209600634,-0.07873613849073052,-0.07031348419719462
C0423,0.26076490397830343,0.17072970484325584,-0.1952708806226684
C0424,-0.11511029495325602,0.0001492748863316,-0.20490179577932432
C0425,0.2741174015638726,0.16382242556870333,0.3246953200942857
C0426,-0.25242019274780814,-0.14168089022519664,0.07094720312283259
C0427,0.20652894055631263,0.06888896892392823,-0.24632116261119133
C0428,-0.3297462331485413,-0.17124336136477653,0.007941430970813802
C0429,0.2893263925615244,0.08607491975260488,-0.18684462155370624
C0430,0.12302962381078658,0.04817466824711979,0.4185149529120693
C0431,-0.2754569370075864,-0.14908679198186212,-0.17725150673853368
C0432,0.3016391515692899,0.16127775457874297,0.16299057069015455
C0433,-0.2295455309540139,-0.08453209357988732,-0.06828626776680861
C0434,0.23677672526177757,0.09607816952246902,0.5481135500477187
C0435,-0.26475066417520793,-0.29360850777291664,0.4735746599703238
C0436,0.24646594160276034,0.1982906116877597,0.0184878556079722
C0437,-0.1809536999673837,-0.07181741738219344,0.043406070158178905
C0438,0.20524582571242175,0.18271184901622184,-0.07604784655336391
C0439,-0.3554322138832554,-0.1329996804744824,-0.1503910077362911
C0440,0.27411029326222625,0.06646926080849871,-0.21065316600969397
C0441,-0.4201586911442896,-0.27496471874481676,0.3063228425184684
C0442,0.3086833231865629,0.09620845418361026,0.04943564263783224
C0443,-0.3066117077852697,-0.20475431982824627,-0.07026296741507408
C0444,0.2015667226580351,0.12307192983481306,-0.20379379535222342
C0445,-0.11409920443129766,0.05695040164706645,-0.04289759214799449
C0446,-0.1834894811034036,-0.07012611295678822,-0.19739314255070584
C0447,0.2762453795547638,0.07147500981759836,0.004952618307308671
C0448,-0.24134287722642433,-0.08084831346222571,-0.17094756295263247
C0449,0.2727512519441506,0.19383154204226197,0.20894788866593875
C0450,-0.29364302517842794,-0.04129873009539916,-0.25435322859596926
C0451,0.32479432751225024,0.12483849103446702,0.0037577614343768844
C0452,-0.19148090665020068,-0.13010580889257264,0.048379180797054985
C0453,0.2570008195691315,0.10428258395077102,0.24359233548752376
C0454,-0.23496760160557847,-0.06683339677036253,0.012932240862758532
C0455,0.33155916369530775,0.13219188906157725,0.14264776159020548
C0456,-0.07083531930839958,-0.04642549818408679,0.24486573982812349
C0457,0.16896078580969665,0.16057838461637808,-0.35441229646775824
C0458,-0.276682876042259,-0.2465696863087038,-0.00765665143707189
C0459,0.2462787501535796,0.12909491090335076,0.1626108028298623
C0460,-0.025694323015191787,0.07839000296941974,-0.34777043060540974
C0461,-0.304337527753562,-0.18429010373159324,0.17669485722985143
C0462,0.22870288894244928,0.1108976091394615,0.021292220948441874
C0463,-0.1878723993078686,-0.13439687037664683,0.10702501688628342
C0464,0.32437315671827943,0.22326829168890905,0.0855532328085618
C0465,-0.17558187625664728,-0.16582203285638825,0.3234453914568544
C0466,0.3513378496622263,0.2037339707050866,0.001425901057724276
C0467,-0.18613653947970416,-0.061059797445748694,-0.18849432472585553
C0468,0.21432717486751016,0.09503647736204054,-0.21229805092959125
C0469,-0.21272025737987893,-0.14581744725705437,0.04418717082222522
C0470,0.326988684591904,0.22451069612394264,-0.06801074370120504
C0471,-0.28998937331453445,-0.043233090457758805,-0.36949980480971456
C0472,0.2968150636621837,0.22888497377478756,0.11591676975212084
C0473,-0.2782059645169876,-0.10846378814149106,-0.21101006564803274
C0474,0.09388721606382916,0.11158103973932407,0.17173714294613188
C0475,-0.17929868329665197,-0.2034909940991574,0.20374983326953108
C0476,0.07855903893404194,0.11014519308297846,0.005782358438679291
C0477,-0.3672201372564113,-0.1974141440380106,-0.1423107241313915
C0478,0.296479381367501,0.15956045374080138,-0.08137661448768484
C0479,-0.2643447671068808,-0.2426942135096683,0.2833148754460633
C0480,0.3388828366619838,0.263588260372478,-0.09864104429557773
C0481,-0.3249951173934777,-0.07291036680748371,-0.24442624663867069
C0482,0.14320541228777467,0.06973236896800594,0.17376368395408182
C0483,-0.12862890067923652,0.03935947403444721,-0.37243181230443484
C0484,0.26294174704838424,0.1731594920362867,0.3822842981896245
C0485,-0.3550094432081753,-0.1777151143373273,-0.0839407644527728
C0486,0.21224469136547197,0.11767677690242447,-0.3191608790006953
C0487,-0.14792820780967214,-0.060579317918436335,-0.04623383895978588
C0488,0.24063016499107398,0.17107623320197216,-0.13031594347098974
C0489,-0.30913933236412644,-0.07752926482961954,-0.28024283717343623
C0490,0.2796344372844804,0.11385097064249279,0.2540028763207567
C0491,-0.1525980463378857,-0.12198243368046761,-0.1591488785030331
C0492,0.20019636442381653,0.06948606839569288,0.11118417485575552
C0493,-0.2775443665721202,-0.3277428777847191,0.21728726508426532
C0494,0.19244640888716458,0.1437291109259507,-0.14712275875107625
C0495,-0.32859528230450613,-0.264446432539223,0.2816901593014844
C0496,0.18878437228129136,-0.011451571340081946,-0.1618835093974253
C0497,0.17194035463982363,0.11596650147148797,-0.0245790130077589
C0498,-0.17977820651496318,-0.024543425054499687,-0.23542888756233565
C0499,-0.318330822671082,-0.1402788222771614,0.08000484310417456
C0500,0.17708524743593843,0.07075352496024342,-0.04004321754680326
C0501,-0.3074745312454552,-0.384259877550336,0.5455807380383347
C0502,0.2744641949940198,0.16745974667243782,0.15700650396646496
C0503,0.264382649305066,0.14246106792202756,0.06848761893611396
C0504,-0.25736357943577426,-0.210433550660656,0.17175947068944825
C0505,0.3279192854973905,0.25888372110824814,-0.08381475993584207
C0506,-0.2967072571400207,-0.1295839301486816,-0.3102170601413643
C0507,-0.19072492440930627,-0.12050081009184699,-0.03748797144331021
C0508,0.36829556538240443,0.28863171343878163,-0.10254850528452124
C0509,-0.2801775670805558,-0.09132967674492168,-0.26444324006452175
C0510,0.12483948671826499,0.03681221971389042,0.031186408829198632
C0511,-0.29971370443299167,-0.1411762680076347,0.035460750010511057
C0512,0.21161522725480303,0.13669720679825606,0.007136638372495304
C0513,-0.24964742014842045,-0.08357586520625686,-0.18407192558072585
C0514,0.1687339776195472,0.1549295040728283,-0.06967218621834737
C0515,-0.2831897914621029,-0.24146834996153163,0.07945077418394461
C0516,0.2820150863290633,0.2838105431566626,-0.14669735162887118
C0517,-0.17989871273342475,-0.07812067588307181,0.24181745265499735
C0518,0.26333509216310796,0.17352733095901687,-0.21290877954022933
C0519,-0.14558565785782807,-0.037635667915272626,-0.08777061198026856
C0520,0.35796595761556876,0.2653371297389769,0.09333195989091791
C0521,-0.3936930669494905,-0.1647045491341736,-0.30806983985482433
C0522,0.3191216357526907,0.1597195174611333,0.13611588854050344
C0523,-0.21858107939804636,-0.17181351206498813,0.20933740030331383
C0524,0.12952972516167877,0.018526888450138626,-0.3453942990120258
C0525,-0.27658944774935806,-0.24804748450068545,0.18999034475248316
C0526,0.3511929717997853,0.17422359586364278,-0.010296461032997691
C0527,-0.23438679103869098,-0.08482660471439533,-0.2377768934313416
C0528,0.16681186462338624,0.09198206599772532,0.04170802083078269
C0529,-0.297262751064774,-0.19999907255781066,-0.3019689971475706
C0530,0.1497691641757993,0.15651883837024744,-0.11561299719826844
C0531,-0.3373419409712126,-0.10647287166986907,-0.14586636887975962
C0532,0.21046752746521014,0.06679511399772316,0.4844543193401827
C0533,-0.3504185159362243,-0.2289205122037022,-0.010836650361955434
C0534,0.3027755856964354,0.18752163732678448,0.3214524094184144
C0535,-0.3705895121205713,-0.24578553033338596,0.022492654442927733
C0536,0.33088018149121784,0.2024523881045885,-0.04930696631797665
C0537,-0.3606597145503025,-0.23401811370945272,-0.289728340666006
C0538,0.17796254679556234,0.2674289832054907,-0.3973477558991388
C0539,-0.35342999481818244,-0.16802380159905872,-0.17479418902156094
C0540,0.30404684156807826,0.21547376498931256,0.07121042747148812
C0541,-0.3489658044235125,-0.20247223372769582,-0.02567237104152359
C0542,0.1733525396881611,0.15629037990268257,0.24778681124385923
C0543,-0.16945087724438945,-0.1063905768751777,0.24056538351636358
C0544,0.23250511580289668,0.14785485018483713,-0.022926889382367144
C0545,-0.2298202837328688,-0.09244945665338099,-0.2092774879145435
C0546,0.08176329295763803,-0.010525708278749341,-0.33726717787811655
C0547,-0.34272613597227636,-0.18095479482011395,0.019510158473016237
C0548,0.2350279164443723,0.132564556309502,-0.09228721496738243
C0549,-0.18021302265187875,-0.14035600661862835,0.11398331380233387
C0550,-0.009281821764656183,0.0012814947708740137,-0.03446015305284572
C0551,-0.33855177685289456,-0.10244127202269955,-0.02420810991444245
C0552,0.2804763936095203,0.16381712809925877,0.29204056059546124
C0553,0.3102862831343037,0.19420650413992893,-0.10488009405488477
C0554,-0.3369004207859672,-0.16175654778441742,-0.04505938242076006
C0555,0.26035172454616956,0.07786588951579367,-0.317025381447841
C0556,-0.12304890193712249,-0.13708707135089804,-0.038723542246490564
C0557,0.24896717275940855,0.2911891940545832,-0.15558847284095548
C0558,-0.2663567481154622,-0.22612644885203478,0.10268878853575611
C0559,0.31549535325236155,0.2861744110420408,-0.04821014183953478
C0560,-0.3816583741629163,-0.28271074950217506,-0.008147988594282318
C0561,0.10747404285036119,-0.00572137233470524,0.17198765820018805
C0562,0.2657812010392139,0.20134589066989456,-0.09835299733856227
C0563,-0.24762750725060576,-0.10017333744180926,-0.025820285959221666
C0564,0.31222763804103043,0.2038409340696289,-0.057059383695565326
C0565,-0.22850514346860915,-0.028427912515519217,-0.243534868240005
C0566,0.06719878803402941,-0.013324078746461894,-0.14675874319735802
C0567,-0.28872650913478637,-0.12863104724308128,-0.3794792002486017
C0568,0.20025158290522826,0.276404698165255,0.05803276236481865
C0569,-0.1474788668480525,0.033398718498057464,0.04319771599465667
C0570,0.24736766688036,0.2840354194028115,-0.02189503527581193
C0571,-0.2530955203463276,-0.16288307900073518,-0.32762471959319667
C0572,0.13332808267470367,0.025894808860023356,-0.01928097788879689
C0573,-0.2946707437577171,-0.17695633615619752,-0.14400174898483123
C0574,0.23486432721416406,0.08474086928121448,0.22604138453160214
C0575,-0.38067483850870626,-0.2609352177014689,-0.056511686840942356
C0576,0.21379676544364132,0.10763364246634197,0.41753206846334584
C0577,-0.3325640368743611,-0.1142359288403756,-0.3271607568864188
C0578,0.227282512075139,0.06583546054792874,-0.17605681269936285
C0579,-0.1779761449133921,-0.1597054385922945,0.22554988086756372
C0580,0.14119473640058086,0.07356274771902625,-0.2706486402729868
C0581,-0.33086754611158353,-0.12628021680531581,-0.1697486440424128
C0582,0.1564579652758053,0.034706837665402425,0.46169058865683404
C0583,-0.3550310373507769,-0.19414930930386193,-0.21723491409683257
C0584,0.28682775696472396,0.1375117249070458,0.07418739650392511
C0585,-0.13901965825806628,-0.146536663516338,0.15695948835916865
C0586,0.21234607117408627,0.1544774601803571,0.06485998499026899
C0587,-0.15268515598995244,-0.03255737088366539,0.03876000759844052
C0588,0.17999024427796523,0.08919842386629956,0.38707950116617823
C0589,-0.29024823382722753,-0.28123856929420743,-0.16222573714630178
C0590,0.0768782712398011,0.06685036655846861,-0.2869211801327791
C0591,-0.3752390039435041,-0.28751922223972015,-0.18672688913953464
C0592,0.2394725040900298,0.1521301756986688,0.0544872707834557
C0593,0.2620460349654718,0.14342742433880992,0.4930584562989082
C0594,-0.1667236041747571,-0.09533740689126521,0.1080511782598311
C0595,0.16949709346717032,0.10147780937361975,-0.09274671188059633
C0596,-0.31554316626449447,-0.18612877050721613,-0.03347915774168853
C0597,0.01766557850710788,-0.10737154416646386,0.3412788699960654
C0598,-0.2179764864550405,-0.16671404916481272,-0.10386757749086234
C0599,0.2832530475733951,0.16151711458976292,0.24482518952322851
C0600,-0.34841639644902467,-0.1777819488525124,-0.04183099260149224
C0601,0.24503043999813356,0.14928543183737567,-0.025857143054791344
C0602,-0.3128107054581741,-0.19314494852089745,-0.18858860959601878
C0603,0.3232236805523005,0.1666523256537937,-0.10664455838328105
C0604,0.016203807016252562,0.024929908771275912,-0.059934931152088235
C0605,0.23696954062792824,0.06604840409771712,-0.19328179087105807
C0606,-0.34235448779225014,-0.2545931572674577,0.14429952384678035
C0607,-0.2859243065024772,-0.17441698994214824,-0.1664252839462001
C0608,0.2343675827230297,0.13802494849039706,-0.19819884580060654
C0609,0.08713625625718324,0.010224066219710629,-0.07706641287436113
C0610,-0.18356459777363876,-0.1422800065894159,0.299147811369563
C0611,0.21815307554010638,0.1444858508026375,0.12256228864301909
C0612,-0.15916945861206455,-0.150606307338532,-0.07757819074840978
C0613,0.2283938371316488,0.2038684347815403,0.11310649717978594
C0614,-0.3785472886845827,-0.1729135457430398,-0.15103447998612193
C0615,0.3091504357740405,0.23303190951420086,0.297188178500018
C0616,-0.3584604021544177,-0.21423191310524847,-0.20781632374821896
C0617,0.3179482677207216,0.1828325812017527,0.013148539226894847
C0618,-0.18698950613569404,-0.14455472176601472,-0.29475088490923496
C0619,0.35433152284470465,0.15412306911329593,0.1647783127581309
C0620,-0.15908008338695592,0.016166198953754568,-0.3464024315668567
C0621,-0.005180614839013324,-0.1180217117420742,0.16044063072908318
C0622,0.3862758303572096,0.2446916245619909,0.15231732608436133
C0623,-0.18637622466916032,-0.009829651427264243,-0.1323337609821112
C0624,0.28310941652300614,0.22775210222626552,0.5675489929900304
C0625,-0.2929363967802211,-0.15929018804159775,0.14004451043825342
C0626,0.20049957978612531,0.08094649521235454,-0.11861092084597272
C0627,0.2459944504710654,0.16910239349783024,-0.056652855524608615
C0628,-0.2575217788452197,-0.2918371556170088,0.16988146087030825
C0629,0.27461036151860196,0.1797215263575588,0.1009294316888606
C0630,-0.2803559230890675,-0.27457690876957236,0.3936565748571723
C0631,0.24955902887114237,0.01614299421963338,0.23502487447007225
C0632,-0.14758592940579207,-0.06764601026633826,-0.1341491263954496
C0633,0.2573622336672076,0.17825071196071615,0.08567356171104086
C0634,-0.2930867610541379,-0.2376334910522986,0.4002771475371243
C0635,0.40104721872130344,0.16570966552158914,0.027986370327788047
C0636,-0.363009315034371,-0.1669568484384782,-0.2305123872227242
C0637,0.24043021140975362,0.13949969029337325,-0.2079933394482873
C0638,0.07026143097192591,0.11430054155124077,0.1656904894803492
C0639,-0.16747510237499771,-0.10917778033543185,0.07594124892701978
C0640,0.050685877618702475,-0.04172926901159358,0.14786383859066943
C0641,0.28335387834271003,0.2172989533942224,-0.19363767515119526
C0642,-0.18150643878732342,-0.09706226556936255,-0.17128947971396707
C0643,-0.029126758997894298,-0.07189528201700639,0.16267184584985847
C0644,-0.34205586379318714,-0.29904467483047,-0.25568357248535817
C0645,0.36367408269235246,0.31445164666661524,-0.1717442060326335
C0646,-0.018395749085851468,0.08597596188080792,-0.311602287290699
C0647,0.2597250794013,0.1135692166860478,0.6022794619120845
C0648,-0.1566559523575669,-0.09591409389006188,-0.14697896584307063
C0649,0.3099741928646578,0.180029747369732,0.11921022204399896
C0650,-0.22122164635775424,-0.0464831478938182,-0.06084234626427983
C0651,0.16901966768674484,0.057289366346487576,0.33847668978978135
C0652,-0.2556997237677368,-0.16521537045926993,0.03270307066384764
C0653,0.1848568579741762,0.16233702472073738,0.003322078569111993
C0654,-0.10256885788732298,-0.14988737106106756,0.049493646745368186
C0655,0.31467929077045337,0.16018074251785003,0.4409217838299857
C0656,-0.22071233463866038,-0.05092549365040915,-0.3628368628790812
C0657,0.3171349649911675,0.11549139564074398,0.10960023738295795
C0658,-0.3420276614907522,-0.1803644589346455,0.08274366125802352
C0659,-0.23093934606168437,-0.032646190143802656,-0.1859092392048784
C0660,0.25935200336702163,0.10402880940391637,-0.003404293588293899
C0661,0.30412030015389846,0.19866078887461938,-0.20857538316648805
C0662,-0.3401132142316493,-0.091495641821843,-0.13495304800822822
C0663,0.12175420613823315,-0.024197327706327675,0.22269550345595132
C0664,0.32047636652118405,0.21557298342122044,-0.1043342444639791
C0665,-0.3409279555227954,-0.23132626439749593,-0.020045512882688164
C0666,0.145987226748695,0.09196939222105699,-0.1936978138884453
C0667,-0.2829402544161503,-0.2156458702219486,0.15935683617518376
C0668,0.2776338001075632,0.08673487733897689,-0.17262939028226817
C0669,-0.20120249273155172,0.013502226804277548,-0.30515442697351536
C0670,-0.1514514113035942,0.08068943299562863,-0.23068182842735163
C0671,0.32386758229983287,0.20744863908274183,0.05448514864261864
C0672,-0.12916184805892378,-0.1713341956536494,-0.03612780628968978
C0673,0.22794387148141668,-0.015679389495989907,0.16879494011441762
C0674,0.18524606363183677,0.09448152662832454,0.043916338672876434
C0675,-0.08607043119003109,-0.021825836838568945,-0.09680094203729599
C0676,0.269925741584921,0.20750981728906426,-0.1959914219669677
C0677,-0.309657064850298,-0.08398477326786073,-0.39213072770184776
C0678,0.275264013985904,0.23561985276659436,-0.20299169357335903
C0679,-0.3746194816835772,-0.12994687017514378,-0.08399482044809532
C0680,0.1804816409609676,0.11630982794727207,-0.1894113983093608
C0681,-0.2635140065084819,-0.06922634294554304,0.0240112782094643
C0682,0.2972968101714358,0.1760962275956901,0.09499488565646749
C0683,-0.30950641524167566,-0.06142469176631669,-0.0689333712293198
C0684,0.2819495080351076,0.1389536578225396,-0.07882487632420804
C0685,0.06074615605366082,0.02126579523324874,0.22534978383535348
C0686,-0.15175989381277227,-0.06690236069522232,0.03621318877234474
C0687,0.25573169942754503,0.08681737271395824,0.1839792954590979
C0688,-0.2895013402821104,-0.11456537064654189,-0.05149045133841732
C0689,0.18625956087801349,0.08540007585693285,-0.12170179000640141
C0690,-0.3104871066242701,-0.15027124349574358,-0.01042426231795116
C0691,0.28333424887799025,0.18997936166351484,0.08901706871866591
C0692,-0.14159759588337947,0.010769049962100577,-0.24429302230008854
C0693,0.11731197218498983,0.10619218642295863,0.062026721663190065
C0694,-0.29567982413791644,-0.3159596739078325,-0.3665258213969874
C0695,0.1906738974748954,-0.003336519825257474,0.2961715169232218
C0696,-0.20692318486308134,-0.13683421320919995,0.32358271058598137
C0697,0.055741170194531266,0.10520853892891492,0.0017292368707760865
C0698,-0.1858115376860867,-0.09072201323520003,-0.04288115722863585
C0699,0.2402548563201392,0.06139848038424318,0.07080661951922358
C0700,-0.41750600587961506,-0.1959014068902144,-0.24002307016910723
C0701,0.3893230994536474,0.3163851429718983,0.12022566276834874
C0702,-0.17908461894237382,-0.11896428762563112,-0.13108875451698804
C0703,0.2901444825479219,0.29994669668846674,-0.15639598743177366
C0704,-0.24861926057860378,-0.11159807102557072,0.025339852128451884
C0705,0.1493012208314099,0.058610427651992106,-0.06884068409971363
C0706,-0.33572989989971774,-0.17733014414664408,-0.06469274940499276
C0707,0.13665789001381118,0.133618104467674,0.07022176574161994
C0708,-0.19907390352513643,-0.1870459438473448,0.392982556824688
C0709,0.3863434448808687,0.22312277852600532,-0.02314795278873085
C0710,-0.3527489723224131,-0.12063333648156001,-0.06891128573276706
C0711,0.23890327381075466,0.1880550122754272,-0.22160386768143361
C0712,-0.23525893913798174,-0.0729463757867697,-0.1081632843401849
C0713,0.22737742630108815,0.07324689315421712,-0.07413205675594498
C0714,-0.18823563504619747,-0.18177851410733534,0.12074499134583447
C0715,0.31915833563700746,0.1784047860085679,0.08440598610542263
C0716,-0.19435345799041823,-0.04288618111380634,-0.33873456652631057
C0717,0.32841302841682957,0.21350237361737584,0.05186881908376557
C0718,-0.010888999432688418,-0.015337381312362598,0.2432332242087612
C0719,-0.25346116310956585,-0.2725617788774261,0.18652476013296856
C0720,0.20956100711604597,0.13841293500831675,-0.21984800826736375
C0721,-0.34545617771502485,-0.21568113080838017,0.06570289003868457
C0722,0.20801941064779725,0.07572195748372441,0.1793590637495707
C0723,-0.08443643833495486,-0.04595427630661993,0.21713494106961354
C0724,0.2414054782955923,0.13208635011716224,0.14898246310281774
C0725,-0.33008304039787834,-0.29950012755395694,0.2855902595476295
C0726,0.23342560805699647,0.17793457824433154,-0.001081459955795583
C0727,0.24368316302231335,0.1721606306958023,-0.05340175367275339
C0728,-0.26207960122835966,-0.06546451570232993,-0.03538067166788499
C0729,0.26773560208941644,0.19243045896133107,0.29561752574572575
C0730,-0.11037322802082972,-0.1156187599351248,0.001301428130809811
C0731,0.26815200149965834,0.2886420229626982,-0.25952345205326927
C0732,-0.2066959982121415,-0.22340379338299174,0.17468615072760676
C0733,-0.23781562578783655,-0.059213739876048666,-0.06417439070163698
C0734,0.2406326366374991,0.11392863521671985,0.06291086067072385
C0735,-0.3167553977019048,-0.13049782609824975,-0.0954321540359754
C0736,0.3755361242790743,0.34994428511491543,0.24881637259608774
C0737,-0.32424453737723347,-0.14750741524501,-0.20776436104088225
C0738,0.3512580991455559,0.19943825185615077,0.40143513517585766
C0739,0.1672808748164959,-0.01777884291843592,-0.2403194804639319
C0740,-0.28883732360570014,-0.21426778562839227,-0.19795266249804905
C0741,0.3196952423937168,0.2197043919244119,-0.03816119828431519
C0742,-0.25108066979291627,-0.4129757460492876,0.5492432349481793
C0743,0.3906025413199355,0.19462627535485014,0.20692220600482197
C0744,0.22178926459356865,0.09430598240925668,-0.11450335014603867
C0745,-0.2753041763791178,-0.06642752581694424,-0.3142731414509649
C0746,0.23490510480357796,0.18177447175365616,-0.015136836269055353
C0747,-0.1455344510107158,-0.17137859204119799,0.2981737099939612
C0748,0.35635301657709384,0.17720121476553902,0.14551921885638594
C0749,-0.25318931992764676,-0.20619658513675598,0.24727992707300903
C0750,0.19673086630106626,0.06749218458918228,-0.0629258845423724
C0751,-0.3174960285237437,-0.34409914952583753,0.22599723147859002
C0752,0.32897287682665777,0.13811194029493853,-0.06522164432346442
C0753,-0.22694231528367945,-0.15069023754080324,-0.12072797871971998
C0754,0.3229452233856182,0.21355785173593364,0.1033800501846958
C0755,-0.4006752633599478,-0.14621180517347976,-0.1644171348723859
C0756,0.2993452347903649,0.1365439411190042,0.03812443122829297
C0757,-0.32910748390142935,-0.2411088427276748,-0.013649215727175474
C0758,0.3026882722654549,0.2779669721892385,0.13510703803178872
C0759,0.30014199667349994,0.22206936527292648,0.16093517712921898
C0760,-0.33872187364942813,-0.1939467087261351,0.0995602084619833
C0761,0.18055184677619399,0.06983681152818043,0.1968120205525167
C0762,-0.4264779773798874,-0.18126306160015396,-0.23052506476170592
C0763,0.34068275295335154,0.27949103995166824,-0.12876094196613241
C0764,-0.1413907412042308,0.014575618111744347,-0.14562358025287886
C0765,0.3075678656037715,0.15282404871964853,0.30598617057370225
C0766,-0.2704649413832146,-0.21143529519444465,0.10353901309272315
C0767,0.2914900342664149,0.19696611486972826,-0.18794383872107837
C0768,-0.4146999541798358,-0.1274358676262941,-0.2489843434397523
C0769,0.16385670373612113,0.09125549665242458,-0.0542745758417139
C0770,-0.21932096095482634,-0.1298050400993936,-0.042139907346096406
C0771,0.2763442118444076,0.07774470560877413,-0.04806367891244967
C0772,-0.2326795206803897,-0.1462648602297946,0.04019544540913818
C0773,0.2763428828193852,0.25166556380218486,-0.1628604823019507
C0774,0.18536703964869194,0.040905426753752916,0.14312695248662005
C0775,-0.33958673967357417,-0.11239951799550597,-0.19834341630263197
C0776,0.27382565994126423,0.2147314020924875,0.14878316156578864
C0777,-0.23162921223301974,-0.13129700140680411,-0.29251507492356077
C0778,0.17854070140773318,0.010198200787565113,-0.1722011923045925
C0779,-0.08909261884462244,-0.036283798364683116,-0.17012276526658668
C0780,0.402475336375232,0.25984456914297144,0.007558689777314082
C0781,-0.21982938443092645,-0.25145731072305505,0.1208884776754806
C0782,0.3305446255725579,0.11896168175143752,0.08137466314194194
C0783,-0.36535366665022984,-0.23866543457902978,-0.10396760615293262
C0784,0.2570349034347055,0.06691419576141176,0.3059917993318207
C0785,-0.40700688445273786,-0.24182279821730684,-0.04416493852701082
C0786,0.18709197254000298,0.04668040900942392,0.11389714301467183
C0787,-0.20265015998289174,-0.19982311806808475,-0.018681543748385526
C0788,0.2762458255177612,0.1329708255675357,-0.03568275165726342
C0789,-0.3183578670373303,-0.1079876339559051,0.0021251716431957574
C0790,0.31742248015173447,0.23326667061845868,0.09547204171752938
C0791,-0.07820157264899166,-0.03219848641511316,-0.06577022886739543
C0792,0.25183023424520956,0.08882547476995305,0.016737213606750907
C0793,-0.23173958722358048,-0.15404141242446942,0.06658589361963507
C0794,0.17972564302465413,0.17976738215406526,0.036654955753847446
C0795,-0.2910691030453944,-0.15862499223128954,-0.31229626121137627
C0796,0.11851917757314817,0.04222029070393328,0.026255896925335646
C0797,-0.20797334829459113,-0.18099219178886883,0.3611527970558255
C0798,0.11959587604748215,-0.02523268220184171,-0.22838125782998392
C0799,-0.2585154074419943,-0.15626068252219752,-0.2404224446332234
C0800,0.3045047869339177,0.2402163303555992,-0.056674782096018395
C0801,-0.08223040659679984,-0.027736685010214424,-0.06961267054137533
C0802,0.2253668292922144,0.1994982900847814,-0.36887222084767635
C0803,-0.23495556724664415,-0.11588947815394872,-0.34878266784352735
C0804,0.3022764101812591,0.1254547285155886,0.13667407838497084
C0805,0.009954032717006702,-0.07308919527407229,0.12049031136201349
C0806,-0.1172497835626398,-0.15494299594414362,-0.13792047146710112
C0807,0.3419367796253429,0.19910296370262334,-0.35387997209119837
C0808,-0.24674683190301913,-0.20552422606855897,0.12683900339371165
C0809,0.3290445615631556,0.1808630288920904,0.22254345881911855
C0810,-0.008153516137268089,-0.004407529366891719,-0.2420898642214503
C0811,-0.23379152949891593,-0.2025029619444702,0.19723314026478242
C0812,-0.16239403046494078,-0.070383597640705,-0.32986366277233586
C0813,0.09081384544008103,0.1082676895605902,-0.1495144425986828
C0814,0.05088347566243568,0.011461224560543071,0.0581369551991286
C0815,-0.21403286634928917,-0.055822096534608824,-0.025394923539194363
C0816,0.13212624534436612,0.06480754135625545,-0.3665076613692198
C0817,-0.2295951668186793,-0.13957733143725384,-0.20021977683976921
C0818,-0.30174138586234617,-0.24164313551758435,0.16283991214160412
C0819,0.22946578023362818,0.08088967125157683,-0.11921761575679575
C0820,-0.2547911986249843,-0.136012031345254,0.017133383066085674
C0821,0.38369487303467303,0.2513736074830756,-0.07593140516402623
C0822,-0.24575995576668183,-0.18638762229272596,0.08129027732141299
C0823,0.25922003281472383,0.09763775081882103,0.40329204724640577
C0824,-0.09516058024652525,-0.04802897553429438,-0.09938407673175213
C0825,0.35950355129929373,0.2411112912648982,0.1812545985209262
C0826,-0.1304697418775614,-0.03373791279756891,-0.048206114945044114
C0827,0.27494000766770726,0.19912187918493326,0.48547136327372814
C0828,-0.16885421167015358,-0.07094124966626855,-0.04643837731556067
C0829,0.2875491012881862,0.17877290604309937,-0.0952832308262462
C0830,-0.2307473894494747,-0.3078372171187675,-0.005417442655477186
C0831,-0.23651441109009078,-0.286211154087101,0.2838641994610066
C0832,0.24869990411569093,0.1376705553902959,-0.28269639018690235
C0833,-0.2961213473287375,-0.20871345430535715,-0.15542652136332544
C0834,0.26994671368798295,0.15151589334276327,-0.034666710077730756
C0835,-0.07759699603586193,-0.15985539544614974,0.47324984787408614
C0836,0.246068187208466,0.07397456821446402,0.23454814231161555
C0837,0.2638116779610466,0.1530893745147628,-0.00123956444636336
C0838,-0.3051406192213899,-0.39931537639442655,0.46220204235918333
C0839,0.2114483020953648,0.03023089901268001,0.29961498354694893
C0840,-0.2808618135154116,-0.3363106092545339,0.5166460556660312
C0841,0.33345213181314143,0.18127356437842398,-0.24850191233752308
C0842,-0.2358908681661403,-0.02088700713702664,-0.044021893100680116
C0843,0.12989416469103193,0.13957417799375763,-0.10911879019594939
C0844,-0.33399606886743005,-0.23809682101862112,0.028295669709141356
C0845,0.28801946451965543,0.049104615099031045,0.21114973073586354
C0846,0.11402711531216882,0.014084339852741289,0.22324226882518425
C0847,-0.33891335445966836,-0.1512665630906536,-0.09968387296966001
C0848,0.3553765213946529,0.2510646725119093,-0.0658118132779891
C0849,-0.3162707314878372,-0.08042992195851191,-0.20120103177319762
C0850,0.21684673197476165,0.11798237793444592,0.3343417214306569
C0851,-0.287226541799174,-0.1690220321662221,-0.18163082847521195
C0852,0.20402569850825897,0.058354670962668616,0.05364709072304488
C0853,-0.262136574304673,-0.10023852086915043,-0.10509227328348604
C0854,0.25592990165665624,0.13449385210104312,-0.04011515353141208
C0855,-0.28160961191447137,-0.1367815893411032,-0.10701245827634129
C0856,0.23975416044986342,0.047645432490608694,-0.12654436487039844
C0857,-0.41461520374882516,-0.07532073331555961,-0.22822221201112838
C0858,0.14784958255474345,-0.026312376166056962,-0.06598766759744268
C0859,-0.22870242572687166,-0.15870225789552808,0.1626706230937313
C0860,0.28930073414430924,0.21483443950581593,-0.1982720803677771
C0861,-0.324725961969515,-0.08779067489765473,-0.2652919815371721
C0862,0.16004947667090097,0.15294626459845495,-0.15047728974852645
C0863,-0.24013645752654367,-0.10266737991965864,-0.3076901798055634
C0864,0.26190066709815096,0.15141009648396886,-0.14163736783856934
C0865,-0.22026874291003234,-0.20064729958908287,0.24656670102011718
C0866,0.2996392393005846,0.11440560087573487,0.03893706035559041
C0867,-0.35312016061712265,-0.1838627064439791,-0.013487612128283711
C0868,0.22199718320086745,0.06443783487374707,0.4829396897698844
C0869,-0.17197663843229063,0.011889470056074387,-0.27155613849371724
C0870,0.2777061922233871,0.1465728215940366,0.2359552344190326
C0871,-0.20102534519319537,-0.21585849111969307,0.3171514238531698
C0872,0.2497990945141954,0.17653849762942597,0.08133422593893277
C0873,-0.1951894214185642,-0.17271541408267965,0.3158950045922388
C0874,0.2686631292575956,0.16425929924318183,0.5199262084870913
C0875,0.23053490228121756,0.21439956631638368,-0.36219225452054976
C0876,-0.4009859689555072,-0.29697750681170604,0.1295623753626979
C0877,0.19842400241044508,0.0175794347315901,0.30355698508416096
C0878,-0.3192514845976736,-0.2091900839261986,-0.046360357427097314
C0879,0.2486984301528197,0.12802033036938687,0.2447838802145138
C0880,-0.28196757942285555,-0.11017585851191194,-0.30783833416314776
C0881,0.20952765176152632,0.17142330867683397,-0.06183552913179198
C0882,-0.2499696796052922,-0.29236966261920555,0.04772762060675077
C0883,0.3068423588185001,0.1525793342502555,-0.1073511813674246
C0884,-0.3211763510274236,-0.20484775821618534,0.07683721181979557
C0885,0.05532609296564676,0.011544277960791239,-0.25946681302237284
C0886,-0.1131705406729807,-0.11946320709500588,-0.0913766664317339
C0887,0.2546066390429892,0.18561323538853897,-0.12472435404094852
C0888,0.1910073016112065,0.1594499388163314,0.15871934910104865
C0889,-0.36742371805405527,-0.15559899370257022,-0.028954880562757915
C0890,0.2339653609774028,0.07444940725546167,0.046065011909522294
C0891,-0.29929150421356027,-0.14650081769787268,-0.1838385015845973
C0892,0.3529162220496599,0.25007752103931064,0.1837984781764945
C0893,-0.14588315590033127,-0.12513461985971114,-0.04973893200067845
C0894,0.21623132939802087,0.1596475761414604,-0.09075616391826452
C0895,-0.24381421020283314,-0.24330914377824558,0.039967247633539135
C0896,0.27342982663803556,0.261136857880893,-0.2707990760612949
C0897,-0.2894440079689726,-0.19338405689774882,-0.08974448874953958
C0898,0.20452248202024126,0.137588684302885,-0.042759139813032934
C0899,-0.19781975006692584,-0.05381752101026734,-0.1854240256285821
C0900,0.19268719228281803,0.07066217473159077,-0.09646730910689366
C0901,-0.25817812777013355,-0.09421662745765418,-0.21399343550021613
C0902,0.30489014747315163,0.11447772413766003,0.11173059061910208
C0903,0.008369620253516048,0.013269780492622172,-0.047135660391964596
C0904,0.2916755040822312,0.12100871955115093,0.31199879647219275
C0905,-0.24278154572395166,-0.1934093237577445,-0.03145356340666016
C0906,0.20253592959763284,0.1618136173993995,0.07639620307960597
C0907,-0.24224324448526316,-0.17384378494454272,-0.233063002753688
C0908,0.3413320390777716,0.1739164394510462,-0.13894676155137095
C0909,-0.44781847676613457,-0.2488695565279033,-0.32433755056111463
C0910,0.2723846237086369,0.07859464485638747,0.2251072341367013
