candidate_id,candidate_name,party,chamber,state,incumbent,n_tweets,share_retweets,true_ideology
C0001,Sterling Kowalczyk,D,House,AL,False,35,0.22857142857142856,-0.4242
C0002,Ingrid Lindqvist,R,House,AL,True,201,0.4079601990049751,0.5285
C0003,Gideon Wexford,D,House,AL,False,133,0.16541353383458646,-0.6691
C0004,Colton Solberg,R,House,AL,False,118,0.4830508474576271,0.7377
C0005,Jocelyn Lockhart,D,House,AL,True,107,0.37383177570093457,-0.9894
C0006,Jordan Umbridge,R,House,AL,False,81,0.18518518518518517,0.5295
C0007,Maeve Ibarra,D,House,AL,True,85,0.5411764705882353,-0.7373
C0008,Vivienne Whitlock,R,House,AL,False,74,0.2702702702702703,0.672
C0009,Jocelyn Whitlock,D,House,AL,True,91,0.16483516483516483,-0.5761
C0010,Junia Yancey,R,House,AL,False,64,0.296875,0.7616
C0011,Dexter Crowder,D,House,AL,True,201,0.29850746268656714,-0.7358
C0012,Grant Crowder,R,House,AL,False,103,0.5242718446601942,0.6946
C0013,Junia Sandoval,D,House,AL,True,53,0.24528301886792453,-0.6103
C0014,Colton Dunmore,R,House,AL,False,145,0.22758620689655173,0.6706
C0015,Elena Kettering,D,House,AK,True,184,0.5434782608695652,-0.4017
C0016,Lorenzo Falkner,R,House,AK,False,47,0.425531914893617,0.9578
C0017,Kip Kowalczyk,D,House,AZ,True,210,0.5523809523809524,-0.766
C0018,Tamika Eastwood,R,House,AZ,False,32,0.25,0.847
C0019,Grant Nakamura,D,House,AZ,True,43,0.4186046511627907,-0.4967
C0020,Omar Lindqvist,R,House,AZ,False,169,0.2958579881656805,0.5562
C0021,Petra Ivester,I,House,AZ,False,185,0.42162162162162165,0.3213
C0022,Emmett Barrows,D,House,AZ,False,52,0.34615384615384615,-1.0
C0023,Henrietta Prescott,R,House,AZ,False,96,0.11458333333333333,0.6673
C0024,Ulysses Tunstall,D,House,AZ,True,111,0.15315315315315314,-0.66
C0025,Gustavo Eastwood,R,House,AZ,False,28,0.14285714285714285,0.5532
C0026,Mordecai Underhill,D,House,AZ,False,99,0.37373737373737376,-0.4518
C0027,Junia Meriwether,D,House,AZ,False,80,0.375,-0.962
C0028,Osric Sandoval,R,House,AZ,True,94,0.2553191489361702,0.5627
C0029,Ximena Lockhart,D,House,AZ,True,142,0.2676056338028169,-0.2919
C0030,Yolanda Zablocki,R,House,AZ,False,122,0.23770491803278687,0.7014
C0031,Ivan Vasquez-Reed,D,House,AZ,True,66,0.18181818181818182,-0.6998
C0032,Ignatius Quimby,D,House,AZ,False,62,0.41935483870967744,-0.4199
C0033,Jordan Kettering,R,House,AZ,False,106,0.09433962264150944,0.5039
C0034,Lavinia Villanueva,D,House,AR,True,188,0.05319148936170213,-0.857
C0035,York Whitlock,R,House,AR,False,77,0.14285714285714285,0.7136
C0036,Tobias Goodwin,D,House,AR,False,249,0.17670682730923695,-0.563
C0037,York Jessup,R,House,AR,False,53,0.16981132075471697,0.6263
C0038,Renata Solberg,D,House,AR,False,117,0.3504273504273504,-0.8392
C0039,Quincy Villanueva,R,House,AR,True,55,0.36363636363636365,0.3902
C0040,Delphine Holloway,D,House,AR,False,163,0.2331288343558282,-0.5233
C0041,Simone Stanfield,R,House,AR,True,69,0.014492753623188406,0.4407
C0042,Tamika Villanueva,D,House,CA,True,46,0.30434782608695654,-0.4648
C0043,Henrietta Solberg,R,House,CA,False,161,0.4472049689440994,1.0
C0044,Henrietta Sandoval,D,House,CA,False,122,0.040983606557377046,-0.5392
C0045,Osric Abernathy,R,House,CA,True,52,0.07692307692307693,0.3898
C0046,Quentin Prescott,R,House,CA,False,284,0.2605633802816901,1.0
C0047,Lucille Renwick,D,House,CA,True,118,0.3305084745762712,-0.8952
C0048,Harlan Falkner,R,House,CA,False,77,0.05194805194805195,0.9362
C0049,Maeve Lockhart,D,House,CA,True,59,0.11864406779661017,-0.2856
C0050,Opal Ivester,R,House,CA,False,254,0.2559055118110236,0.5703
C0051,Quincy Renwick,D,House,CA,False,103,0.32038834951456313,-0.1854
C0052,Osric Kowalczyk,D,House,CA,False,50,0.12,-0.6107
C0053,Tallulah Zielinski,R,House,CA,False,34,0.23529411764705882,0.9299
C0054,Ignatius Abernathy,D,House,CA,False,164,0.21341463414634146,-0.5167
C0055,Flora Palafox,R,House,CA,True,155,0.5096774193548387,0.7911
C0056,Deshawn Calloway,D,House,CA,False,95,0.43157894736842106,-0.8733
C0057,Cormac Ibarra,R,House,CA,True,112,0.21428571428571427,0.644
C0058,Tobias Ivester,I,House,CA,False,75,0.30666666666666664,0.3913
C0059,Russell Lockhart,R,House,CA,True,130,0.5846153846153846,0.3543
C0060,Rosalind Winterbourne,D,House,CA,False,84,0.20238095238095238,-0.2037
C0061,Priya Meriwether,D,House,CA,False,146,0.07534246575342465,-0.6309
C0062,Renata Calloway,R,House,CA,True,246,0.532520325203252,0.8288
C0063,Tobias Underhill,D,House,CA,False,138,0.12318840579710146,-0.765
C0064,Yolanda Solberg,R,House,CA,True,181,0.2596685082872928,0.5719
C0065,Tallulah Sandoval,D,House,CA,True,99,0.5151515151515151,-0.6324
C0066,Pete Ibarra,R,House,CA,False,87,0.25287356321839083,0.7822
C0067,Maeve Barrows,D,House,CA,True,63,0.19047619047619047,-0.6491
C0068,Bettina Jessup,R,House,CA,False,125,0.096,0.8828
C0069,Rosalind Sandoval,D,House,CA,False,119,0.17647058823529413,-0.5992
C0070,York Sandoval,R,House,CA,True,84,0.11904761904761904,0.71
C0071,Lavinia Bickford,D,House,CA,False,79,0.4050632911392405,-0.8418
C0072,Pete Meriwether,R,House,CA,True,208,0.15865384615384615,0.6073
C0073,Ulysses Abernathy,D,House,CA,True,104,0.17307692307692307,-0.5523
C0074,Vera Thackeray,R,House,CA,False,92,0.2717391304347826,0.5208
C0075,Gustavo Bramble,D,House,CA,False,109,0.12844036697247707,-0.5457
C0076,Flora Bramble,R,House,CA,True,66,0.15151515151515152,0.0629
C0077,Deshawn Kowalczyk,D,House,CA,True,97,0.10309278350515463,-0.3175
C0078,Silas Barrows,R,House,CA,False,107,0.07476635514018691,0.5907
C0079,Junia Jankowski,D,House,CA,False,76,0.5131578947368421,-0.4736
C0080,Quentin Eastwood,R,House,CA,False,54,0.3888888888888889,0.44
C0081,Grant Delacroix,D,House,CA,False,86,0.13953488372093023,-0.8036
C0082,Cassidy Rutledge,R,House,CA,True,34,0.4117647058823529,0.607
C0083,Quincy Goodwin,D,House,CA,True,62,0.43548387096774194,-0.3113
C0084,Jocelyn Crowder,R,House,CA,False,100,0.3,0.2584
C0085,Tallulah Underhill,D,House,CA,False,41,0.12195121951219512,-1.0
C0086,Boyd Alcott,R,House,CA,True,75,0.21333333333333335,0.1529
C0087,Colton Alcott,D,House,CA,False,86,0.23255813953488372,-0.4518
C0088,Hattie Underhill,R,House,CA,False,43,0.0,0.4776
C0089,Lorenzo Quintanilla,D,House,CA,False,79,0.05063291139240506,-0.4723
C0090,Marcus Nakamura,R,House,CA,False,157,0.10191082802547771,1.0
C0091,Noemi Yarborough,D,House,CA,True,98,0.19387755102040816,-0.8162
C0092,Marisol Stanfield,R,House,CA,False,242,0.2892561983471074,0.4508
C0093,Lorenzo Nakamura,D,House,CA,False,112,0.375,-0.6272
C0094,Tallulah Palafox,R,House,CA,True,55,0.12727272727272726,0.4253
C0095,Tamika Vandermeer,D,House,CA,True,61,0.39344262295081966,-0.1485
C0096,Paloma Wexford,R,House,CA,False,209,0.33014354066985646,0.7256
C0097,Renata Marchetti,D,House,CA,True,123,0.14634146341463414,-0.5289
C0098,Noemi Vasquez-Reed,R,House,CA,False,67,0.43283582089552236,0.3869
C0099,Russell Xiong,D,House,CA,True,51,0.23529411764705882,-0.424
C0100,Celeste Crowder,R,House,CA,False,120,0.19166666666666668,0.7518
C0101,Maeve Tunstall,D,House,CA,True,18,0.0,-0.7558
C0102,Anders Okafor,D,House,CA,True,124,0.5161290322580645,-0.69
C0103,Nadia Quintanilla,R,House,CA,False,99,0.4444444444444444,0.759
C0104,Grant Vandermeer,D,House,CA,False,96,0.34375,-0.5432
C0105,Farrah Stanfield,D,House,CA,False,88,0.19318181818181818,-0.7517
C0106,Kendall Zablocki,R,House,CA,True,101,0.37623762376237624,0.8812
C0107,Omar Pemberton,D,House,CA,True,66,0.2878787878787879,-0.0891
C0108,Colton Lockhart,D,House,CA,False,77,0.12987012987012986,-0.3594
C0109,Harlan Rutledge,R,House,CA,True,115,0.4434782608695652,0.8421
C0110,Maeve Sandoval,D,House,CA,False,70,0.2857142857142857,-0.6004
C0111,Tobias Rutledge,D,House,CA,False,68,0.3088235294117647,-0.5855
C0112,Ingrid Lockhart,R,House,CA,True,150,0.16,0.9523
C0113,Kip Holloway,D,House,CA,False,44,0.1590909090909091,-0.3225
C0114,Dexter Fairbanks,R,House,CA,False,93,0.3870967741935484,0.6523
C0115,Zelda Marchetti,D,House,CA,True,131,0.3511450381679389,-0.7529
C0116,Walker Palafox,R,House,CA,False,84,0.09523809523809523,0.6038
C0117,York Delacroix,D,House,CA,True,219,0.5342465753424658,-0.927
C0118,Kendall Barrows,R,House,CA,False,108,0.5092592592592593,0.5811
C0119,Kip Thackeray,D,House,CA,False,61,0.4098360655737705,-0.1173
C0120,Russell Yarborough,R,House,CA,True,175,0.28,0.5538
C0121,Walker Quimby,D,House,CA,True,38,0.3684210526315789,-0.4399
C0122,Sterling Okafor,R,House,CA,False,78,0.3717948717948718,0.5632
C0123,Opal Granger,D,House,CA,False,101,0.039603960396039604,-0.6317
C0124,Cormac Lindqvist,R,House,CA,False,78,0.2564102564102564,0.4197
C0125,Marcus Whitlock,D,House,CA,False,53,0.09433962264150944,-0.8475
C0126,Quentin Stanfield,R,House,CA,False,234,0.2606837606837607,0.7348
C0127,Nolan Umbridge,D,House,CA,False,80,0.1875,-0.6122
C0128,Vera Bramble,R,House,CA,True,77,0.06493506493506493,0.6375
C0129,Cormac Quintanilla,R,House,CA,False,46,0.41304347826086957,0.9335
C0130,Petra Bramble,R,House,CA,True,115,0.5826086956521739,0.9517
C0131,Opal Okafor,D,House,CA,True,83,0.13253012048192772,-0.6365
C0132,Flora Xiong,R,House,CA,False,71,0.2676056338028169,0.7355
C0133,Tallulah Granger,D,House,CA,False,100,0.18,-0.8526
C0134,Cassidy Renwick,R,House,CA,True,91,0.3076923076923077,0.6605
C0135,Ivan Kowalczyk,D,House,CA,False,52,0.19230769230769232,-0.8089
C0136,Lucille Rutledge,R,House,CA,True,101,0.3465346534653465,0.908
C0137,Opal Barrows,R,House,CO,False,67,0.16417910447761194,0.038
C0138,Noemi Lockhart,I,House,CO,False,40,0.15,-0.9147
C0139,Ivan Delacroix,D,House,CO,False,98,0.2857142857142857,-0.8555
C0140,Colton Crowder,R,House,CO,True,166,0.25301204819277107,0.6328
C0141,Nadia Solberg,D,House,CO,False,124,0.29838709677419356,-0.6785
C0142,Paloma Lockhart,R,House,CO,True,105,0.6,0.7947
C0143,Grant Umbridge,D,House,CO,False,102,0.30392156862745096,-0.3448
C0144,Celeste Yancey,R,House,CO,True,51,0.49019607843137253,0.4417
C0145,Ignatius Oglesby,D,House,CO,False,128,0.03125,-0.4637
C0146,Quentin Zielinski,R,House,CO,False,76,0.13157894736842105,0.564
C0147,Russell Stanfield,D,House,CO,False,51,0.37254901960784315,-0.1353
C0148,Ingrid Meriwether,R,House,CO,False,84,0.16666666666666666,0.1978
C0149,Jordan Bickford,I,House,CO,False,71,0.07042253521126761,-0.4062
C0150,Yolanda Thackeray,D,House,CO,True,59,0.11864406779661017,-0.3685
C0151,Lorenzo Renwick,R,House,CO,False,109,0.05504587155963303,0.4359
C0152,Flora Pemberton,D,House,CO,False,138,0.37681159420289856,-0.4247
C0153,Lorenzo Umbridge,R,House,CO,True,144,0.125,0.7083
C0154,Marisol Barrows,D,House,CT,True,131,0.48091603053435117,-0.5375
C0155,Cormac Ivester,R,House,CT,False,75,0.21333333333333335,0.6044
C0156,Lavinia Lockhart,D,House,CT,True,137,0.24087591240875914,-0.7553
C0157,Bettina Yarborough,R,House,CT,False,162,0.16049382716049382,0.5015
C0158,Gideon Granger,D,House,CT,False,86,0.16279069767441862,-0.9445
C0159,Ximena Jessup,R,House,CT,True,139,0.19424460431654678,0.652
C0160,Gideon Jessup,D,House,CT,True,79,0.46835443037974683,-0.724
C0161,Uriel Quimby,R,House,CT,False,87,0.13793103448275862,0.5138
C0162,Mordecai Fairbanks,D,House,CT,False,124,0.3629032258064516,-0.8528
C0163,Nadia Tremblay,R,House,CT,True,101,0.5841584158415841,0.8115
C0164,Colton Rutledge,D,House,DE,False,91,0.15384615384615385,-0.842
C0165,Priya Jessup,R,House,DE,True,60,0.16666666666666666,0.0155
C0166,Ramona Calloway,D,House,FL,False,83,0.14457831325301204,-0.633
C0167,Avery Goodwin,R,House,FL,False,21,0.23809523809523808,0.7081
C0168,Omar Fairbanks,D,House,FL,True,162,0.25925925925925924,-0.8729
C0169,Nadia Falkner,R,House,FL,False,96,0.2708333333333333,0.6861
C0170,Junia Delacroix,D,House,FL,True,68,0.14705882352941177,-0.9654
C0171,Yolanda Vandermeer,R,House,FL,False,91,0.1978021978021978,0.6244
C0172,Henrietta Granger,D,House,FL,True,203,0.1625615763546798,-0.5419
C0173,Lucille Ellingson,R,House,FL,False,173,0.11560693641618497,0.5495
C0174,Nadia Dunmore,D,House,FL,False,69,0.4057971014492754,-0.8467
C0175,Bettina Winterbourne,R,House,FL,True,192,0.203125,0.3367
C0176,Kip Palafox,D,House,FL,True,109,0.1834862385321101,-0.7438
C0177,Flora Ellingson,R,House,FL,False,71,0.04225352112676056,0.3727
C0178,Kendall Alcott,R,House,FL,False,272,0.4264705882352941,0.5342
C0179,York Barrows,D,House,FL,False,70,0.02857142857142857,-0.6523
C0180,Renata Abernathy,R,House,FL,True,79,0.4936708860759494,0.789
C0181,Osric Renwick,D,House,FL,True,70,0.1,-0.5513
C0182,Ulysses Kowalczyk,R,House,FL,False,140,0.16428571428571428,0.5011
C0183,Priya Ivester,D,House,FL,True,33,0.15151515151515152,-0.8626
C0184,Kendall Dunmore,D,House,FL,False,202,0.32673267326732675,-0.5665
C0185,Renata Granger,R,House,FL,True,182,0.21428571428571427,0.7212
C0186,Hattie Ibarra,D,House,FL,False,125,0.312,-0.9788
C0187,Ezra Ibarra,R,House,FL,True,205,0.2048780487804878,0.8124
C0188,Russell Calloway,D,House,FL,True,146,0.3424657534246575,-0.7781
C0189,Ignatius Underhill,R,House,FL,False,113,0.504424778761062,0.2364
C0190,Colton Palafox,D,House,FL,True,74,0.1891891891891892,-0.2152
C0191,Kendall Hargrove,R,House,FL,False,115,0.2956521739130435,1.0
C0192,Lucille Solberg,D,House,FL,True,110,0.33636363636363636,-0.6133
C0193,Harlan Zablocki,R,House,FL,False,146,0.0547945205479452,0.538
C0194,Emmett Ibarra,D,House,FL,True,103,0.2912621359223301,-0.499
C0195,Noemi Nakamura,R,House,FL,False,78,0.10256410256410256,0.8694
C0196,Zelda Jessup,D,House,FL,True,174,0.6609195402298851,-1.0
C0197,Gideon Whitlock,R,House,FL,False,542,0.5461254612546126,0.5096
C0198,Thea Renwick,D,House,FL,True,127,0.3858267716535433,-0.4872
C0199,Russell Crowder,R,House,FL,False,46,0.41304347826086957,0.3359
C0200,Harlan Sandoval,D,House,FL,True,171,0.14619883040935672,-0.7877
C0201,Noemi Yancey,R,House,FL,False,80,0.475,0.3298
C0202,Wendell Kowalczyk,D,House,FL,True,118,0.05084745762711865,-0.3881
C0203,Russell Quintanilla,R,House,FL,False,115,0.23478260869565218,0.9914
C0204,Lucille Xiong,D,House,FL,True,64,0.15625,-0.5706
C0205,Gideon Barrows,R,House,FL,False,35,0.2,0.8204
C0206,Harlan Meriwether,I,House,FL,False,43,0.37209302325581395,0.3266
C0207,York Oglesby,D,House,FL,True,136,0.2647058823529412,-0.6583
C0208,Noemi Underhill,R,House,FL,False,150,0.2866666666666667,0.5728
C0209,Gustavo Abernathy,D,House,FL,False,41,0.4146341463414634,-0.6749
C0210,Nolan Granger,R,House,FL,True,147,0.42857142857142855,0.7397
C0211,Jocelyn Marchetti,D,House,FL,False,137,0.25547445255474455,-0.3313
C0212,Priya Yarborough,R,House,FL,True,84,0.047619047619047616,0.7929
C0213,Vera Underhill,D,House,FL,False,76,0.17105263157894737,-0.651
C0214,Marisol Nakamura,R,House,FL,True,210,0.18571428571428572,0.7808
C0215,Flora Sandoval,D,House,FL,True,90,0.3333333333333333,-0.7538
C0216,Ignatius Bramble,R,House,FL,False,113,0.4336283185840708,0.6794
C0217,Lucille Tremblay,D,House,FL,False,102,0.1568627450980392,-0.6374
C0218,Elena Prescott,R,House,FL,True,150,0.05333333333333334,0.3526
C0219,Omar Nakamura,D,House,FL,True,46,0.13043478260869565,-0.8249
C0220,Lavinia Winterbourne,R,House,FL,False,108,0.35185185185185186,0.7024
C0221,Flora Villanueva,D,House,GA,True,40,0.275,-0.4935
C0222,Uriel Thackeray,R,House,GA,False,159,0.39622641509433965,0.2302
C0223,Sterling Zablocki,D,House,GA,True,83,0.5060240963855421,-0.5559
C0224,Rosalind Palafox,R,House,GA,False,191,0.18324607329842932,0.7711
C0225,Nadia Ravenscroft,D,House,GA,True,38,0.5,-0.8646
C0226,Priya Vasquez-Reed,R,House,GA,False,86,0.45348837209302323,0.785
C0227,Colton Whitlock,D,House,GA,False,99,0.5151515151515151,-0.7269
C0228,Uriel Hargrove,R,House,GA,False,262,0.3969465648854962,0.3657
C0229,Marcus Kettering,D,House,GA,True,85,0.38823529411764707,-0.4721
C0230,Tobias Okafor,R,House,GA,False,106,0.3490566037735849,0.5141
C0231,Paloma Abernathy,D,House,GA,True,72,0.027777777777777776,-0.5635
C0232,Celeste Granger,R,House,GA,False,71,0.19718309859154928,0.5581
C0233,Nolan Ellingson,D,House,GA,False,146,0.4931506849315068,-0.8096
C0234,Petra Zablocki,R,House,GA,False,197,0.14213197969543148,0.3014
C0235,Vera Northcutt,D,House,GA,False,72,0.2638888888888889,-1.0
C0236,Ivan Tunstall,R,House,GA,False,74,0.4594594594594595,0.5819
C0237,Marisol Hargrove,D,House,GA,False,126,0.12698412698412698,-0.6769
C0238,Ezra Kowalczyk,R,House,GA,False,193,0.42487046632124353,0.5889
C0239,Uriel Northcutt,D,House,GA,True,74,0.08108108108108109,-0.5963
C0240,Gustavo Wexford,R,House,GA,False,135,0.2814814814814815,0.8375
C0241,Marisol Lindqvist,R,House,GA,True,80,0.675,1.0
C0242,Quincy Kowalczyk,D,House,GA,True,249,0.18072289156626506,-0.3508
C0243,Yolanda Goodwin,R,House,GA,False,125,0.136,0.5743
C0244,Tallulah Northcutt,D,House,GA,False,142,0.19718309859154928,-0.9762
C0245,Emmett Lockhart,R,House,GA,True,211,0.24644549763033174,0.4941
C0246,Cormac Meriwether,D,House,GA,True,76,0.14473684210526316,-0.7812
C0247,Maeve Dunmore,R,House,GA,False,460,0.3456521739130435,0.8649
C0248,Wendell Yancey,D,House,HI,False,117,0.2564102564102564,-0.8294
C0249,York Eastwood,R,House,HI,True,41,0.14634146341463414,0.817
C0250,Quincy Nakamura,D,House,HI,True,48,0.5833333333333334,-0.5712
C0251,Yolanda Oglesby,R,House,HI,False,110,0.1,0.7077
C0252,Wendell Alcott,D,House,ID,False,105,0.13333333333333333,-0.8731
C0253,Osric Meriwether,R,House,ID,True,56,0.25,0.9608
C0254,Priya Whitlock,D,House,ID,False,160,0.075,-0.4224
C0255,Nolan Prescott,R,House,ID,False,76,0.4342105263157895,0.439
C0256,Colton Ostrander,D,House,IL,True,38,0.15789473684210525,-0.6995
C0257,Uriel Fairbanks,R,House,IL,False,72,0.75,0.4827
C0258,Flora Oglesby,R,House,IL,False,32,0.46875,0.7599
C0259,Emmett Zablocki,D,House,IL,False,94,0.13829787234042554,-0.5342
C0260,Hattie Whitlock,R,House,IL,True,83,0.6024096385542169,0.5977
C0261,Opal Underhill,D,House,IL,True,77,0.37662337662337664,-0.7227
C0262,Vera Solberg,R,House,IL,False,174,0.3505747126436782,0.4327
C0263,Opal Nakamura,D,House,IL,False,130,0.49230769230769234,-0.5445
C0264,Uriel Oglesby,R,House,IL,True,99,0.40404040404040403,1.0
C0265,Hattie Jessup,D,House,IL,False,215,0.6465116279069767,-0.8596
C0266,York Goodwin,R,House,IL,True,100,0.19,1.0
C0267,Marisol Quintanilla,D,House,IL,False,46,0.21739130434782608,-0.8868
C0268,Paloma Eastwood,R,House,IL,True,85,0.4117647058823529,0.9489
C0269,Jordan Falkner,I,House,IL,False,153,0.21568627450980393,0.0274
C0270,Cassidy Nakamura,D,House,IL,True,54,0.46296296296296297,-0.7146
C0271,Tallulah Pemberton,R,House,IL,False,256,0.34375,0.672
C0272,Junia Vasquez-Reed,D,House,IL,True,113,0.19469026548672566,-0.6404
C0273,Ramona Yarborough,R,House,IL,False,66,0.3787878787878788,0.3499
C0274,Deshawn Granger,D,House,IL,False,96,0.15625,-1.0
C0275,Kip Ashford,R,House,IL,True,97,0.5154639175257731,0.3676
C0276,Emmett Oglesby,D,House,IL,False,25,0.04,-0.4264
C0277,Bettina Okafor,R,House,IL,True,128,0.109375,0.4851
C0278,York Marchetti,R,House,IL,True,36,0.25,0.5657
C0279,Kip Granger,D,House,IL,True,184,0.125,-0.6582
C0280,Celeste Bickford,R,House,IL,False,63,0.06349206349206349,0.7174
C0281,Deshawn Crowder,D,House,IL,True,100,0.31,-0.7481
C0282,Emmett Pemberton,R,House,IL,False,29,0.3103448275862069,0.343
C0283,Cassidy Granger,D,House,IL,False,44,0.3181818181818182,-0.7535
C0284,Farrah Solberg,R,House,IL,False,244,0.36885245901639346,0.9528
C0285,Vivienne Villanueva,D,House,IL,True,56,0.05357142857142857,-0.7323
C0286,Kendall Whitlock,R,House,IL,False,118,0.16101694915254236,0.6408
C0287,Lavinia Bramble,D,House,IL,True,94,0.3404255319148936,-0.3992
C0288,Harlan Kowalczyk,R,House,IL,False,69,0.07246376811594203,0.6483
C0289,Grant Thackeray,R,House,IN,True,83,0.37349397590361444,0.3781
C0290,Lorenzo Ellingson,D,House,IN,False,92,0.14130434782608695,-0.557
C0291,Jocelyn Meriwether,D,House,IN,False,161,0.13043478260869565,-0.5759
C0292,Jordan Goodwin,D,House,IN,False,97,0.23711340206185566,-0.5326
C0293,Wendell Vandermeer,R,House,IN,True,72,0.1111111111111111,0.6445
C0294,Harlan Solberg,D,House,IN,True,124,0.46774193548387094,-0.4683
C0295,Vivienne Ellingson,R,House,IN,False,123,0.21138211382113822,0.3992
C0296,Cassidy Meriwether,D,House,IN,False,68,0.20588235294117646,-0.5259
C0297,Grant Tunstall,R,House,IN,False,50,0.14,0.6582
C0298,Marisol Jessup,D,House,IN,False,115,0.034782608695652174,-0.5189
C0299,Tobias Quimby,R,House,IN,False,49,0.12244897959183673,0.5355
C0300,Harlan Jessup,D,House,IN,False,172,0.4069767441860465,-0.6764
C0301,Farrah Crowder,R,House,IN,True,214,0.1822429906542056,0.3961
C0302,Anders Stanfield,D,House,IN,False,168,0.13095238095238096,-0.7174
C0303,Uriel Stanfield,R,House,IN,True,86,0.10465116279069768,0.9492
C0304,Osric Whitlock,D,House,IA,False,45,0.17777777777777778,-0.6787
C0305,Ramona Ashford,R,House,IA,True,147,0.3945578231292517,0.9872
C0306,Elena Ibarra,D,House,IA,True,55,0.09090909090909091,-0.4994
C0307,Tamika Sandoval,R,House,IA,False,123,0.6422764227642277,0.4418
C0308,Wendell Pemberton,D,House,IA,True,46,0.10869565217391304,-0.571
C0309,Celeste Zablocki,R,House,IA,False,42,0.30952380952380953,0.8048
C0310,Renata Falkner,D,House,IA,True,134,0.3805970149253731,-0.6354
C0311,Lucille Nakamura,R,House,IA,False,174,0.1896551724137931,0.7521
C0312,Henrietta Ravenscroft,I,House,IA,False,42,0.6666666666666666,-0.7529
C0313,Silas Holloway,D,House,KS,False,50,0.3,-0.3707
C0314,Lucille Ashford,R,House,KS,True,62,0.24193548387096775,0.9703
C0315,Marisol Marchetti,I,House,KS,False,63,0.1746031746031746,-0.6423
C0316,Yolanda Bickford,R,House,KS,True,111,0.2882882882882883,0.7592
C0317,Boyd Vandermeer,I,House,KS,False,185,0.12432432432432433,-0.0382
C0318,Noemi Hargrove,R,House,KS,True,135,0.1925925925925926,0.4941
C0319,Nadia Thackeray,D,House,KS,True,72,0.06944444444444445,-0.542
C0320,Ingrid Northcutt,R,House,KS,False,112,0.38392857142857145,0.2767
C0321,Nolan Crowder,D,House,KY,False,159,0.1949685534591195,-0.759
C0322,Zelda Oglesby,R,House,KY,False,112,0.5357142857142857,0.6358
C0323,Tobias Zielinski,D,House,KY,True,161,0.3167701863354037,-0.7395
C0324,Rosalind Oglesby,R,House,KY,False,22,0.3181818181818182,0.6399
C0325,Russell Falkner,D,House,KY,True,88,0.26136363636363635,-0.618
C0326,Emmett Vasquez-Reed,R,House,KY,False,74,0.08108108108108109,0.5035
C0327,Vivienne Eastwood,R,House,KY,True,73,0.4246575342465753,0.4402
C0328,Elena Pemberton,D,House,KY,False,114,0.24561403508771928,-0.5126
C0329,Nadia Quimby,R,House,KY,False,61,0.6229508196721312,0.5508
C0330,Henrietta Pemberton,D,House,KY,False,245,0.43673469387755104,-1.0
C0331,Tamika Jankowski,R,House,KY,True,149,0.31543624161073824,0.6803
C0332,Uriel Xiong,R,House,LA,False,55,0.43636363636363634,0.5697
C0333,Jordan Prescott,D,House,LA,True,128,0.203125,-0.7233
C0334,Kip Zielinski,R,House,LA,False,53,0.09433962264150944,0.4303
C0335,Rosalind Whitlock,D,House,LA,True,79,0.25316455696202533,-0.3124
C0336,Quincy Marchetti,R,House,LA,False,79,0.31645569620253167,0.4314
C0337,Opal Prescott,D,House,LA,True,91,0.32967032967032966,-0.5968
C0338,Kip Rutledge,R,House,LA,False,75,0.26666666666666666,1.0
C0339,Cassidy Dunmore,D,House,LA,True,87,0.40229885057471265,-0.2302
C0340,Silas Granger,R,House,LA,False,34,0.029411764705882353,0.5058
C0341,Vera Vasquez-Reed,D,House,LA,False,69,0.2028985507246377,-0.8281
C0342,Yolanda Wexford,R,House,LA,True,232,0.24568965517241378,0.9772
C0343,Bettina Oglesby,D,House,ME,False,112,0.15178571428571427,-0.8945
C0344,Elena Villanueva,R,House,ME,True,80,0.4375,0.7365
C0345,Harlan Holloway,D,House,MD,False,55,0.34545454545454546,-0.4095
C0346,Ivan Oglesby,R,House,MD,True,84,0.23809523809523808,0.5773
C0347,Nolan Alcott,D,House,MD,False,107,0.27102803738317754,0.0321
C0348,York Calloway,R,House,MD,True,103,0.1650485436893204,0.4811
C0349,Elena Yancey,D,House,MD,True,104,0.34615384615384615,-0.6753
C0350,Dexter Barrows,R,House,MD,False,51,0.19607843137254902,0.6281
C0351,Sterling Jankowski,D,House,MD,False,71,0.7323943661971831,-0.3547
C0352,Ivan Lindqvist,R,House,MD,False,246,0.24390243902439024,0.3957
C0353,Rosalind Tremblay,R,House,MD,True,89,0.15730337078651685,0.2602
C0354,Walker Renwick,D,House,MD,True,86,0.11627906976744186,-0.7806
C0355,Petra Delacroix,D,House,MD,False,100,0.42,-0.5719
C0356,Noemi Renwick,R,House,MD,True,85,0.43529411764705883,0.4999
C0357,Grant Zablocki,D,House,MD,False,109,0.2018348623853211,-0.3675
C0358,Deshawn Barrows,R,House,MD,False,161,0.2919254658385093,0.4915
C0359,Dexter Ostrander,D,House,MA,True,127,0.14173228346456693,-0.2321
C0360,Uriel Okafor,R,House,MA,False,57,0.24561403508771928,1.0
C0361,Petra Palafox,D,House,MA,True,27,0.0,-0.3582
C0362,Junia Granger,R,House,MA,False,175,0.21714285714285714,0.6934
C0363,Celeste Delacroix,D,House,MA,False,501,0.19760479041916168,-0.9437
C0364,Dexter Quintanilla,R,House,MA,False,160,0.06875,0.7467
C0365,Zelda Yarborough,D,House,MA,True,35,0.14285714285714285,-0.4277
C0366,Celeste Marchetti,R,House,MA,False,151,0.46357615894039733,0.3218
C0367,Russell Ivester,D,House,MA,False,119,0.13445378151260504,-0.8928
C0368,Lavinia Jessup,R,House,MA,True,141,0.2695035460992908,0.645
C0369,Maeve Ostrander,D,House,MA,False,233,0.27467811158798283,-0.5336
C0370,Kendall Eastwood,R,House,MA,True,209,0.215311004784689,0.3428
C0371,Jocelyn Rutledge,I,House,MA,False,110,0.2818181818181818,0.2706
C0372,Cassidy Winterbourne,D,House,MA,True,42,0.09523809523809523,-0.3743
C0373,Maeve Ivester,R,House,MA,False,83,0.13253012048192772,0.24
C0374,Jocelyn Goodwin,D,House,MA,False,158,0.10126582278481013,-0.6493
C0375,Lorenzo Fairbanks,R,House,MA,True,121,0.47107438016528924,0.9448
C0376,Farrah Bramble,D,House,MA,False,93,0.0967741935483871,-0.4156
C0377,Rosalind Vandermeer,R,House,MA,False,80,0.3,0.5141
C0378,Maeve Prescott,R,House,MI,True,157,0.33121019108280253,0.6281
C0379,Farrah Northcutt,D,House,MI,False,125,0.288,-0.7999
C0380,Walker Barrows,R,House,MI,True,122,0.1885245901639344,0.6693
C0381,Ulysses Goodwin,D,House,MI,False,84,0.19047619047619047,-0.6555
C0382,Lorenzo Thackeray,R,House,MI,True,193,0.5233160621761658,0.3718
C0383,Delphine Alcott,D,House,MI,True,106,0.09433962264150944,-0.5723
C0384,Delphine Okafor,R,House,MI,False,60,0.38333333333333336,0.7155
C0385,Omar Bramble,D,House,MI,False,68,0.5,-1.0
C0386,Harlan Vandermeer,R,House,MI,True,31,0.1935483870967742,0.3719
C0387,Dexter Ashford,R,House,MI,True,111,0.23423423423423423,0.2152
C0388,Mordecai Villanueva,I,House,MI,False,46,0.13043478260869565,0.478
C0389,Zelda Quintanilla,D,House,MI,True,54,0.5185185185185185,-0.7803
C0390,Paloma Nakamura,R,House,MI,False,95,0.2736842105263158,0.4208
C0391,Ignatius Dunmore,D,House,MI,True,157,0.39490445859872614,-0.5259
C0392,Colton Yancey,R,House,MI,False,168,0.19047619047619047,0.7712
C0393,Kip Stanfield,D,House,MI,True,36,0.3055555555555556,-0.389
C0394,Celeste Underhill,R,House,MI,False,266,0.4473684210526316,0.8379
C0395,Ramona Jessup,D,House,MI,False,83,0.0963855421686747,-0.2764
C0396,Emmett Zielinski,R,House,MI,True,136,0.25735294117647056,0.677
C0397,Petra Vasquez-Reed,D,House,MI,False,80,0.375,-0.47
C0398,Hattie Xiong,R,House,MI,True,40,0.05,0.4822
C0399,Quincy Bickford,D,House,MI,False,148,0.16216216216216217,-0.6653
C0400,Priya Quintanilla,R,House,MI,False,66,0.42424242424242425,0.6399
C0401,Flora Fairbanks,R,House,MI,False,227,0.06607929515418502,0.6237
C0402,Deshawn Jankowski,D,House,MN,True,137,0.08759124087591241,-0.4864
C0403,Nolan Tunstall,R,House,MN,False,88,0.3181818181818182,0.7514
C0404,Bettina Vandermeer,D,House,MN,False,128,0.5234375,0.0281
C0405,Gustavo Jessup,R,House,MN,False,180,0.17777777777777778,0.645
C0406,Silas Nakamura,D,House,MN,True,71,0.28169014084507044,-0.8683
C0407,Quentin Fairbanks,R,House,MN,False,158,0.17721518987341772,0.2524
C0408,Harlan Whitlock,D,House,MN,True,46,0.0,-0.6801
C0409,Lavinia Zablocki,R,House,MN,False,85,0.10588235294117647,0.6574
C0410,Marcus Ivester,D,House,MN,False,101,0.24752475247524752,-0.6368
C0411,Vera Goodwin,R,House,MN,True,113,0.45132743362831856,0.2742
C0412,Ivan Bickford,D,House,MN,True,208,0.3701923076923077,-0.1042
C0413,Boyd Vasquez-Reed,R,House,MN,False,67,0.26865671641791045,0.5171
C0414,Walker Ashford,D,House,MN,True,275,0.20363636363636364,-0.6666
C0415,Ingrid Yancey,R,House,MN,False,200,0.065,0.8368
C0416,Ezra Zielinski,D,House,MN,True,67,0.4626865671641791,-0.2932
C0417,Dexter Northcutt,R,House,MN,False,71,0.323943661971831,0.6738
C0418,Anders Granger,D,House,MS,False,81,0.1728395061728395,-1.0
C0419,Pete Underhill,R,House,MS,True,91,0.37362637362637363,0.5509
C0420,Yolanda Ashford,D,House,MS,True,178,0.25842696629213485,-0.5466
C0421,Boyd Goodwin,R,House,MS,False,44,0.20454545454545456,0.4391
C0422,Avery Fairbanks,D,House,MS,True,90,0.2,-0.5747
C0423,Omar Abernathy,R,House,MS,False,146,0.0547945205479452,0.7341
C0424,Walker Dunmore,D,House,MS,False,56,0.03571428571428571,-0.5591
C0425,Tobias Tremblay,R,House,MS,False,81,0.48148148148148145,0.514
C0426,Junia Ostrander,D,House,MO,False,88,0.29545454545454547,-0.8961
C0427,Lorenzo Quimby,R,House,MO,True,126,0.047619047619047616,0.6911
C0428,Bettina Rutledge,D,House,MO,True,316,0.31645569620253167,-0.722
C0429,Omar Ravenscroft,R,House,MO,False,90,0.06666666666666667,0.5682
C0430,Junia Zablocki,I,House,MO,False,392,0.5663265306122449,0.2735
C0431,Cassidy Vandermeer,D,House,MO,False,226,0.15486725663716813,-0.5151
C0432,Osric Goodwin,R,House,MO,False,86,0.36046511627906974,0.7823
C0433,Ezra Yarborough,D,House,MO,False,48,0.22916666666666666,-0.7726
C0434,Vera Abernathy,R,House,MO,True,88,0.6590909090909091,0.6033
C0435,Sterling Calloway,D,House,MO,False,219,0.6118721461187214,-0.5405
C0436,Thea Abernathy,R,House,MO,False,180,0.22777777777777777,0.4572
C0437,Cassidy Kettering,D,House,MO,False,103,0.34951456310679613,-0.4471
C0438,Tamika Lindqvist,R,House,MO,False,108,0.2222222222222222,0.51
C0439,Ingrid Bickford,D,House,MO,True,158,0.21518987341772153,-0.9148
C0440,Hattie Yancey,R,House,MO,False,237,0.1350210970464135,0.5102
C0441,Ximena Jankowski,D,House,MO,True,164,0.5304878048780488,-0.9015
C0442,Uriel Alcott,R,House,MO,False,137,0.22627737226277372,0.8689
C0443,Petra Goodwin,D,House,MT,False,171,0.22807017543859648,-0.768
C0444,Uriel Rutledge,R,House,MT,True,343,0.15160349854227406,0.3699
C0445,Gideon Goodwin,I,House,MT,False,90,0.17777777777777778,-0.0419
C0446,Simone Umbridge,D,House,MT,False,118,0.1694915254237288,-0.3552
C0447,Hattie Quintanilla,R,House,MT,False,250,0.28,0.6846
C0448,Flora Okafor,D,House,NE,False,93,0.0967741935483871,-0.6624
C0449,Ulysses Calloway,R,House,NE,True,55,0.34545454545454546,0.6047
C0450,Nadia Bramble,D,House,NE,False,315,0.09523809523809523,-0.5661
C0451,Marisol Quimby,R,House,NE,True,96,0.28125,0.9568
C0452,Lucille Zielinski,D,House,NE,True,95,0.30526315789473685,-0.5089
C0453,Omar Yarborough,R,House,NE,False,199,0.46733668341708545,0.4595
C0454,Nolan Stanfield,D,House,NV,False,139,0.26618705035971224,-0.5917
C0455,Deshawn Bramble,R,House,NV,True,98,0.3877551020408163,0.9653
C0456,Uriel Umbridge,D,House,NV,True,392,0.40816326530612246,-0.1955
C0457,Marcus Jankowski,R,House,NV,False,107,0.028037383177570093,0.5301
C0458,Avery Bickford,D,House,NV,True,82,0.2804878048780488,-0.5712
C0459,Lorenzo Solberg,R,House,NV,False,107,0.32710280373831774,0.6951
C0460,Walker Winterbourne,I,House,NV,False,166,0.030120481927710843,-0.0412
C0461,Russell Vandermeer,D,House,NV,True,137,0.43795620437956206,-0.7943
C0462,Nolan Vasquez-Reed,R,House,NV,False,69,0.36231884057971014,0.7699
C0463,Ulysses Ashford,D,House,NH,True,110,0.32727272727272727,-0.4453
C0464,Cormac Northcutt,R,House,NH,False,85,0.25882352941176473,0.5845
C0465,Flora Barrows,D,House,NH,False,131,0.5267175572519084,-0.3233
C0466,Gideon Falkner,R,House,NH,True,163,0.2392638036809816,0.8498
C0467,Omar Oglesby,D,House,NJ,False,103,0.0970873786407767,-0.4654
C0468,Tamika Bramble,R,House,NJ,True,194,0.0979381443298969,0.6186
C0469,Nadia Okafor,D,House,NJ,True,91,0.34065934065934067,-0.6403
C0470,Ximena Renwick,R,House,NJ,False,76,0.17105263157894737,0.9048
C0471,Vivienne Barrows,D,House,NJ,True,186,0.053763440860215055,-0.7742
C0472,Jocelyn Eastwood,R,House,NJ,False,168,0.30357142857142855,0.5277
C0473,Lavinia Ellingson,D,House,NJ,True,303,0.10561056105610561,-0.4065
C0474,Renata Kowalczyk,R,House,NJ,False,17,0.4117647058823529,0.3492
C0475,Kendall Quimby,D,House,NJ,False,84,0.4166666666666667,-0.5949
C0476,Osric Calloway,R,House,NJ,False,75,0.25333333333333335,0.2094
C0477,Jordan Zielinski,D,House,NJ,False,94,0.23404255319148937,-0.8365
C0478,Kendall Crowder,R,House,NJ,True,121,0.18181818181818182,0.7633
C0479,Nadia Zielinski,D,House,NJ,False,134,0.4626865671641791,-0.723
C0480,Lorenzo Ivester,R,House,NJ,False,87,0.11494252873563218,0.959
C0481,Pete Lindqvist,D,House,NJ,False,120,0.058333333333333334,-0.5807
C0482,Silas Okafor,R,House,NJ,False,118,0.3983050847457627,0.3253
C0483,York Tunstall,D,House,NJ,True,46,0.021739130434782608,-0.6662
C0484,Ramona Lockhart,R,House,NJ,False,77,0.5454545454545454,0.5877
C0485,Zelda Crowder,D,House,NJ,True,284,0.2147887323943662,-0.8585
C0486,Noemi Ivester,R,House,NJ,False,77,0.1038961038961039,0.4448
C0487,Noemi Ravenscroft,D,House,NJ,True,92,0.2826086956521739,-0.3749
C0488,Simone Rutledge,R,House,NJ,False,111,0.1891891891891892,0.7845
C0489,Harlan Nakamura,D,House,NJ,False,102,0.06862745098039216,-0.7112
C0490,Quincy Northcutt,R,House,NJ,False,183,0.45901639344262296,0.6051
C0491,Nolan Villanueva,D,House,NM,False,70,0.2,-0.089
C0492,Flora Dunmore,R,House,NM,True,258,0.3875968992248062,0.4813
C0493,Pete Barrows,D,House,NM,False,45,0.4888888888888889,-0.779
C0494,Ramona Eastwood,R,House,NM,True,69,0.10144927536231885,0.4554
C0495,Harlan Ibarra,D,House,NM,False,194,0.5103092783505154,-0.6256
C0496,Ignatius Sandoval,R,House,NM,True,95,0.17894736842105263,0.6166
C0497,Zelda Nakamura,I,House,NM,False,131,0.25190839694656486,0.3014
C0498,Anders Abernathy,D,House,NY,False,142,0.11267605633802817,-0.3476
C0499,Wendell Bickford,D,House,NY,True,312,0.2916666666666667,-0.6986
C0500,Paloma Kowalczyk,R,House,NY,False,109,0.1834862385321101,0.5091
C0501,Junia Quimby,D,House,NY,True,116,0.6982758620689655,-0.7689
C0502,York Jankowski,R,House,NY,False,210,0.3380952380952381,0.6823
C0503,Colton Jessup,R,House,NY,True,96,0.1875,0.6981
C0504,Elena Meriwether,D,House,NY,False,55,0.43636363636363634,-0.6739
C0505,Ignatius Solberg,R,House,NY,True,156,0.1282051282051282,0.8507
C0506,Opal Thackeray,I,House,NY,False,163,0.13496932515337423,-0.7381
C0507,Harlan Lockhart,D,House,NY,False,28,0.17857142857142858,-0.9245
C0508,Petra Meriwether,R,House,NY,True,97,0.09278350515463918,0.9237
C0509,Deshawn Lockhart,D,House,NY,True,66,0.10606060606060606,-0.4904
C0510,Celeste Fairbanks,R,House,NY,False,62,0.27419354838709675,0.445
C0511,Farrah Thackeray,D,House,NY,False,299,0.28762541806020064,-0.8767
C0512,Quentin Yancey,R,House,NY,False,139,0.2805755395683453,0.4268
C0513,Tamika Bickford,D,House,NY,False,39,0.20512820512820512,-0.8252
C0514,Nadia Lindqvist,R,House,NY,True,110,0.2,0.3523
C0515,York Bramble,D,House,NY,True,46,0.391304347826087,-0.7232
C0516,Osric Tunstall,R,House,NY,False,71,0.07042253521126761,0.5161
C0517,Lucille Underhill,D,House,NY,False,108,0.4444444444444444,-0.5968
C0518,Quincy Sandoval,R,House,NY,True,229,0.1091703056768559,0.5514
C0519,Renata Ibarra,D,House,NY,False,90,0.2111111111111111,-0.257
C0520,Marisol Yarborough,R,House,NY,False,135,0.2740740740740741,0.6998
C0521,Ingrid Crowder,D,House,NY,True,136,0.0661764705882353,-0.728
C0522,Zelda Thackeray,R,House,NY,False,133,0.2932330827067669,0.7637
C0523,Sterling Whitlock,D,House,NY,False,68,0.4117647058823529,-0.464
C0524,Ignatius Lindqvist,R,House,NY,True,81,0.08641975308641975,0.5408
C0525,Paloma Goodwin,D,House,NY,False,43,0.3488372093023256,-0.8793
C0526,Zelda Jankowski,R,House,NY,True,143,0.1958041958041958,0.662
C0527,Sterling Nakamura,D,House,NY,False,206,0.07766990291262135,-0.7212
C0528,Tallulah Jessup,R,House,NY,True,70,0.3142857142857143,0.451
C0529,Gustavo Umbridge,D,House,NY,False,94,0.031914893617021274,-0.7234
C0530,Gideon Yarborough,R,House,NY,True,159,0.12578616352201258,0.394
C0531,Petra Yancey,D,House,NY,True,87,0.1839080459770115,-0.7305
C0532,Emmett Solberg,R,House,NY,False,37,0.6486486486486487,0.725
C0533,Pete Dunmore,D,House,NY,False,263,0.2889733840304182,-1.0
C0534,Vera Falkner,R,House,NY,False,189,0.5238095238095238,0.688
C0535,Elena Bramble,D,House,NY,True,123,0.24390243902439024,-0.8418
C0536,Ulysses Ostrander,R,House,NY,False,124,0.1693548387096774,1.0
C0537,Henrietta Lockhart,D,House,NY,False,80,0.0625,-0.6067
C0538,Ximena Bramble,R,House,NY,True,33,0.030303030303030304,0.4234
C0539,Russell Okafor,D,House,NY,False,75,0.14666666666666667,-1.0
C0540,Cassidy Alcott,R,House,NY,True,71,0.352112676056338,0.5991
C0541,Omar Xiong,D,House,NY,False,158,0.26582278481012656,-0.658
C0542,Uriel Falkner,R,House,NY,True,114,0.47368421052631576,0.3602
C0543,Flora Tunstall,D,House,NY,True,48,0.375,-0.425
C0544,Ivan Pemberton,R,House,NY,False,48,0.22916666666666666,0.7029
C0545,Ezra Tunstall,D,House,NY,True,48,0.10416666666666667,-1.0
C0546,Deshawn Kettering,R,House,NY,False,152,0.013157894736842105,0.2372
C0547,Celeste Holloway,D,House,NY,False,100,0.28,-0.888
C0548,Gustavo Underhill,R,House,NY,True,130,0.16923076923076924,0.5027
C0549,Petra Ibarra,D,House,NC,True,59,0.3559322033898305,-0.655
C0550,Marisol Holloway,R,House,NC,False,141,0.3120567375886525,0.0855
C0551,Jocelyn Abernathy,D,House,NC,False,281,0.24199288256227758,-0.7042
C0552,Elena Winterbourne,R,House,NC,False,40,0.45,1.0
C0553,Gideon Thackeray,R,House,NC,True,78,0.1794871794871795,0.6033
C0554,Tobias Ostrander,D,House,NC,False,251,0.2749003984063745,-0.8462
C0555,Henrietta Xiong,R,House,NC,False,116,0.04310344827586207,0.6799
C0556,Bettina Falkner,D,House,NC,True,121,0.2892561983471074,-0.208
C0557,Celeste Oglesby,R,House,NC,False,39,0.07692307692307693,0.5358
C0558,Celeste Meriwether,D,House,NC,False,80,0.3375,-0.7306
C0559,Hattie Yarborough,R,House,NC,True,89,0.2247191011235955,0.9258
C0560,Colton Kettering,D,House,NC,False,212,0.30660377358490565,-0.819
C0561,Renata Yancey,R,House,NC,False,111,0.38738738738738737,0.4092
C0562,Sterling Ravenscroft,R,House,NC,True,286,0.14685314685314685,0.5344
C0563,Ivan Winterbourne,D,House,NC,False,230,0.26521739130434785,-0.6609
C0564,Farrah Pemberton,R,House,NC,False,71,0.23943661971830985,0.8469
C0565,Henrietta Jankowski,D,House,NC,True,83,0.13253012048192772,-0.816
C0566,Rosalind Villanueva,R,House,NC,False,97,0.17525773195876287,0.1705
C0567,Maeve Villanueva,D,House,NC,False,177,0.011299435028248588,-0.5143
C0568,Walker Oglesby,R,House,NC,False,41,0.14634146341463414,0.3986
C0569,Elena Ashford,D,House,NC,False,185,0.24864864864864866,-0.416
C0570,Bettina Zielinski,R,House,NC,True,37,0.1891891891891892,0.4556
C0571,Ivan Barrows,D,House,NC,True,107,0.056074766355140186,-0.5327
C0572,Noemi Dunmore,R,House,NC,False,147,0.2108843537414966,0.3492
C0573,Henrietta Whitlock,D,House,ND,False,116,0.21551724137931033,-0.8429
C0574,Ulysses Rutledge,R,House,ND,True,159,0.4779874213836478,0.5758
C0575,Vivienne Prescott,D,House,OH,True,72,0.2638888888888889,-1.0
C0576,Nolan Dunmore,R,House,OH,False,297,0.5387205387205387,0.6452
C0577,Cassidy Goodwin,D,House,OH,False,137,0.08759124087591241,-0.6921
C0578,Anders Meriwether,R,House,OH,True,80,0.15,0.9096
C0579,Bettina Thackeray,D,House,OH,True,73,0.4246575342465753,-0.5645
C0580,Colton Jankowski,R,House,OH,False,64,0.046875,0.4696
C0581,Farrah Jankowski,D,House,OH,True,97,0.17525773195876287,-0.7214
C0582,Celeste Xiong,R,House,OH,False,78,0.5769230769230769,0.5018
C0583,Silas Rutledge,D,House,OH,True,80,0.1125,-0.7266
C0584,Anders Tremblay,R,House,OH,False,68,0.27941176470588236,1.0
C0585,Renata Jessup,D,House,OH,False,125,0.368,-0.2222
C0586,Rosalind Falkner,R,House,OH,False,37,0.24324324324324326,0.568
C0587,Deshawn Solberg,D,House,OH,False,151,0.2847682119205298,-0.3011
C0588,Marisol Xiong,R,House,OH,True,177,0.5254237288135594,0.3074
C0589,Quentin Rutledge,D,House,OH,False,43,0.16279069767441862,-0.6102
C0590,Wendell Ravenscroft,R,House,OH,True,132,0.03787878787878788,0.1728
C0591,Petra Oglesby,D,House,OH,False,52,0.15384615384615385,-1.0
C0592,Nolan Holloway,R,House,OH,True,87,0.27586206896551724,0.7028
C0593,Gustavo Goodwin,I,House,OH,False,118,0.576271186440678,0.6635
C0594,Lucille Yarborough,D,House,OH,False,108,0.3333333333333333,-0.6249
C0595,Thea Wexford,R,House,OH,True,41,0.0975609756097561,0.6339
C0596,Anders Tunstall,D,House,OH,False,140,0.2357142857142857,-0.5742
C0597,Renata Palafox,R,House,OH,True,25,0.52,0.1178
C0598,Emmett Ravenscroft,D,House,OH,False,37,0.21621621621621623,-0.5595
C0599,Lavinia Kowalczyk,R,House,OH,True,40,0.475,0.8036
C0600,Simone Whitlock,D,House,OH,False,151,0.271523178807947,-0.8472
C0601,Elena Oglesby,R,House,OH,False,57,0.22807017543859648,0.648
C0602,Nolan Northcutt,D,House,OH,True,90,0.16666666666666666,-0.7227
C0603,Ingrid Alcott,R,House,OH,False,62,0.14516129032258066,0.9772
C0604,Tallulah Whitlock,D,House,OH,True,41,0.17073170731707318,-0.3254
C0605,Kendall Rutledge,R,House,OH,False,92,0.13043478260869565,0.555
C0606,Silas Calloway,I,House,OH,False,54,0.3888888888888889,-0.7804
C0607,Kendall Underhill,D,House,OK,True,142,0.13380281690140844,-0.459
C0608,Quentin Ravenscroft,R,House,OK,False,211,0.061611374407582936,0.5422
C0609,Ulysses Zielinski,R,House,OK,True,101,0.22772277227722773,0.3512
C0610,Emmett Sandoval,D,House,OK,True,53,0.4339622641509434,-0.5322
C0611,Henrietta Barrows,R,House,OK,False,179,0.33519553072625696,0.4077
C0612,Wendell Ivester,D,House,OK,False,165,0.21818181818181817,-0.3531
C0613,Opal Sandoval,R,House,OK,True,52,0.38461538461538464,0.5921
C0614,Lavinia Solberg,D,House,OK,False,191,0.18848167539267016,-1.0
C0615,Lavinia Goodwin,R,House,OK,False,69,0.4492753623188406,0.6324
C0616,Dexter Jessup,D,House,OR,True,116,0.13793103448275862,-0.921
C0617,Avery Rutledge,R,House,OR,False,120,0.3,0.6332
C0618,Emmett Quimby,D,House,OR,False,87,0.022988505747126436,-0.6521
C0619,Junia Lindqvist,R,House,OR,True,198,0.3333333333333333,0.7654
C0620,Paloma Stanfield,D,House,OR,False,83,0.0963855421686747,-0.3022
C0621,Nolan Delacroix,R,House,OR,False,88,0.4659090909090909,0.0485
C0622,Grant Sandoval,R,House,OR,True,105,0.3333333333333333,0.8688
C0623,Marcus Ravenscroft,D,House,OR,True,88,0.125,-0.4464
C0624,Lavinia Xiong,R,House,OR,False,25,0.56,0.5484
C0625,York Holloway,D,House,OR,False,92,0.3695652173913043,-0.8234
C0626,Renata Okafor,R,House,OR,True,150,0.14666666666666667,0.3582
C0627,Ingrid Jessup,R,House,PA,True,88,0.2159090909090909,0.3715
C0628,Tallulah Vandermeer,D,House,PA,False,92,0.358695652173913,-0.7642
C0629,Mordecai Falkner,R,House,PA,True,69,0.2898550724637681,0.6097
C0630,Nadia Wexford,D,House,PA,False,67,0.5970149253731343,-0.6054
C0631,Tallulah Calloway,R,House,PA,True,141,0.40425531914893614,0.7
C0632,Jordan Okafor,D,House,PA,False,50,0.2,-0.5568
C0633,Silas Ravenscroft,R,House,PA,True,138,0.2608695652173913,0.5591
C0634,Lorenzo Stanfield,D,House,PA,True,105,0.5619047619047619,-0.8297
C0635,Anders Lockhart,R,House,PA,False,149,0.28859060402684567,0.8554
C0636,Dexter Palafox,D,House,PA,True,129,0.13178294573643412,-0.9108
C0637,Opal Zielinski,R,House,PA,False,148,0.0945945945945946,0.5197
C0638,Deshawn Umbridge,I,House,PA,False,112,0.3482142857142857,0.131
C0639,Gideon Lockhart,D,House,PA,True,96,0.3854166666666667,-0.2685
C0640,Farrah Vasquez-Reed,R,House,PA,False,94,0.43617021276595747,0.1442
C0641,Simone Goodwin,R,House,PA,True,95,0.05263157894736842,0.6362
C0642,Priya Oglesby,D,House,PA,True,66,0.19696969696969696,-0.3473
C0643,Tamika Hargrove,R,House,PA,False,92,0.3804347826086957,0.2211
C0644,Lavinia Vandermeer,D,House,PA,True,98,0.14285714285714285,-0.6128
C0645,Marcus Oglesby,R,House,PA,False,90,0.15555555555555556,0.954
C0646,Lorenzo Palafox,D,House,PA,False,42,0.023809523809523808,-0.0892
C0647,Deshawn Yancey,R,House,PA,True,59,0.7457627118644068,0.9819
C0648,Anders Palafox,D,House,PA,False,103,0.17475728155339806,-0.3938
C0649,Farrah Sandoval,R,House,PA,True,123,0.3902439024390244,0.6728
C0650,Kip Solberg,D,House,PA,False,109,0.1743119266055046,-0.4315
C0651,Avery Solberg,R,House,PA,True,55,0.509090909090909,0.5089
C0652,Grant Ivester,D,House,PA,False,348,0.3505747126436782,-0.5896
C0653,Pete Umbridge,R,House,PA,False,51,0.27450980392156865,0.5323
C0654,Deshawn Tremblay,D,House,PA,False,48,0.22916666666666666,-0.3697
C0655,Ignatius Ravenscroft,R,House,PA,True,193,0.5854922279792746,0.5139
C0656,Grant Ibarra,D,House,PA,True,96,0.041666666666666664,-0.3733
C0657,Maeve Hargrove,R,House,PA,False,145,0.2689655172413793,0.7277
C0658,Avery Pemberton,D,House,PA,True,83,0.2891566265060241,-1.0
C0659,Farrah Tunstall,D,House,RI,False,33,0.15151515151515152,-0.9976
C0660,Nadia Holloway,R,House,RI,False,171,0.2573099415204678,0.5585
C0661,Dexter Dunmore,R,House,RI,True,135,0.16296296296296298,0.9196
C0662,Colton Vasquez-Reed,D,House,SC,False,143,0.11888111888111888,-1.0
C0663,Tamika Nakamura,R,House,SC,False,236,0.4322033898305085,0.232
C0664,Flora Thackeray,R,House,SC,False,86,0.13953488372093023,0.7551
C0665,Quincy Abernathy,D,House,SC,False,83,0.25301204819277107,-0.845
C0666,Boyd Marchetti,R,House,SC,False,101,0.16831683168316833,0.2484
C0667,Mordecai Nakamura,D,House,SC,True,76,0.40789473684210525,-0.863
C0668,Lucille Eastwood,R,House,SC,False,149,0.1342281879194631,0.5479
C0669,Sterling Ellingson,I,House,SC,False,97,0.030927835051546393,-0.39
C0670,Ramona Marchetti,D,House,SC,False,76,0.11842105263157894,-0.6671
C0671,Emmett Jankowski,R,House,SC,True,199,0.27638190954773867,0.8909
C0672,Boyd Thackeray,D,House,SC,False,30,0.3333333333333333,-0.582
C0673,Paloma Oglesby,R,House,SC,True,136,0.3602941176470588,0.558
C0674,Yolanda Tremblay,I,House,SC,False,106,0.27358490566037735,0.4401
C0675,Tobias Winterbourne,D,House,SC,False,91,0.17582417582417584,-0.303
C0676,Petra Tremblay,R,House,SC,True,183,0.09289617486338798,0.5801
C0677,Boyd Zielinski,D,House,SD,False,293,0.04436860068259386,-0.7698
C0678,Ignatius Vasquez-Reed,R,House,SD,False,150,0.08666666666666667,0.5894
C0679,Ximena Vandermeer,D,House,TN,False,298,0.21140939597315436,-0.781
C0680,Ignatius Tunstall,R,House,TN,False,40,0.15,0.5458
C0681,Paloma Villanueva,D,House,TN,True,124,0.23387096774193547,-0.7093
C0682,Yolanda Calloway,R,House,TN,False,106,0.27358490566037735,0.47
C0683,Maeve Solberg,D,House,TN,False,106,0.20754716981132076,-0.7705
C0684,Harlan Umbridge,R,House,TN,True,205,0.16585365853658537,0.5631
C0685,Lorenzo Granger,I,House,TN,False,138,0.4492753623188406,0.1351
C0686,Thea Prescott,D,House,TN,False,134,0.23134328358208955,-0.4482
C0687,Opal Ibarra,R,House,TN,True,113,0.4336283185840708,0.7788
C0688,Jordan Winterbourne,D,House,TN,True,141,0.2624113475177305,-0.6176
C0689,Renata Zablocki,R,House,TN,False,123,0.2032520325203252,0.5893
C0690,Grant Jessup,D,House,TN,True,144,0.2777777777777778,-0.6238
C0691,Vivienne Winterbourne,R,House,TN,False,38,0.21052631578947367,1.0
C0692,Maeve Northcutt,D,House,TN,False,41,0.07317073170731707,-0.5912
C0693,Lavinia Palafox,R,House,TN,True,75,0.22666666666666666,0.0892
C0694,Ingrid Ellingson,D,House,TN,False,65,0.07692307692307693,-0.5282
C0695,Nadia Sandoval,R,House,TN,True,124,0.5161290322580645,0.4281
C0696,Vivienne Lindqvist,D,House,TN,True,50,0.5,-0.5891
C0697,Omar Ellingson,R,House,TN,False,189,0.328042328042328,0.2459
C0698,Yolanda Lockhart,D,House,TX,True,104,0.25,-0.4117
C0699,Sterling Crowder,R,House,TX,False,121,0.30578512396694213,0.7629
C0700,Renata Alcott,D,House,TX,False,147,0.1564625850340136,-1.0
C0701,Zelda Ashford,R,House,TX,True,83,0.2891566265060241,0.803
C0702,Uriel Goodwin,D,House,TX,False,73,0.1232876712328767,-0.3278
C0703,Kendall Villanueva,R,House,TX,False,70,0.08571428571428572,0.7637
C0704,Ezra Vandermeer,D,House,TX,True,76,0.2236842105263158,-0.7234
C0705,Tobias Prescott,R,House,TX,False,175,0.21142857142857144,0.3437
C0706,Ezra Winterbourne,D,House,TX,False,99,0.23232323232323232,-0.7262
C0707,Pete Whitlock,R,House,TX,True,49,0.30612244897959184,0.4724
C0708,Thea Bickford,D,House,TX,True,73,0.5205479452054794,-0.8734
C0709,Wendell Renwick,R,House,TX,False,100,0.22,0.8889
C0710,Lavinia Lindqvist,D,House,TX,True,189,0.24338624338624337,-0.7556
C0711,Ivan Solberg,R,House,TX,False,118,0.13559322033898305,0.4358
C0712,Simone Pemberton,D,House,TX,False,121,0.17355371900826447,-0.5346
C0713,Omar Yancey,R,House,TX,True,70,0.18571428571428572,0.6325
C0714,Osric Underhill,D,House,TX,False,79,0.4050632911392405,-0.6093
C0715,Gustavo Palafox,R,House,TX,True,145,0.33793103448275863,0.5997
C0716,Zelda Ravenscroft,D,House,TX,True,56,0.03571428571428571,-0.4115
C0717,Zelda Holloway,R,House,TX,False,50,0.26,0.8848
C0718,Ulysses Umbridge,D,House,TX,True,30,0.4,-0.4545
C0719,Jordan Meriwether,D,House,TX,False,52,0.4423076923076923,-0.4667
C0720,Celeste Sandoval,R,House,TX,True,213,0.14553990610328638,0.3411
C0721,Marisol Thackeray,D,House,TX,False,148,0.36486486486486486,-0.8212
C0722,Opal Umbridge,R,House,TX,True,116,0.39655172413793105,0.4302
C0723,Marisol Crowder,D,House,TX,True,77,0.4675324675324675,-0.2092
C0724,Ingrid Winterbourne,R,House,TX,False,65,0.38461538461538464,0.6857
C0725,Yolanda Quimby,D,House,TX,True,98,0.5408163265306123,-0.5751
C0726,Gideon Fairbanks,R,House,TX,False,59,0.22033898305084745,0.1827
C0727,Jordan Dunmore,I,House,TX,False,160,0.175,0.4154
C0728,Kendall Kettering,D,House,TX,False,234,0.23504273504273504,-0.396
C0729,Tallulah Rutledge,R,House,TX,True,273,0.43956043956043955,0.632
C0730,Emmett Hargrove,D,House,TX,True,97,0.25773195876288657,-0.5206
C0731,Farrah Jessup,R,House,TX,False,218,0.013761467889908258,0.7182
C0732,Marisol Alcott,I,House,TX,False,32,0.46875,-0.6087
C0733,Nadia Umbridge,D,House,TX,False,127,0.2755905511811024,-0.5604
C0734,Maeve Calloway,R,House,TX,True,82,0.2804878048780488,0.4116
C0735,Deshawn Wexford,D,House,TX,False,100,0.2,-0.7407
C0736,Rosalind Northcutt,R,House,TX,False,75,0.41333333333333333,0.7329
C0737,Gideon Vandermeer,D,House,TX,False,87,0.12643678160919541,-0.9135
C0738,Ulysses Alcott,R,House,TX,True,148,0.5405405405405406,0.7979
C0739,Simone Quimby,R,House,TX,True,52,0.1346153846153846,0.4117
C0740,Lorenzo Bramble,D,House,TX,True,191,0.12041884816753927,-0.6186
C0741,Omar Stanfield,R,House,TX,False,237,0.11814345991561181,0.8157
C0742,Tamika Xiong,D,House,TX,False,80,0.675,-0.7952
C0743,Tamika Underhill,R,House,TX,True,112,0.36607142857142855,0.6083
C0744,Farrah Hargrove,R,House,TX,True,169,0.14201183431952663,0.3471
C0745,Emmett Umbridge,D,House,TX,False,143,0.0979020979020979,-0.3605
C0746,Vera Ivester,R,House,TX,False,65,0.24615384615384617,0.479
C0747,Boyd Renwick,D,House,TX,False,54,0.4444444444444444,-0.4106
C0748,Quincy Okafor,R,House,TX,True,108,0.32407407407407407,0.8113
C0749,Wendell Lindqvist,D,House,TX,False,84,0.4880952380952381,-0.5453
C0750,Vivienne Calloway,R,House,TX,False,186,0.1827956989247312,0.5198
C0751,Pete Ellingson,D,House,TX,False,50,0.46,-0.7408
C0752,Avery Ashford,R,House,TX,True,161,0.13043478260869565,0.7891
C0753,Mordecai Kettering,D,House,TX,True,57,0.17543859649122806,-0.4538
C0754,Marcus Stanfield,R,House,TX,False,74,0.2702702702702703,0.7232
C0755,Tobias Yarborough,D,House,TX,True,120,0.14166666666666666,-0.7385
C0756,Quentin Yarborough,R,House,TX,False,44,0.22727272727272727,0.5502
C0757,Ingrid Prescott,D,House,TX,False,99,0.2828282828282828,-0.4434
C0758,Elena Goodwin,R,House,TX,True,71,0.2676056338028169,0.5873
C0759,Tobias Crowder,R,House,TX,True,72,0.3472222222222222,1.0
C0760,Thea Okafor,D,House,TX,True,170,0.31176470588235294,-0.7114
C0761,Ramona Stanfield,R,House,TX,False,163,0.4294478527607362,0.3246
C0762,Petra Vandermeer,D,House,TX,False,139,0.14388489208633093,-0.8369
C0763,Lavinia Underhill,R,House,TX,True,133,0.15037593984962405,0.7894
C0764,Ingrid Abernathy,D,House,TX,True,284,0.20774647887323944,-0.3021
C0765,Renata Winterbourne,R,House,TX,False,86,0.47674418604651164,0.6707
C0766,Uriel Crowder,D,House,TX,True,123,0.4146341463414634,-0.5555
C0767,Gideon Dunmore,R,House,TX,False,110,0.09090909090909091,0.7743
C0768,Vera Fairbanks,D,House,TX,False,213,0.09389671361502347,-1.0
C0769,Avery Winterbourne,R,House,TX,True,176,0.20454545454545456,0.4087
C0770,Mordecai Ivester,D,House,TX,False,44,0.22727272727272727,-0.7154
C0771,Lavinia Oglesby,R,House,TX,True,73,0.2191780821917808,0.7901
C0772,Paloma Sandoval,D,House,UT,True,405,0.2691358024691358,-0.4652
C0773,Anders Solberg,R,House,UT,False,148,0.04054054054054054,0.7541
C0774,Gideon Crowder,R,House,UT,False,105,0.4,0.6059
C0775,Simone Yarborough,D,House,UT,True,186,0.13440860215053763,-0.7663
C0776,Wendell Abernathy,R,House,UT,False,53,0.3584905660377358,0.5047
C0777,Ramona Ostrander,D,House,UT,True,154,0.09090909090909091,-0.5277
C0778,Jordan Quintanilla,R,House,UT,False,125,0.128,0.5315
C0779,Quincy Tunstall,D,House,VT,True,263,0.1520912547528517,-0.1703
C0780,Vera Crowder,R,House,VT,False,159,0.2389937106918239,0.879
C0781,Mordecai Yancey,D,House,VA,False,75,0.41333333333333333,-0.4713
C0782,Hattie Umbridge,R,House,VA,True,97,0.27835051546391754,0.7879
C0783,Gideon Jankowski,D,House,VA,False,131,0.24427480916030533,-0.6728
C0784,Boyd Delacroix,R,House,VA,True,111,0.5045045045045045,0.8396
C0785,Cassidy Oglesby,D,House,VA,False,221,0.2669683257918552,-0.8254
C0786,Jordan Villanueva,R,House,VA,True,165,0.3575757575757576,0.3331
C0787,Nadia Eastwood,D,House,VA,True,67,0.23880597014925373,-0.5868
C0788,Opal Renwick,R,House,VA,False,80,0.2375,0.6351
C0789,Dexter Umbridge,D,House,VA,True,85,0.25882352941176473,-0.8721
C0790,Lucille Quintanilla,R,House,VA,False,89,0.3258426966292135,0.7343
C0791,Thea Bramble,D,House,VA,False,69,0.2318840579710145,-0.2884
C0792,Kip Winterbourne,R,House,VA,True,140,0.2642857142857143,0.5625
C0793,Noemi Quimby,D,House,VA,False,102,0.27450980392156865,-0.5896
C0794,York Fairbanks,R,House,VA,False,88,0.23863636363636365,0.2384
C0795,Uriel Tunstall,D,House,VA,False,70,0.07142857142857142,-0.6446
C0796,Simone Quintanilla,R,House,VA,False,106,0.32075471698113206,0.1026
C0797,Marisol Whitlock,D,House,VA,False,54,0.5740740740740741,-0.6798
C0798,Marisol Okafor,R,House,VA,True,24,0.041666666666666664,0.9657
C0799,Marisol Solberg,D,House,VA,True,143,0.08391608391608392,-0.3726
C0800,Quentin Ashford,R,House,VA,False,69,0.21739130434782608,0.3988
C0801,Grant Wexford,D,House,WA,True,228,0.22807017543859648,-0.1873
C0802,Ezra Marchetti,R,House,WA,False,85,0.011764705882352941,0.7026
C0803,Quentin Zablocki,D,House,WA,False,94,0.0425531914893617,-0.7065
C0804,Renata Wexford,R,House,WA,True,372,0.3333333333333333,0.7293
C0805,Anders Bramble,I,House,WA,False,44,0.38636363636363635,0.0777
C0806,Opal Quimby,D,House,WA,False,49,0.14285714285714285,-0.6811
C0807,Celeste Jankowski,R,House,WA,True,96,0.041666666666666664,1.0
C0808,Ivan Vandermeer,D,House,WA,False,93,0.3655913978494624,-0.6951
C0809,Lucille Kettering,R,House,WA,False,69,0.37681159420289856,1.0
C0810,Elena Yarborough,I,House,WA,False,50,0.1,-0.2999
C0811,Ivan Holloway,D,House,WA,False,165,0.4,-0.5308
C0812,Thea Quintanilla,D,House,WA,False,221,0.08144796380090498,-0.2969
C0813,Zelda Goodwin,R,House,WA,True,31,0.1935483870967742,0.3916
C0814,Lavinia Whitlock,I,House,WA,False,66,0.22727272727272727,0.0143
C0815,Tamika Winterbourne,D,House,WA,False,115,0.2956521739130435,-0.5948
C0816,Lavinia Alcott,R,House,WA,True,78,0.0,0.5673
C0817,Maeve Xiong,D,House,WA,True,363,0.09917355371900827,-0.4097
C0818,Petra Granger,D,House,WA,False,122,0.4344262295081967,-0.5917
C0819,Quentin Okafor,R,House,WA,True,65,0.09230769230769231,0.8285
C0820,Yolanda Lindqvist,D,House,WA,True,52,0.28846153846153844,-0.679
C0821,Colton Marchetti,R,House,WA,False,263,0.21673003802281368,0.7206
C0822,Quentin Kowalczyk,D,House,WV,True,63,0.31746031746031744,-0.9529
C0823,Yolanda Bramble,R,House,WV,False,249,0.5301204819277109,0.7173
C0824,Marcus Crowder,D,House,WV,False,107,0.14953271028037382,-0.2996
C0825,Zelda Falkner,R,House,WV,True,68,0.3235294117647059,0.8848
C0826,York Nakamura,D,House,WI,False,40,0.175,-0.3341
C0827,Quincy Palafox,R,House,WI,False,136,0.6544117647058824,0.6441
C0828,Priya Tunstall,D,House,WI,False,154,0.2597402597402597,-0.3115
C0829,Dexter Xiong,R,House,WI,True,117,0.23076923076923078,0.7791
C0830,Ezra Ostrander,D,House,WI,True,64,0.3125,-0.8242
C0831,York Vandermeer,D,House,WI,False,82,0.524390243902439,-0.5525
C0832,Kip Bramble,R,House,WI,True,109,0.027522935779816515,0.6486
C0833,Jordan Eastwood,D,House,WI,True,48,0.16666666666666666,-0.7364
C0834,Ramona Okafor,R,House,WI,False,58,0.2413793103448276,0.9413
C0835,Bettina Calloway,D,House,WI,False,59,0.6101694915254238,-0.3714
C0836,Delphine Eastwood,R,House,WI,False,226,0.41150442477876104,0.7004
C0837,Priya Northcutt,R,House,WI,True,172,0.22674418604651161,0.6683
C0838,Sterling Thackeray,D,House,WI,False,29,0.6206896551724138,-0.6395
C0839,Lucille Bickford,R,House,WI,True,88,0.5113636363636364,0.5577
C0840,Junia Goodwin,D,House,WY,False,53,0.660377358490566,-0.7188
C0841,Boyd Ivester,R,House,WY,False,292,0.0273972602739726,0.8313
C0842,Lucille Zablocki,D,Senate,AL,False,96,0.17708333333333334,-0.7601
C0843,Nolan Calloway,R,Senate,AL,True,48,0.1875,0.3674
C0844,Boyd Underhill,D,Senate,AK,True,133,0.24060150375939848,-0.8577
C0845,Boyd Barrows,R,Senate,AK,False,125,0.432,0.7197
C0846,Marisol Vandermeer,I,Senate,AK,False,140,0.42142857142857143,0.2321
C0847,Zelda Meriwether,D,Senate,AR,False,125,0.216,-0.8721
C0848,Kendall Ivester,R,Senate,AR,True,115,0.17391304347826086,0.8759
C0849,Simone Wexford,D,Senate,CO,True,72,0.09722222222222222,-0.4759
C0850,Kendall Prescott,R,Senate,CO,False,118,0.5,0.6837
C0851,Junia Jessup,D,Senate,DE,False,53,0.16981132075471697,-0.7511
C0852,Celeste Northcutt,R,Senate,DE,True,67,0.3283582089552239,0.5153
C0853,Marisol Pemberton,D,Senate,GA,False,76,0.14473684210526316,-0.6596
C0854,Nolan Kowalczyk,R,Senate,GA,False,74,0.22972972972972974,0.6321
C0855,Jordan Crowder,D,Senate,ID,False,59,0.22033898305084745,-0.504
C0856,Anders Holloway,R,Senate,ID,False,56,0.17857142857142858,0.9542
C0857,Avery Eastwood,D,Senate,IL,False,178,0.15168539325842698,-1.0
C0858,Emmett Goodwin,R,Senate,IL,True,63,0.25396825396825395,0.3585
C0859,Yolanda Tunstall,D,Senate,IA,True,100,0.39,-0.495
C0860,Marisol Kowalczyk,R,Senate,IA,False,139,0.1223021582733813,0.7594
C0861,Priya Marchetti,D,Senate,KS,False,191,0.08900523560209424,-0.7139
C0862,Uriel Ashford,R,Senate,KS,False,278,0.1223021582733813,0.306
C0863,Quincy Winterbourne,D,Senate,KY,False,70,0.05714285714285714,-0.5604
C0864,Silas Bramble,R,Senate,KY,False,159,0.13836477987421383,0.7232
C0865,Gustavo Oglesby,D,Senate,LA,True,419,0.4988066825775656,-0.4239
C0866,Lucille Barrows,R,Senate,LA,False,64,0.296875,0.5565
C0867,Junia Stanfield,D,Senate,ME,False,44,0.36363636363636365,-0.9242
C0868,Renata Pemberton,R,Senate,ME,True,65,0.6461538461538462,0.4421
C0869,Yolanda Fairbanks,D,Senate,MA,True,139,0.09352517985611511,-0.2
C0870,Henrietta Meriwether,R,Senate,MA,False,69,0.37681159420289856,0.5855
C0871,Marcus Ashford,D,Senate,MI,True,242,0.47520661157024796,-0.5984
C0872,Ivan Ellingson,R,Senate,MI,False,220,0.3409090909090909,0.5195
C0873,Walker Delacroix,D,Senate,MN,True,148,0.5,-0.4927
C0874,Lavinia Rutledge,R,Senate,MN,False,66,0.6060606060606061,0.7375
C0875,Uriel Ibarra,I,Senate,MN,False,49,0.061224489795918366,0.5187
C0876,Cormac Yarborough,D,Senate,MS,False,189,0.4021164021164021,-0.9556
C0877,Colton Nakamura,R,Senate,MS,False,42,0.5,0.6417
C0878,Anders Sandoval,D,Senate,MT,True,106,0.29245283018867924,-0.5984
C0879,Renata Ivester,R,Senate,MT,False,52,0.4230769230769231,0.5156
C0880,Simone Calloway,D,Senate,NE,False,223,0.08968609865470852,-0.8608
C0881,Gideon Umbridge,R,Senate,NE,False,100,0.14,0.3331
C0882,Grant Jankowski,D,Senate,NH,True,57,0.3508771929824561,-0.5866
C0883,Pete Northcutt,R,Senate,NH,False,94,0.20212765957446807,0.7649
C0884,Jocelyn Ostrander,D,Senate,NJ,True,187,0.2994652406417112,-0.819
C0885,Sterling Granger,R,Senate,NJ,False,155,0.05806451612903226,0.1365
C0886,Ramona Quintanilla,D,Senate,NM,True,55,0.2,-0.368
C0887,Lavinia Vasquez-Reed,R,Senate,NM,False,192,0.13541666666666666,0.4977
C0888,Thea Ivester,I,Senate,NM,False,73,0.3150684931506849,0.3843
C0889,Deshawn Eastwood,D,Senate,NC,False,132,0.29545454545454547,-0.7481
C0890,Colton Tunstall,R,Senate,NC,False,162,0.2839506172839506,0.5446
C0891,Omar Goodwin,D,Senate,OK,False,73,0.1506849315068493,-0.9309
C0892,Marisol Bickford,R,Senate,OK,False,129,0.3488372093023256,1.0
C0893,Harlan Delacroix,D,Senate,OR,False,64,0.28125,-0.4685
C0894,Nolan Winterbourne,R,Senate,OR,False,137,0.17518248175182483,0.6723
C0895,Omar Lockhart,D,Senate,RI,False,158,0.24050632911392406,-0.509
C0896,Anders Northcutt,R,Senate,RI,True,180,0.044444444444444446,0.6581
C0897,Tallulah Oglesby,D,Senate,SC,False,144,0.19444444444444445,-0.61
C0898,Kip Underhill,R,Senate,SC,False,59,0.2033898305084746,0.4236
C0899,Kendall Oglesby,D,Senate,SD,False,54,0.12962962962962962,-0.5328
C0900,Zelda Rutledge,R,Senate,SD,True,174,0.14367816091954022,0.4437
C0901,Cassidy Zablocki,D,Senate,TN,False,135,0.1037037037037037,-0.4681
C0902,Colton Quintanilla,R,Senate,TN,True,149,0.33557046979865773,0.6866
C0903,Ivan Kettering,D,Senate,TX,True,124,0.25,-0.0995
C0904,Delphine Vandermeer,R,Senate,TX,False,83,0.4819277108433735,0.7969
C0905,Opal Ashford,D,Senate,VA,True,85,0.3176470588235294,-0.6653
C0906,Wendell Falkner,R,Senate,VA,False,169,0.30177514792899407,0.3023
C0907,Vera Ostrander,D,Senate,WV,True,73,0.1232876712328767,-0.446
C0908,Celeste Prescott,R,Senate,WV,False,134,0.12686567164179105,1.0
C0909,Opal Kettering,D,Senate,WY,True,153,0.0915032679738562,-0.842
C0910,Tobias Vasquez-Reed,R,Senate,WY,False,89,0.42696629213483145,0.7366
